CHROM	POS	ID	REF	ALT	QUAL	FILTER	ALIGNED_POS	CLUSTERID	DETAILED_TYPE	END	HP	IMPRECISE	INSIDE_VNTR	INSIDE_WHITELIST	INSLEN	INSSEQ	LOW_COV_IN	MAPQ	MATE_ID	PHASESETID	PRECISE	STRANDS	SVLEN	SVTYPE	VCF_SAMPLE_ID	DR	DV	VAF	hVAF	GT
chr1	23272628	severus_BND90_1	N	N]chr5:52747359]	60.00	PASS	.	.	.	.	2	False	.	.	.	.	.	60	severus_BND90_2	23992706|53050792	True	++	.	BND	HG008-PB_tumor	25	26	0.51	0.0,0.0,0.68	0/1
chr1	71888206	severus_BND178_1	N	N[chr2:102295990[	60.00	PASS	.	severus_3	.	.	1	False	.	.	.	.	.	60	severus_BND178_2	72070013|102510231	True	-+	.	BND	HG008-PB_tumor	40	7	0.15	0.0,0.3,0.0	0/1
chr1	72195288	severus_DEL180	N	<DEL>	60.00	PASS	.	severus_3	.	72215499	.	False	.	.	.	.	.	60	.	.	True	+-	20211	DEL	HG008-PB_tumor	15	20	0.57	0.71,0.0,0.0	0/1
chr1	151220118	severus_DEL284	N	<DEL>	60.00	PASS	.	.	.	151220290	1	False	.	.	.	.	.	60	.	151447460|151447460	True	+-	172	DEL	HG008-PB_tumor	21	17	0.45	0.0,1.0,0.0	0/1
chr1	160367322	severus_DUP300	N	<DUP>	60.00	PASS	.	.	tandem_duplication	160693918	1	False	.	.	.	.	.	60	.	160448324|160764890	True	-+	326596	DUP	HG008-PB_tumor	57	26	0.31	0.0,0.54,0.0	0/1
chr1	224013772	severus_INS8653	N	TGGAATGGAATGGAATGGAATGGAATGGAATGAATGGAATGGAATGGAATGGAATGGAATGGAATGGAATGGAATGGAATGGAATGGAATGGAATGGAATGGAATGGAATGGAATGGAATGGAATGGAATGGAATGGAATGGAATGGAATGGAATGGAATGGAATGGAATGGAATGGAATGGAATGGAATGGAATGGAATGGAATGGAATGGAATGGAATGGAATGGAATGGAATGGAATGGAATGGAATGGAATGGAATGGAATGGAATGGAATGGAATGGAAGGAATGGAATGGAATGGAATGGAATGGAATGGAATGGAATGGAATGGAATGGAATGGAATGGAATGGAATGGAATGGAATGGAATGGAATGGAATGGAATGGAATGGAATGGAATGGAATGGAATGGAATGGAATGGAATGGAATGGAATGGAATGGAATGGAATGGAATGGAATGGAATGGAATGGAATGGAAGGAATGGAATGGAATGGAATGGAATGGAATGGAATGGAATGGAATGGAATGGAATGGAATGGAATGGAATGGAATGGAATGGAATGGAATGGAATGGAATGGAATGGAATGGAATGGAATGGAATGGGAATGGAATGGAATGGAATGGAATGGAATGGAATGGAATGGAATGGAATGGAATGGAATGGAATGGAATGGAATGGAATGGAATGGAATGGAATGGAATGGAATGGAATGGAATGGAATGGAATGGAATGGAATGGAATGGAATGGAATGGAATGGAATGGAATGGAATGGAATGGAATGGAATGGAATGGAATGGAATGGAATGGAATGGAATGGAATGGAATGGAATGGAATGGAATGGAATGGAATGGAATGGAATGGAATGGAATGAAGGAATGGAATGGAATGGAATGGAATGGAATGGAATGGAATGGAATGGAATGGAATGGAATGGAATGGAATGGAATGGAATGGAATGGAATGGAATGGAATGGAATGGAATGGAATGGAATGGAATGGAATGGAATGGAATGGAATGGAATGGAATGGAATGGAATGGAATGGAATGGAATGGAATGGAATGGAATGGAATGGAATGGAATGGAATGGAATGGAATGGAATGGAATGGAATGGAATGGAATGGAGATGGAATGGAATGGAATGGAATGGAATGGAATGGAATGGAATGGAATGGAATGGAATGGAATGGAATGGAATGGAATGGAATGGAATGGAATGGAATGGAATGGAATGGAATGGAATGGAATGGAATGGAATGGAATGGAATGGAATGGAATGGAATGGAATGGAATGGAATGGAATGATGGACTGGGAATGGAATGGAATGGAATGGAATGAATGATGAATGGAATGGAATGGAATGGAATGGAATGGAATGGAATGGAATGGAATGGATGGAATGGAATGGAATGGAATGGAATGGAATGGATGGAATGGAATGGAATGGAATGGAATGGAATGGAATGGAATGGAATGGAATGGAATGGAATGGAATGGAATGGAATGGAATGGATGGAATGGAATGGAAGGGAATGGAATGGAATGGAATGGAATGAATGGAATGGAATGGAATGGAATGGAATGGAATGGAATGGAATGGAATGGAATGGAATGGAATGGAATGGAATGGATGGAATGGAATGGAATGGAATGGAATGGAATGGATGGAATGGAATGGAATGGAATGGAATGGAATGGAATGGAATGGATGGAATGGAGAATGGAATGGAATGGAATGGAATGGAATGGAATGGAAGGAATGGAATGGAATGGAATGGAAGGAATGGAATGGAATGGAATGGAATGGAATGGAATGGAATGGAATGGAATGGAATGGAATGGAATGGAATGGAATGGAATGGAATGGAATGGATGGAATGGAATGGAATGGAATGGAATGGAATGGATGGAATGGAATGGAATGGAATGGAATGGAATGGAATGGAATGGAATGGAATGGAATGGAATGGAATGGAATGGAATGGAATGGAATGGAATGGAATGAATGGAATGGAATGAATGGAATGGAATGGAATGGAATGGAATGGAATGGAATGGAATGGAATGGAATGGAATGGAATGGAATGGAATGGAATGGAATGGAATGAATGGAATGGAATGGAATGGAATGGAATGGAATGGAATGGAATGGAATGGAATGGAATGGAATGGAATGGAATGGAATGGAATGGAATGGAATGGATGGAATGGAATGGAATGGAATGGAATGGAATGAATGGAATGGAATGGAATGGAATGGAATGGAATGGAATGGAATGGAATGGAATGGAATGGAATGGAATGGAATGGAATGGAATGGAATGAATGGAATGGAATGGAATGGAATGGAATGGAATGGAATGGAATGGAGATGGAATGGAATGGAATGGAATGGAATGGAATGGAATGGAATGGACTCGAATGGAATGGAATGGAC	60.00	PASS	.	.	.	.	2	False	TRUE	.	.	.	.	60	.	224614936|224614936	True	.	2444	INS	HG008-PB_tumor	47	9	0.16	0.0,0.0,0.75	0/1
chr1	225835501	severus_DUP435	N	<DUP>	60.00	PASS	.	.	tandem_duplication	225931138	0	False	.	.	.	.	.	60	.	227468367|227468367	True	-+	95637	DUP	HG008-PB_tumor	36	6	0.14	0.35,0.0,0.0	0/1
chr2	39789308	severus_DEL3524	N	<DEL>	60.00	PASS	.	.	.	39789396	1	False	.	.	.	.	.	60	.	39935667|39935667	True	+-	88	DEL	HG008-PB_tumor	34	32	0.48	0.0,0.97,0.0	0/1
chr2	49580425	severus_DUP3548	N	<DUP>	60.00	PASS	.	.	tandem_duplication	49682225	1	False	.	.	.	.	.	60	.	51412251|51412251	True	-+	101800	DUP	HG008-PB_tumor	49	27	0.36	0.0,0.51,0.0	0/1
chr2	80401504	severus_BND3593_1	N	[chr2:80401783[N	60.00	PASS	.	.	.	.	1	False	.	.	.	.	.	60	severus_BND3593_2	80413052|80413052	True	--	279	BND	HG008-PB_tumor	48	23	0.32	0.0,0.88,0.0	0/1
chr2	80401783	severus_BND3593_2	N	[chr2:80401504[N	60.00	PASS	.	.	.	.	1	False	.	.	.	.	.	60	severus_BND3593_1	80413052|80413052	True	--	279	BND	HG008-PB_tumor	48	23	0.32	0.0,0.88,0.0	0/1
chr2	82711542	severus_BND4083_2	N	N]chr20:38430138]	60.00	PASS	.	severus_4	inv_tra	.	1	False	.	.	.	.	.	60	severus_BND4083_1	39861942|83316279	True	++	.	BND	HG008-PB_tumor	66	23	0.26	0.56,0.0,0.0	0/1
chr2	89324416	severus_BND7757_2	N	]chrX:8495890]N	51.00	PASS	.	.	.	.	2	False	.	.	.	.	.	51	severus_BND7757_1	9015332|89531263	True	-+	.	BND	HG008-PB_tumor	43	15	0.26	0.0,0.0,0.62	0/1
chr2	102295990	severus_BND178_2	N	]chr1:71888206]N	60.00	PASS	.	severus_3	.	.	2	False	.	.	.	.	.	60	severus_BND178_1	72070013|102510231	True	-+	.	BND	HG008-PB_tumor	40	7	0.15	0.0,0.3,0.0	0/1
chr2	128153403	severus_DUP3699	N	<DUP>	60.00	PASS	.	.	tandem_duplication	128332891	1	False	.	.	.	.	.	60	.	128489726|128489726	True	-+	179488	DUP	HG008-PB_tumor	41	20	0.33	0.0,0.43,0.0	0/1
chr2	148633969	severus_DEL3738	N	<DEL>	60.00	PASS	.	.	.	148634112	2	False	.	.	.	.	.	60	.	148642491|148642491	True	+-	143	DEL	HG008-PB_tumor	10	28	0.74	0.0,0.0,1.0	0/1
chr2	169938668	severus_DUP3786	N	<DUP>	60.00	PASS	.	.	tandem_duplication	170030761	1	False	.	.	.	.	.	60	.	170199616|170199616	True	-+	92093	DUP	HG008-PB_tumor	54	27	0.33	0.0,0.42,0.0	0/1
chr2	177267321	severus_DUP3798	N	<DUP>	60.00	PASS	.	.	tandem_duplication	177377635	2	False	.	.	.	.	.	60	.	177343779|177830208	True	-+	110314	DUP	HG008-PB_tumor	36	11	0.23	0.0,0.0,0.46	0/1
chr2	219159513	severus_DEL3885	N	<DEL>	60.00	PASS	.	.	.	219159589	1	False	TRUE	.	.	.	.	60	.	219256376|219256376	True	+-	76	DEL	HG008-PB_tumor	21	13	0.38	0.0,0.93,0.0	0/1
chr2	239599317	severus_INS13648	N	TTTTTTTTTTTTTTTTTTTTTTTTTTTTTTTTTTTTTTTTTTTTTTTTTTTTTTTTTTTTTTTTTTTTTTTTTTTTTTTTTTTTTTTTTTTTTTTTTTTTTTTAAAGATATTAAAGTCTTTATTTGCCCCCCCCCCATTTTTATTTTCAGTAATACAGGGTAAAATGAGTAGGATTACTTGATCTGGCCATCTATGGCCATTTTATGGAATGACAAACTAAGTTCAATACTGATAGAGTTGTATTCTGTGTATACATATAATAGAGTATATACTGTGTGTATAAAAAATTCAAGCATATGGAAAAACTTATTTAATCCAGTAATAAACCTTTATATTTTCTCATCAGTTTAATAATAACATTTTTTGCCAGTAATTGGGTA	60.00	PASS	.	.	.	.	1	False	.	.	.	.	.	60	.	239977596|239977596	True	.	320	INS	HG008-PB_tumor	34	7	0.17	0.0,0.78,0.0	0/1
chr3	63198641	severus_DEL4640	N	<DEL>	60.00	PASS	.	.	.	63198691	1	False	TRUE	.	.	.	.	60	.	63476321|63476321	True	+-	50	DEL	HG008-PB_tumor	25	3	0.11	0.0,0.11,0.0	0/1
chr3	71773144	severus_DUP4651	N	<DUP>	60.00	PASS	.	.	tandem_duplication	71876868	2	False	.	.	.	.	.	60	.	71889032|71889032	True	-+	103724	DUP	HG008-PB_tumor	33	32	0.49	0.0,0.0,0.6	0/1
chr3	101703348	severus_DEL4709	N	<DEL>	60.00	PASS	.	.	.	101706538	2	False	.	.	.	.	.	60	.	101865625|101865625	True	+-	3190	DEL	HG008-PB_tumor	24	28	0.54	0.0,0.0,1.0	0/1
chr3	139976415	severus_BND1897_2	N	N]chr13:114353244]	60.00	PASS	.	severus_5	.	.	1	False	.	.	.	.	.	60	severus_BND1897_1	0|140006308	True	++	.	BND	HG008-PB_tumor	28	33	0.54	0.0,0.0,1.0	0/1
chr3	139998693	severus_BND4789_1	N	[chr3:193903982[N	60.00	PASS	.	severus_5	.	.	2	False	.	.	.	.	.	60	severus_BND4789_2	140006308|193980627	True	--	53905289	BND	HG008-PB_tumor	24	27	0.53	0.0,0.0,1.0	0/1
chr3	182470122	severus_DUP4875	N	<DUP>	60.00	PASS	.	.	tandem_duplication	183895293	2	False	.	.	.	.	.	60	.	182533974|184092882	True	-+	1425171	DUP	HG008-PB_tumor	59	26	0.31	0.0,0.0,0.49	0/1
chr3	184714593	severus_BND4881_1	N	N]chr3:184716952]	60.00	PASS	.	severus_2	reciprocal_inv_del	.	0	False	.	.	.	.	.	60	severus_BND4881_2	184742153|184742153	True	++	2359	BND	HG008-PB_tumor	31	25	0.45	0.47,0.0,0.06	0/1
chr3	184714600	severus_BND4882_1	N	[chr3:184717314[N	60.00	PASS	.	severus_2	reciprocal_inv_del	.	.	False	.	.	.	.	.	60	severus_BND4882_2	.	True	--	2714	BND	HG008-PB_tumor	27	25	0.48	0.51,0.0,0.0	0/1
chr3	184716952	severus_BND4881_2	N	N]chr3:184714593]	60.00	PASS	.	severus_2	reciprocal_inv_del	.	0	False	.	.	.	.	.	60	severus_BND4881_1	184742153|184742153	True	++	2359	BND	HG008-PB_tumor	31	25	0.45	0.47,0.0,0.06	0/1
chr3	184717314	severus_BND4882_2	N	[chr3:184714600[N	60.00	PASS	.	severus_2	reciprocal_inv_del	.	.	False	.	.	.	.	.	60	severus_BND4882_1	.	True	--	2714	BND	HG008-PB_tumor	27	25	0.48	0.51,0.0,0.0	0/1
chr3	192188390	severus_BND1109_2	N	]chr11:68233077]N	60.00	PASS	.	severus_1	.	.	1	False	.	.	.	.	.	60	severus_BND1109_1	68989719|193373433	True	-+	.	BND	HG008-PB_tumor	10	28	0.74	0.0,1.0,0.0	0/1
chr3	192188394	severus_BND1107_2	N	[chr11:68232229[N	60.00	PASS	.	severus_1	inv_tra	.	1	False	.	.	.	.	.	60	severus_BND1107_1	68989719|193373433	True	--	.	BND	HG008-PB_tumor	23	27	0.54	0.75,0.0,0.0	0/1
chr3	193903982	severus_BND4789_2	N	[chr3:139998693[N	60.00	PASS	.	severus_5	.	.	2	False	.	.	.	.	.	60	severus_BND4789_1	140006308|193980627	True	--	53905289	BND	HG008-PB_tumor	24	27	0.53	0.0,0.0,1.0	0/1
chr4	14331601	severus_INS15215	N	TTTTTTTTTTTTTTTTTTTTTTTTTTTTTTTTTTTCCTCTCACATATTCTTCTTTGTTTTATTTATAATTTTTTTTTTTTACAATTCTTTTTTTTTTTTTTTTTTTTTTTTTTTTTTATTATACTCTAAGTTTTAGGGTACATGTGCACATTGTGCAGGTTAGTTACATATGTATACATGTGCCATGCTGGTGCACTGCACCCACTAATGTGTCATCTAGCATTAGGTATATCTCCCAATGCTATCCCTCCCCCCTCCCCCGACCCCACCACAGTCCCCAGAGTGTGATATTCCCCTTCCTGTGTCCATGTGATCTCATTGTTCAATTCCCACCTATGAGTGAGAATATGCGGTGTTTGGTTTTTTGTTCTTGCGATAGTTTACTGAGAATGATGGTTTCCAATTTCATCCATGTCCCTACAAAGGATATGAACTCATCATTTTTTATGGCTGCATAGTATTCCATGGTGTATATGTGCCACATTTTCTTAATCCAGTCTATCATTGTTGGGCATTTGGGTTGGTTCCAAGTCTTTGCTATTGTGAATAGTGCCGCAATAAACATATGTGTGCATGTGTCTTTATAGCAGCATGATTTATACTCATTTGGGTATATACCCA	60.00	PASS	.	.	.	.	2	False	.	.	.	.	.	60	.	15003812|15003812	True	.	620	INS	HG008-PB_tumor	0	26	1.0	0.0,0.0,1.0	0/1
chr4	57512446	severus_DEL5127	N	<DEL>	60.00	PASS	.	.	.	57514366	.	False	.	.	.	.	.	60	.	.	True	+-	1920	DEL	HG008-PB_tumor	1	26	0.96	0.96,0.0,0.0	0/1
chr4	112897566	severus_INS15474	N	TAAAACAGATAATCTTTTTTTTTTTTTTTTTTTTTTTTTTTTTTTTTTTTTTTTTTTTTTTTTTTTTTTTCATTCAACAAATATTTATTAAACACCTTCTTTCTTTAAATTCCAAATTCCTCATTTGAAGCAGTCCAAATGCTCAGCTGTCCCAAGGCTGTTCTACTCTCCATACAAAGCTTTAGTTTCTCCAGCATATCCCCATTACCACATCTCATTTTCCATCCAGGATTCTTCCTATTTCCATATTTTTACTCATTTTGCCTGAAATGATCTTCCCTTTTTCCTCCACCAATTCAAATCTGAATCATTCTTCAAAGCCTAGCTGAAGTCACCCTCGCCCCCGGACCCTGGCCTAATTGCCTTCATGCCATTCTGTGTGACATTATAATATTGAGCTTAAGTTGCATTCCACACAAACACTTGATATTTCTTGATTTGAATAGTTCTATTTTTATTATTGTTAGTAGAGACAGGACCTTCCTCTGTTTGGAGTGCAGTGACACAACCATAGCTCACTGCAGCCTTAAACTCCTGGGCTCAAGGGGTCCTCCTTCTTCAGTCTCTCAAGTATCTAGTACTACAAATATATGCCACCACACCCAGATAATTTTTATTGTTTGTAGAGATAGGGTCTCACGGTATTGTTCAGGCTGGTCTCGAACTTCTGGCTTCAAGCAATCCTCTCATCTCAGCCTCCCAAAGCACTGAGACTATAGGCATCAGCCATCCCTCAGAAATAATGCCGCATATCTACAACTATCTGATCTTTGACAAACCTGAGAAAAACAAGCAATGGGGAAAGGATTCCCTATTTAATAAATGGTGCTGGGAAAACTGGCTAGCCATATGTAGAAAGCTGAAACTGGATCCCTTCCTTACACCTTATACAAAAATCAATTCAAGATGGATTAAAGATTTAAACGTTAAACCTAAAACCATAAAAACCCTAGAAGAAAACCTAGGCATTACCATTCAGGACATAGGCGTGGGCAAGGACTTCATGTCCAAAACACCAAAAGCAATGGCAACAAAAGACAAAATTGACAAATGGGATCTAATTAAACTAAAGAGCTTCTGCACAGCAAAAGAAACTACCATCAGAGTGAACAGGCAACCTACAACATGGGAGAAAATTTTTGCAACCTACTCATCTGACAAAGGGCTAATATCCAGAATCTACAATGAACTCAAACAAATTTACAAGAAAAAAACAAACAACCCCATCAAAAAGTGGGCGAAGGACATGAACAGACACTTC	60.00	PASS	.	.	.	.	2	False	.	.	.	.	.	60	.	112923599|112923599	True	.	1261	INS	HG008-PB_tumor	3	29	0.91	0.0,0.0,1.0	0/1
chr4	134389657	severus_INS15510	N	AAAAAAATTTAAAATTTTTGGTGGGGTCGGGGGAGGGGGGAGGGATAGCATTGGGAGATATACCTAATGCTAGATGACACATTAGTGGGTGCAGTGCACCAGCATGGCACATGTATACATATGTAACTAACCTGCACAATGTGCACATGTACCCTAAAACTTAGAGTATAATAAAAAAAAAAAAAAAAAAAAAAAAAAAAAAAAAAAAAAAAAAAAAAAAAAAAA	60.00	PASS	.	.	.	.	1	False	.	.	.	.	.	60	.	134468580|134468580	True	.	224	INS	HG008-PB_tumor	0	29	1.0	0.0,1.0,0.0	0/1
chr4	149325373	severus_DUP5331	N	<DUP>	60.00	PASS	.	.	tandem_duplication	149475420	1	False	.	.	.	.	.	60	.	149440121|149514039	True	-+	150047	DUP	HG008-PB_tumor	25	28	0.53	0.0,0.6,0.0	0/1
chr5	4450315	severus_INS15810	N	GAAAGTAGGCATATCGTACACAAATTTGATGAGTTTTGACACATGCAAACAGCCATGAAACCATCATAACAATTAAAATAACAAACATTTCCATGTTTGCTTTGTTTTGTTTGTTTTTTTTTTTTTTCATGTGTTTTTTTTTTTTTTTTTTTTTTTTTTTTTTTTTTATTATACTCTAAGTTTTAGGGTACATGTGCACATTGTGCAGGTTAGTTACATATGTATACATGTGCCATGCTTGTGCGCTGCACCCACTAATGTGTCATCTAGCATTAGGTATATCTCCCAATGCTATCCCTCCCCCCTCCCCCGACCCCACCACAGTCCCCAGAGTGTGATATTCCCCTTCCTGTGTCCATGTAAATTTGTGTACGTTAAATATGTGAAACTTATTGTATGCTGGTTACACCTCAATAAAGCTGTAAATTTTTTAAAAAAAAAAAAAAAAAAAAAAAAAAAGATGTAAGTAGAAATAGCAAAAAGTTAAAAAGCAGGACAAATTAAAATAGAGTTTTTATTAAAAAAAAAAAAAAAAAAAAAAAAAAAAAAAAAAAAAAAAAAAAAAAAAAAAAAAAAAAAAAAAAAA	60.00	PASS	.	.	.	.	1	False	.	.	.	.	.	60	.	4556096|4556096	True	.	587	INS	HG008-PB_tumor	19	20	0.51	0.0,1.0,0.0	0/1
chr5	20023771	severus_INV5585	N	<INV>	60.00	PASS	.	.	reciprocal_inversion	155777978	0	False	.	.	.	.	.	60	.	20024589|155906523	True	++	135754207	INV	HG008-PB_tumor	32	33	0.51	0.8,0.0,0.0	0/1
chr5	22078163	severus_DEL5598	N	<DEL>	60.00	PASS	.	.	.	22078217	1	False	.	.	.	.	.	60	.	23271323|23271323	True	+-	54	DEL	HG008-PB_tumor	36	22	0.38	0.0,0.92,0.0	0/1
chr5	36023180	severus_BND5637_1	N	N[chr5:39360025[	60.00	PASS	.	.	.	.	2	False	.	.	.	.	.	60	severus_BND5637_2	36106061|39418045	True	-+	3336845	BND	HG008-PB_tumor	54	27	0.33	0.0,0.0,0.61	0/1
chr5	39360025	severus_BND5637_2	N	]chr5:36023180]N	60.00	PASS	.	.	.	.	0	False	.	.	.	.	.	60	severus_BND5637_1	36106061|39418045	True	-+	3336845	BND	HG008-PB_tumor	54	27	0.33	0.0,0.0,0.61	0/1
chr5	52747359	severus_BND90_2	N	N]chr1:23272628]	60.00	PASS	.	.	.	.	2	False	.	.	.	.	.	60	severus_BND90_1	23992706|53050792	True	++	.	BND	HG008-PB_tumor	25	26	0.51	0.0,0.0,0.68	0/1
chr5	79179752	severus_DEL5711	N	<DEL>	60.00	PASS	.	.	.	79179829	2	False	TRUE	.	.	.	.	60	.	79601645|79601645	True	+-	77	DEL	HG008-PB_tumor	1	10	0.91	0.0,0.0,0.91	0/1
chr5	124734081	severus_DUP5806	N	<DUP>	60.00	PASS	.	.	tandem_duplication	124898301	1	False	.	.	.	.	.	60	.	126078756|126078756	True	-+	164220	DUP	HG008-PB_tumor	24	32	0.57	0.0,0.57,0.0	0/1
chr5	172418419	severus_BND5895_1	N	N[chr5:172626376[	60.00	PASS	.	.	.	.	0	False	.	.	.	.	.	60	severus_BND5895_2	172465449|172824478	True	-+	207957	BND	HG008-PB_tumor	30	42	0.58	0.58,0.0,0.0	0/1
chr5	172626376	severus_BND5895_2	N	]chr5:172418419]N	60.00	PASS	.	.	.	.	2	False	.	.	.	.	.	60	severus_BND5895_1	172465449|172824478	True	-+	207957	BND	HG008-PB_tumor	30	42	0.58	0.58,0.0,0.0	0/1
chr6	39137946	severus_DUP6076	N	<DUP>	60.00	PASS	.	.	tandem_duplication	39255314	2	False	.	.	.	.	.	60	.	39425744|39425744	True	-+	117368	DUP	HG008-PB_tumor	29	29	0.5	0.0,0.0,0.51	0/1
chr6	46679539	severus_DEL6090	N	<DEL>	60.00	PASS	.	.	.	46682098	2	False	.	.	.	.	.	60	.	47213934|47213934	True	+-	2559	DEL	HG008-PB_tumor	4	29	0.88	0.0,0.0,1.0	0/1
chr6	53132717	severus_DUP6100	N	<DUP>	60.00	PASS	.	.	tandem_duplication	53245458	2	False	.	.	.	.	.	60	.	53958781|53958781	True	-+	112741	DUP	HG008-PB_tumor	32	25	0.44	0.0,0.0,0.56	0/1
chr6	70580536	severus_DUP6146	N	<DUP>	60.00	PASS	.	.	tandem_duplication	70708188	2	False	.	.	.	.	.	60	.	71180534|71180534	True	-+	127652	DUP	HG008-PB_tumor	56	23	0.29	0.0,0.0,0.45	0/1
chr6	70696488	severus_DEL6147	N	<DEL>	60.00	PASS	.	.	.	70696609	2	False	.	.	.	.	.	60	.	71180534|71180534	True	+-	121	DEL	HG008-PB_tumor	62	27	0.3	0.0,0.0,0.46	0/1
chr6	86269898	severus_DEL6185	N	<DEL>	60.00	PASS	.	.	.	86279747	1	False	.	.	.	.	.	60	.	86798522|86798522	True	+-	9849	DEL	HG008-PB_tumor	20	3	0.13	0.0,0.3,0.0	0/1
chr6	90423220	severus_DUP6191	N	<DUP>	60.00	PASS	.	.	tandem_duplication	90714969	2	False	.	.	.	.	.	60	.	90735041|90735041	True	-+	291749	DUP	HG008-PB_tumor	39	24	0.38	0.0,0.0,0.46	0/1
chr6	99729725	severus_BND6212_1	N	N[chr6:99878021[	60.00	PASS	.	.	.	.	2	False	.	.	.	.	.	60	severus_BND6212_2	99775242|100097915	True	-+	148296	BND	HG008-PB_tumor	35	24	0.41	0.0,0.0,0.41	0/1
chr6	99878021	severus_BND6212_2	N	]chr6:99729725]N	60.00	PASS	.	.	.	.	1	False	.	.	.	.	.	60	severus_BND6212_1	99775242|100097915	True	-+	148296	BND	HG008-PB_tumor	35	24	0.41	0.0,0.0,0.41	0/1
chr6	157576919	severus_DUP6335	N	<DUP>	60.00	PASS	.	severus_0	tandem_duplication	157752099	1	False	.	.	.	.	.	60	.	157584013|157821672	True	-+	175180	DUP	HG008-PB_tumor	33	23	0.41	0.0,0.48,0.0	0/1
chr6	157972793	severus_BND1217_2	N	]chr11:125661473]N	60.00	PASS	.	severus_0	.	.	2	False	.	.	.	.	.	60	severus_BND1217_1	125709911|158826455	True	-+	.	BND	HG008-PB_tumor	14	28	0.67	0.0,0.0,1.0	0/1
chr6	157972804	severus_BND1184_2	N	[chr11:105902636[N	60.00	PASS	.	severus_0	inv_tra	.	2	False	.	.	.	.	.	60	severus_BND1184_1	106079077|158826455	True	--	.	BND	HG008-PB_tumor	12	34	0.74	1.0,0.0,0.0	0/1
chr7	361600	severus_BND6457_1	N	[chr7:35959032[N	60.00	PASS	.	.	.	.	1	False	.	.	.	.	.	60	severus_BND6457_2	1618287|35970857	True	--	35597432	BND	HG008-PB_tumor	50	10	0.17	0.0,0.29,0.0	0/1
chr7	4824648	severus_BND6523_1	N	N[chr7:7802515[	60.00	PASS	.	.	.	.	0	False	.	.	.	.	.	60	severus_BND6523_2	4847739|8214863	True	-+	2977867	BND	HG008-PB_tumor	51	34	0.4	0.62,0.0,0.0	0/1
chr7	6404812	severus_DEL6528	N	<DEL>	60.00	PASS	.	.	.	6406029	1	False	.	.	.	.	.	60	.	6647929|6647929	True	+-	1217	DEL	HG008-PB_tumor	38	18	0.32	0.0,0.46,0.0	0/1
chr7	6408191	severus_DEL6529	N	<DEL>	60.00	PASS	.	.	.	6408254	1	False	TRUE	.	.	.	.	60	.	6647929|6647929	True	+-	63	DEL	HG008-PB_tumor	43	18	0.3	0.0,0.43,0.0	0/1
chr7	7802515	severus_BND6523_2	N	]chr7:4824648]N	60.00	PASS	.	.	.	.	2	False	.	.	.	.	.	60	severus_BND6523_1	4847739|8214863	True	-+	2977867	BND	HG008-PB_tumor	51	34	0.4	0.62,0.0,0.0	0/1
chr7	19196736	severus_DEL6566	N	<DEL>	60.00	PASS	.	.	.	19197155	1	False	.	.	.	.	.	60	.	19896808|19896808	True	+-	419	DEL	HG008-PB_tumor	25	23	0.48	0.0,1.0,0.0	0/1
chr7	33377466	severus_DUP6606	N	<DUP>	60.00	PASS	.	.	tandem_duplication	33481992	1	False	.	.	.	.	.	60	.	33685411|33685411	True	-+	104526	DUP	HG008-PB_tumor	65	29	0.31	0.0,0.45,0.0	0/1
chr7	35959032	severus_BND6457_2	N	[chr7:361600[N	60.00	PASS	.	.	.	.	0	False	.	.	.	.	.	60	severus_BND6457_1	1618287|35970857	True	--	35597432	BND	HG008-PB_tumor	50	10	0.17	0.0,0.29,0.0	0/1
chr7	68922689	severus_BND6685_1	N	N]chr7:68930585]	60.00	PASS	.	.	.	.	.	False	.	.	.	.	.	60	severus_BND6685_2	.	True	++	7896	BND	HG008-PB_tumor	26	4	0.13	1.0,0.0,0.0	0/1
chr7	68930585	severus_BND6685_2	N	N]chr7:68922689]	60.00	PASS	.	.	.	.	.	False	.	.	.	.	.	60	severus_BND6685_1	.	True	++	7896	BND	HG008-PB_tumor	26	4	0.13	1.0,0.0,0.0	0/1
chr7	75988855	severus_DEL6707	N	<DEL>	60.00	PASS	.	.	.	75988905	1	False	TRUE	.	.	.	.	60	.	76398309|76398309	True	+-	50	DEL	HG008-PB_tumor	8	3	0.27	0.0,0.27,0.0	0/1
chr7	98811563	severus_INS17263	N	AGTGATGGTGATGGTGGTGGTGGTGGTGGTGGTGGTAGTGGTGGTGGTTGTAGTGGTGATGGTGATGGTGGTAGTGGTGGTGGTTGGTAGTGGTGATAGTGGTGATGGTGATGGTGGTAGTGGTGGTGGTTGGTAGTGGTGATAGTGGTAATGGTGGGTGTGGGTGGGTGTAGTTGGTGGTAGTGGTTATGGTGGTGGTGGTGATGGTGCTGGTGGTGGTGGTGGTGATGGTGATGGTGGTGGTGGTAGTGGTGATGGTAGTGGTGATAGTGGCAATGGTGGTGGTGGTGGTAGTGGTTGGTAGTGGTTGGTAGTGGTGATGGTGGTGGTGGTGATGGTGATGGTGATGGTGATGGTGGGTGGTGGTGATGGTGGTGGTGGTGGTGATGGTGATGGTGGCGGTGGTAATGGTGATGGTAGTGGTGATAGTGGTAATGGTGATGGTGGTGGTGGTGATGGTGGTGGTGGTGGTGATGGTAGTGGTGATAGTGGTAATGGTGGTGGTAGTGGTAGTGGTGGTGGTTGGTAGTGGTGATGGTCGTGATGGTGGTGGTGGCTGGTAGTGGTGATGGTGGTGGTGGTGGTGGTTGTGGTGATGGTGGTGGTGGTGGTGGTGGTTGGTAGTGGTGGTGGTGGTGGCAGGTGGTGGTAGTGGTGATGGTTGGTAGTGGTGGAGGTGGTGATGGTGGTTGGTAGTAGTGGTGGTGGTTGGTGGCAGCAGTGGTAGTGGGGTGGTGGGTGGTGGAGGTGGTGGTTGTGGTGGGTGGTGGTAGTGGTGGTGGTTGGTAATGGTAGTGGTGGTGGTTGGTACTGGTGGTGGTGGTTCATGGTGGTGGTTGGTGGTGGTGGTGGTTGTTGGTGGAGGTGTTTGGTACTGGTGGTGGTTGGGGGTGGTAGTGGTTGGGGGTGGTGGTGGTGATGGTTGTTGGTGGTGGTTGGTAATGGTGGTGGTGGTGATGGTTGTTGGTGGTGGTGATGGTTGGTAGTGGTGGAGGTGGTGGTGGTTGGTAATAGTAGTGGAGGTGGTGGTGGTTGGGGGTGGTGGTGGTTGGGGGTGGTGGTGGTGGTTGGTAATGGTGGTGGTGGTTGTTGGGGGTGGTGGTGGTTGGTACTGGTGGTGGTGGTTGTTGGTGGTGGTTGGTGGTGGTGGTGGTGATGGCTGGTATGGTGGAGGTGGTGGTGGTGGTGGTGGTGATGGTGGTGGTGGTGGTGGTGATGGTGATGGTGGTGGTGGTGGTGATAGTGGTGGTGATGGTGGTGGTGGATGGTAGTGGTGGTGATGGTTGGTGGTGGTGGTGGTGGTGGTGGTAGTGGTGGTGGTTGGTAGTGGTGATAGTGGTAATGGTGGTGGTGGTGGTAGTGGTTGGTAGTGGTTGGTAGTGGTGATGGTGGTGGTGGTGGTGGTGATGGTGGTGGTGGTAGTGGTGGTGGTGATGGTGGTGGTGGTGGTAGTGGTGGCGGTGGTAGTGGTGGTGATGGTTGTTGTTGTTGGTGGTGGTGGTAGTGGTGGTGGTTGGTAGTGGTGATGGTGATGGTGGTAGCGGTGGTGGTTGGTAGTTGTGATAGTGGTGATGGTGATGGTGGTAGTGGTGGTGGTTGGTAGTGGTGATAGTGGTAATGGTGGTGGTGGTGGTAGTGGTTGGTAGTGGTGATGGTGGTGGTGATGGTAGTGGTTGGTGGTGGTGGTGGTGATGGTTGGTGGTGGTGGTGGTGGTGGTGGTGGTAGTGATGGTGATGGTGGTGGTGGTGGTGGTGGTAGTGATGGTGATGGTGGTGGTGGTGGTGGTGGTGGTAGTGGTGGTGGTTGGTAGTGGTGATAGTGGTAATGGTGGTGGTAGTCGTTGGTAGTGGTTGGTAGTGGTGATGGTGGTGGTGATGGTAGTGGTTGGTGGTGGTGGTGGTGGTGGTGGTAATGGTGGTGGTGGTGGTGATGGTGGTGGTGGTGGTGGTGATGGTGATGGTGGTGGTGGTGGTAGTGGTGGTGGTGATGGTGGTGGTGGTGGTAGTGGTGGTGATGGTTGGTGGTGGTGGTGGTGGTGGTGGTGATGGTTGGTGGTGGTGGTGGTGGTGGTGGTAGTGATGGTGATGGTTGGTGGTGGTGGTGGTGGTGGTGGTAGTGGTGGTGATGGGTGGTGGTGGTGGTGGTGGTGGTGGTAGTGGTGGTGGTTGGTAGTGGTGATGATGATGGTGGTAGTGGTGGTGGTTGGTAGTGGTGATAGTGGTAATGGTGGTGGTAGTGGTTGGCAATGGTTGGTAGTGGTGATGGTGGTGGTGATGGTAGTGGTTGGTGGTGGTGGTGGTGATGGTGGTGGTGGTGGTGGTGATGGTGATGGTGGTGGTGGTGGTGGTGGTGATGGTGGTGGTGGTGGTAGTGGTGGTGATGGTTGGTGGTGGTGGTGGTGGTGGTGATGGTTGGTGGTGGTTGTGGTGGTGGTGGTGGTAGTGATGGTGATGGTTGGTGGTGGTGGTGGTGGTAGTGGTGGTGATGGGTGTGGTGGTGGTGGTGGTGGTGGTAGTGGTGGGGGTTGGTAGTGGTGATGGTGATGATGGTAGTGGTGGTGGTTGGTAGTGGTGATAGTGGTGATGGTGGTAGTGGTGGTGGTTGGTAGTGGTGATAGTGGTAATGGTGGTGGTAGTGGTTGGTAGTGGTGATGGTGGTGGTGATGGTAGTGGTTGGTGGTGGTGGTGGTGGTAATGGTGGTGGTGGTGGTAGTGGTGGTGATGGTT	60.00	PASS	.	.	.	.	2	False	TRUE	.	.	.	.	60	.	99199065|99199065	True	.	2728	INS	HG008-PB_tumor	3	7	0.7	0.0,0.0,1.0	0/1
chr8	3671496	severus_DEL7013	N	<DEL>	60.00	PASS	.	.	.	3671574	1	False	TRUE	.	.	.	.	60	.	3845051|3845051	True	+-	78	DEL	HG008-PB_tumor	0	23	1.0	0.0,1.0,0.0	0/1
chr8	67457351	severus_DEL7137	N	<DEL>	60.00	PASS	.	.	.	67457463	2	False	.	.	.	.	.	60	.	67467155|67467155	True	+-	112	DEL	HG008-PB_tumor	32	20	0.38	0.0,0.0,0.91	0/1
chr8	75063364	severus_DEL7154	N	<DEL>	60.00	PASS	.	.	.	75067937	1	False	.	.	.	.	.	60	.	75389993|75389993	True	+-	4573	DEL	HG008-PB_tumor	36	27	0.43	0.0,1.0,0.0	0/1
chr8	104941340	severus_INS17874	N	CATAGTTACTTTTATTTTTTTTTTTTTTTTTTTTTTTTTTTTTTATTATACTCTAAGTTTTAGGGTACATGTGCACATTGTGCAGGTTAGTTACATATGTATACATGTGCCATGCTGGTGCGCTGCACCCACTAATGTGTCATCTAGCATTAGGTATATCTCCCAATGCTATCCCTCCCCCCTCCCCCGACCCCACCACAGTCCCCAGAGTGTGATATTCCCCTTCCTGTGTCCATGTGATCTCATTGTTCAATTCCCACCTATGAGTGAGAAAATACACCATGGAATACTATGCAGCCATAAAAAATGATGAGTTCATATCCTTTGTAGGGACATGGATGAAATTGGAAACCATCATTCTCAGTAAACTATCGCAAGAACAAAAAAC	60.00	PASS	.	.	.	.	2	False	.	.	.	.	.	60	.	105040776|105040776	True	.	387	INS	HG008-PB_tumor	36	28	0.44	0.0,0.0,0.97	0/1
chr8	107947965	severus_INS17882	N	AATGATCTCCCTTTTTTTTTTTTTTTTTTTTTTTTTTTTTTTTTTTTTTTTTTTTTTTTTTTTTTTTTTTTTTTTTTTTTTTTTTTTTTTTTTATTATACTCTAAGTTTTAGGGTACATGTGCACATTGTGCAGGTTAGTTACATATGTATACATGTGCCATGCTGGTGCACTGCACCCACTAATGTGTCATCTAGCATTAGGTATATCTCCCAATGCTATCCCTCCCCCCTCCCCCGACCCCACCACAGTCCCCAGAGTGTGATATTCCCCTTCCTGTGTCCATGTGATCTCATTGTTCAATTCCCACCTATGAGTGAGAATATGCGGTGTTTGGTTTTTTGTTCTTGCGATAGTTTACAAAGGGCTAATATCCAGAATCTACAATGAACTCAAACAAATTTACAAGAAAAAAACAAACAACCCCATCAAAAAGTGGGCGAAGGACATGAACAGACACTTCTCAAAAGAAGACATTTATGCAGCCAAAAAACACATGAAGAAATGCTCATCATCACTGGCCATCAGAGAAATGCAAATCAAAACCACTATAAACTACCATCAG	60.00	PASS	.	.	.	.	2	False	.	.	.	.	.	60	.	108640115|108640115	True	.	563	INS	HG008-PB_tumor	33	27	0.45	0.0,0.0,0.84	0/1
chr9	21952492	severus_DEL7375	N	<DEL>	60.00	PASS	.	.	.	21972343	1	False	.	.	.	.	.	60	.	21995883|21995883	True	+-	19851	DEL	HG008-PB_tumor	0	28	1.0	0.0,1.0,0.0	0/1
chr9	22631432	severus_DUP7378	N	<DUP>	60.00	PASS	.	.	tandem_duplication	22939872	1	False	.	.	.	.	.	60	.	22813252|23296335	True	-+	308440	DUP	HG008-PB_tumor	32	33	0.51	0.0,0.51,0.0	0/1
chr10	5551881	severus_BND578_1	N	N[chr10:5808446[	60.00	PASS	.	.	.	.	2	False	.	.	.	.	.	60	severus_BND578_2	5646122|5872690	True	-+	256565	BND	HG008-PB_tumor	31	25	0.45	0.0,0.0,0.53	0/1
chr10	5808446	severus_BND578_2	N	]chr10:5551881]N	60.00	PASS	.	.	.	.	1	False	.	.	.	.	.	60	severus_BND578_1	5646122|5872690	True	-+	256565	BND	HG008-PB_tumor	31	25	0.45	0.0,0.0,0.53	0/1
chr10	20233384	severus_DEL622	N	<DEL>	60.00	PASS	.	.	.	20238543	2	False	.	.	.	.	.	60	.	20909451|20909451	True	+-	5159	DEL	HG008-PB_tumor	14	24	0.63	0.0,0.0,1.0	0/1
chr10	25515229	severus_INS8959	N	AAAAGCCTTGTCATCTAGCATTAGGTATATCTCCCAATGCTATGATGACACATTAGTGGGTGCAGCGCACCAGCATGGCACATGTATACATATGTAACTAACCTGCACAATGTGCACATGTACCCTAAAACTTAGAGTATAATAAAAAAAAAAAAAAAAAAAAAAAAAAAAAAAAAAAACAAAAATAAGAGAACAGGCCAGGCATGATGGCTGATGCCTATAGTCTCAGTGCTTTGGGAGGCTGAGATGAGAGGATTGCTTGAAGCCAGAAGTTCGAGACCAGCCTGAACAATACCGTGAGACCCTATCTCTACAAACAATAAAAATTATCTGGGTGTGGTGGCATATATTTGTAGTACTAGATACTTGAGAGACTGAAGAAGGAGGACCCCTTGAGCCCAGGAGTTTAAGGCTGCAGTGAGCTATGGTTGTGTCACTGCACTCCAAACAGAGGAAGGTCCTGTCTCTAATAACAATAATAAAAATAGAACTATTCAAATCAAGAAAAAAAAAAAAAAAAAAAAAAAAAAAAAAAAAAAAAAAAAAAAAAAAAAAAAAAAAAAAAAAAAAAAAAAAAAAAAAA	60.00	PASS	.	.	.	.	1	False	.	.	.	.	.	60	.	25678400|25678400	True	.	583	INS	HG008-PB_tumor	29	14	0.33	0.0,1.0,0.0	0/1
chr10	34919811	severus_DUP650	N	<DUP>	60.00	PASS	.	.	tandem_duplication	35103743	1	False	.	.	.	.	.	60	.	35764669|35764669	True	-+	183932	DUP	HG008-PB_tumor	36	11	0.23	0.0,0.31,0.0	0/1
chr10	60797723	severus_DUP704	N	<DUP>	60.00	PASS	.	.	tandem_duplication	60904336	2	False	.	.	.	.	.	60	.	60845098|61732634	True	-+	106613	DUP	HG008-PB_tumor	38	13	0.25	0.0,0.0,0.54	0/1
chr10	67470511	severus_BND715_1	N	N[chr10:68211501[	60.00	PASS	.	.	.	.	0	False	.	.	.	.	.	60	severus_BND715_2	67486892|68694038	True	-+	740990	BND	HG008-PB_tumor	36	15	0.29	0.36,0.0,0.0	0/1
chr10	68211501	severus_BND715_2	N	]chr10:67470511]N	60.00	PASS	.	.	.	.	1	False	.	.	.	.	.	60	severus_BND715_1	67486892|68694038	True	-+	740990	BND	HG008-PB_tumor	36	15	0.29	0.36,0.0,0.0	0/1
chr10	93279155	severus_DUP758	N	<DUP>	60.00	PASS	.	.	tandem_duplication	94722587	1	False	.	.	.	.	.	60	.	93909467|95589418	True	-+	1443432	DUP	HG008-PB_tumor	32	13	0.29	0.0,0.5,0.0	0/1
chr10	122835344	severus_DEL807	N	<DEL>	60.00	PASS	.	.	.	122837142	2	False	.	.	.	.	.	60	.	123012650|123012650	True	+-	1798	DEL	HG008-PB_tumor	15	19	0.56	0.0,0.0,1.0	0/1
chr10	123543388	severus_DEL808	N	<DEL>	60.00	PASS	.	.	.	123543603	2	False	.	.	.	.	.	60	.	123843120|123843120	True	+-	215	DEL	HG008-PB_tumor	15	28	0.65	0.0,0.0,0.97	0/1
chr11	33692823	severus_DUP1024	N	<DUP>	60.00	PASS	.	.	tandem_duplication	35183689	1	False	.	.	.	.	.	60	.	33694233|35188532	True	-+	1490866	DUP	HG008-PB_tumor	57	40	0.41	0.0,0.71,0.0	0/1
chr11	42923973	severus_INS9557	N	ATTCTTTTTTTTTTTTTTTTTTTTTTTTTTTTTTTTTTTTTTTTTTTTTTTTTTTTTTTTTTTTTTTCCTGGATTCAGTCATTTATTCATAAAGGTTAAGATTTGTATTTGCAATTATCAAATGTAGTTAAAAATAGAGCAACAAGCATTTAAAAATAACTTTTAAAAGCAACATAGTAAGTGGTTACATTTTGATGATCACAAATATATGCCTACATGACAATGAGAAGCCAACCACCTAATGTTGGCCAAATAAGTCCATTCTGGCCTGGCACAGCAGTTCCTGTTATCACATTGAACAGGGATTCAAAAACAGTGCTTCCCAAACAACTTGGAAGTGAGTCGAATGAGCCTAGAAAGCCATGTTAGGTGATTCAAATAGAAGTCAAGAAAAAATACATGTAAAGTGTTTGAATAAAATCATTTCAGGAACAGAGTGGAAAAAATAATATTTTAATATTAAGATGTTATTTTAAATATAAATGAGTACCTGTATTAATAAATTAAATATCTGTTGACATTTGAATATCTCATCTATATTTCTAAAATATATAGAGATATAAAGAATTTTCAAATTGGCCAAACATATTTTTTGCTCTTAGTTGTCTTTTATTTAGGTATATGTGGTATATAGTATTATAAACATAATGGGCATCACTTAAAAAGCAAAGACAAATAAATCATTCATAGCCTTTCAAAAGAAAGAAAAAAAAACACAGAGGCAGCCTGAATAGAATGGAGGAGGAGCCTGAAAAGCAACAGCCCATTTGCTGGAGCACTCATGGCAGATGAGCACGGTGTCTGGGATCTCAAGCTGTCCTGGTTCCAGCATCCCTCCCAGAACTCCCCTTGGGAACACGTTTTACACAAAGACCTTGTTTTCCCAATGTTATAGGTGCCCAATTCTTAATTAAATCATCTCTCACCCACAATAGCCTGTGGAGACCAATGATGCCTGTGGAGAAAGAACACTTTGTTGTGTCATGTTTTGTTTTGAACATCCCTGAAAGTCTAAAAAGAAGGCACCTGACAATCATTGTAAACTGGGAAAAGCCAGAAAGAGGAAAAAATGGGCTCTTCAGATTCTGACTCTGTGTTTCAGGCTAAGATTTCATTTCTACCTGAGATCATAGCATTTTGGAGCAAGGGAATTCCTAGGGATTGTCTAGGATACACTTCTGGTTCAATACAGAAAAATAGGACGATATCCCTTTACACATTTTTTACTTGTGTTCCCAAAAAGAGATATTTTCCTAGAAAAGCTTATCAGGCATTTTACCCAGGCTAAGTAGAACCAAAAGTTCTATTCTATTAATGTTAACATAAAGTTAAGTTTAGAGCTCTT	60.00	PASS	chr14:58759703-58761049	.	.	.	1	False	.	.	.	.	.	60	.	43569342|43569342	True	.	1346	INS	HG008-PB_tumor	31	33	0.52	0.0,1.0,0.0	0/1
chr11	58991971	severus_BND1081_1	N	]chr11:59056399]N	60.00	PASS	.	.	.	.	2	False	.	.	.	.	.	60	severus_BND1081_2	59195437|59195437	True	+-	64428	BND	HG008-PB_tumor	28	12	0.3	0.0,0.0,1.0	0/1
chr11	59056399	severus_BND1081_2	N	N[chr11:58991971[	60.00	PASS	.	.	.	.	2	False	.	.	.	.	.	60	severus_BND1081_1	59195437|59195437	True	+-	64428	BND	HG008-PB_tumor	28	12	0.3	0.0,0.0,1.0	0/1
chr11	68232229	severus_BND1107_1	N	[chr3:192188394[N	60.00	PASS	.	severus_1	inv_tra	.	0	False	.	.	.	.	.	60	severus_BND1107_2	68989719|193373433	True	--	.	BND	HG008-PB_tumor	23	27	0.54	0.75,0.0,0.0	0/1
chr11	68232234	severus_BND1108_1	N	N]chr11:68233058]	60.00	PASS	.	severus_1	inv_tra	.	1	False	.	.	.	.	.	60	severus_BND1108_2	68989719|68989719	True	++	824	BND	HG008-PB_tumor	33	26	0.44	0.0,1.0,0.0	0/1
chr11	68233058	severus_BND1108_2	N	N]chr11:68232234]	60.00	PASS	.	severus_1	inv_tra	.	0	False	.	.	.	.	.	60	severus_BND1108_1	68989719|68989719	True	++	824	BND	HG008-PB_tumor	33	26	0.44	0.0,1.0,0.0	0/1
chr11	68233077	severus_BND1109_1	N	N[chr3:192188390[	60.00	PASS	.	severus_1	.	.	1	False	.	.	.	.	.	60	severus_BND1109_2	68989719|193373433	True	-+	.	BND	HG008-PB_tumor	10	28	0.74	0.0,1.0,0.0	0/1
chr11	69212123	severus_DUP1115	N	<DUP>	60.00	PASS	.	.	tandem_duplication	69577080	2	False	.	.	.	.	.	60	.	69349024|69681750	True	-+	364957	DUP	HG008-PB_tumor	56	33	0.37	0.0,0.0,0.51	0/1
chr11	95796274	severus_DEL1158	N	<DEL>	60.00	PASS	.	.	.	95802108	2	False	.	.	.	.	.	60	.	96216011|96216011	True	+-	5834	DEL	HG008-PB_tumor	23	24	0.51	0.0,0.0,1.0	0/1
chr11	105902633	severus_BND1183_1	N	N]chr11:105903170]	60.00	PASS	.	severus_0	inv_tra	.	2	False	.	.	.	.	.	60	severus_BND1183_2	106079077|106079077	True	++	537	BND	HG008-PB_tumor	24	33	0.58	0.0,0.0,1.0	0/1
chr11	105902636	severus_BND1184_1	N	[chr6:157972804[N	60.00	PASS	.	severus_0	inv_tra	.	0	False	.	.	.	.	.	60	severus_BND1184_2	106079077|158826455	True	--	.	BND	HG008-PB_tumor	12	34	0.74	1.0,0.0,0.0	0/1
chr11	105903170	severus_BND1183_2	N	N]chr11:105902633]	60.00	PASS	.	severus_0	inv_tra	.	0	False	.	.	.	.	.	60	severus_BND1183_1	106079077|106079077	True	++	537	BND	HG008-PB_tumor	24	33	0.58	0.0,0.0,1.0	0/1
chr11	117394662	severus_BND7650_2	N	N]chrUn_KI270744v1:147997]	37.50	PASS	.	.	.	.	.	False	.	.	.	.	.	37	severus_BND7650_1	.	True	++	.	BND	HG008-PB_tumor	87	22	0.2	0.34,0.0,0.0	0/1
chr11	117577412	severus_DEL1203	N	<DEL>	60.00	PASS	.	.	.	117577463	2	True	TRUE	.	.	.	.	60	.	117649043|117649043	False	+-	51	DEL	HG008-PB_tumor	25	3	0.11	0.0,0.0,0.11	0/1
chr11	125661473	severus_BND1217_1	N	N[chr6:157972793[	60.00	PASS	.	severus_0	.	.	2	False	.	.	.	.	.	60	severus_BND1217_2	125709911|158826455	True	-+	.	BND	HG008-PB_tumor	14	28	0.67	0.0,0.0,1.0	0/1
chr11	130986347	severus_DEL1226	N	<DEL>	60.00	PASS	.	.	.	130986524	1	False	.	.	.	.	.	60	.	131310983|131310983	True	+-	177	DEL	HG008-PB_tumor	25	35	0.58	0.0,1.0,0.0	0/1
chr12	7380776	severus_INS9968	N	GGACTGTGGTGGGGTAGGGGGAGGGGGGAGGGATAGCATTGGGAGATATACCTAATGCTAGATGACACATTAGTGGGTGCAGCGCACCAGCATGGCACATGTATACATATGTAACTAACCTGCACAATGTGCACATGTACCCTAAAACTTAGAGTATAATAAAAAAAAAAAAGAAAGAAAAAGAAAAAAAAAAAAAAAAAAAAAAAAAAAAAAAAAA	60.00	PASS	.	.	.	.	1	False	.	.	.	.	.	60	.	8105351|8105351	True	.	216	INS	HG008-PB_tumor	36	29	0.45	0.0,1.0,0.0	0/1
chr12	16630818	severus_INS10006	N	AAAGATCATGATGTGGTAATGGGGATATGCTGGAGAAACTAAAGCTTTGTATGGAGAGTAGAACAGCCTTGGGACAGCTGAGCATTTGGACTGCCTCAAATGAGGAATTTGGAATTTAAAGAAAGAAGGTGTTTAATAAATATTTGTTGAATGAAAAAAAAAAAAAAAAAAAAAAAAAAAAAAAAAAAAAAAAAAAAAAAAAAAAAAAAAAAAAAAAAAAAAAAAAAAAAAAAAAAAAAAAAAAAAAAAAAAAAAAAAAAAAAAAA	60.00	PASS	.	.	.	.	2	False	.	.	.	.	.	60	.	16710913|16710913	True	.	264	INS	HG008-PB_tumor	37	29	0.44	0.0,0.0,0.97	0/1
chr12	24759758	severus_BND1352_1	N	N[chr12:26706121[	60.00	PASS	.	.	.	.	1	False	.	.	.	.	.	60	severus_BND1352_2	24847317|27784321	True	-+	1946363	BND	HG008-PB_tumor	64	29	0.31	0.0,0.48,0.0	0/1
chr12	26706121	severus_BND1352_2	N	]chr12:24759758]N	60.00	PASS	.	.	.	.	1	False	.	.	.	.	.	60	severus_BND1352_1	24847317|27784321	True	-+	1946363	BND	HG008-PB_tumor	64	29	0.31	0.0,0.48,0.0	0/1
chr12	40668214	severus_DEL1387	N	<DEL>	60.00	PASS	.	.	.	40668289	.	False	.	.	.	.	.	60	.	.	True	+-	75	DEL	HG008-PB_tumor	2	26	0.93	0.93,0.0,0.0	0/1
chr12	44015149	severus_DUP1398	N	<DUP>	60.00	PASS	.	.	tandem_duplication	44331782	1	False	.	.	.	.	.	60	.	44133693|44409171	True	-+	316633	DUP	HG008-PB_tumor	32	28	0.47	0.0,0.47,0.0	0/1
chr12	53592499	severus_BND1412_1	N	N[chr12:53720602[	60.00	PASS	.	.	.	.	0	False	.	.	.	.	.	60	severus_BND1412_2	53609964|54004895	True	-+	128103	BND	HG008-PB_tumor	27	32	0.54	0.68,0.0,0.0	0/1
chr12	53720602	severus_BND1412_2	N	]chr12:53592499]N	60.00	PASS	.	.	.	.	1	False	.	.	.	.	.	60	severus_BND1412_1	53609964|54004895	True	-+	128103	BND	HG008-PB_tumor	27	32	0.54	0.68,0.0,0.0	0/1
chr12	83211411	severus_INS10191	N	TAAGGCTGCAGTGAGCTATGGTTGTGTCACTGCACTCCAAACAGAGGAAGGTCCTGTCTCTAATAACAATAATAAAAATAGAACTATTCAAATCAAGAAATATCAAGTGTTTGTGTGGAATGCAACTTAAGCTCAATATTATAATGTCACACAGAATGGCATGAAGGCAATTAGGCCAGGGTCCGGGGGCGAGGGTGACTTCAGCTAGGCTTTGAAGAATGATTCAGATTTGAATTGGTGGAGGAAAAAGGGAAGATCATTTCAGGCAAAATGAGTAAAAATATGGAAATAGGAAGAATCCTGGATGGAAAATGAGATGTGGTAATGGGGATATGCTGGAGAAACTAAAGCTTTGTATGGAGAGTAGAACAGCCTTGGGACAGCTGAGCATTTGGACTGCCTCAAATGAGGAATTTGGAATTTAAAGAAAGAAGGTGTTTAATAAATATTTGTTGAATGAAAAAAAAAAAAAAAAAAAAAAAAAAAAAAAAAAAAAAAAAAAAAAAAAAAAAAA	60.00	PASS	.	.	.	.	.	False	.	.	.	.	.	60	.	.	True	.	513	INS	HG008-PB_tumor	0	27	1.0	1.0,0.0,0.0	0/1
chr12	106703367	severus_DUP1496	N	<DUP>	60.00	PASS	.	.	tandem_duplication	106718429	2	False	.	.	.	.	.	60	.	106717000|106779233	True	-+	15062	DUP	HG008-PB_tumor	26	31	0.54	0.0,0.0,0.7	0/1
chr12	121442780	severus_BND2155_2	N	N[chr15:40450789[	60.00	PASS	.	severus_6	Reciprocal_tra	.	1	False	.	.	.	.	.	60	severus_BND2155_1	40904969|121667201	True	+-	.	BND	HG008-PB_tumor	22	27	0.55	0.0,0.84,0.0	0/1
chr12	121442785	severus_BND2156_2	N	]chr15:40450790]N	60.00	PASS	.	severus_6	Reciprocal_tra	.	1	False	.	.	.	.	.	60	severus_BND2156_1	40904969|121667201	True	-+	.	BND	HG008-PB_tumor	22	25	0.53	0.0,0.81,0.0	0/1
chr12	128155614	severus_BND1542_1	N	N[chr12:128291498[	60.00	PASS	.	.	.	.	2	False	.	.	.	.	.	60	severus_BND1542_2	128354525|128354525	True	-+	135884	BND	HG008-PB_tumor	28	31	0.53	0.0,0.0,0.53	0/1
chr12	128291498	severus_BND1542_2	N	]chr12:128155614]N	60.00	PASS	.	.	.	.	2	False	.	.	.	.	.	60	severus_BND1542_1	128354525|128354525	True	-+	135884	BND	HG008-PB_tumor	28	31	0.53	0.0,0.0,0.53	0/1
chr13	39536625	severus_DEL1670	N	<DEL>	60.00	PASS	.	.	.	39538212	1	False	.	.	.	.	.	60	.	39851307|39851307	True	+-	1587	DEL	HG008-PB_tumor	25	34	0.58	0.0,1.0,0.0	0/1
chr13	66842467	severus_DEL1730	N	<DEL>	60.00	PASS	.	.	.	73136072	2	False	.	.	.	.	.	60	.	66934558|73665357	True	+-	6293605	DEL	HG008-PB_tumor	24	32	0.57	0.0,0.4,0.77	0/1
chr13	84309984	severus_DEL1773	N	<DEL>	60.00	PASS	.	.	.	84310772	2	False	.	.	.	.	.	60	.	84340260|84340260	True	+-	788	DEL	HG008-PB_tumor	25	30	0.55	0.0,0.0,0.94	0/1
chr13	114073353	severus_DEL1888	N	<DEL>	60.00	PASS	.	.	.	114074112	0	True	.	.	.	.	.	60	.	114139562|114139562	False	+-	759	DEL	HG008-PB_tumor	32	8	0.2	0.53,0.0,0.0	0/1
chr13	114353244	severus_BND1897_1	N	N]chr3:139976415]	60.00	PASS	.	severus_5	.	.	2	False	.	.	.	.	.	60	severus_BND1897_2	0|140006308	True	++	.	BND	HG008-PB_tumor	28	33	0.54	0.0,0.0,1.0	0/1
chr14	30938120	severus_DUP1933	N	<DUP>	60.00	PASS	.	.	tandem_duplication	31247791	2	False	.	.	.	.	.	60	.	31636334|31636334	True	-+	309671	DUP	HG008-PB_tumor	65	29	0.31	0.0,0.0,0.45	0/1
chr14	60918508	severus_DEL1983	N	<DEL>	60.00	PASS	.	.	.	60918571	1	False	.	.	.	.	.	60	.	60938438|60938438	True	+-	63	DEL	HG008-PB_tumor	21	31	0.6	0.0,1.0,0.0	0/1
chr14	60923413	severus_DEL1984	N	<DEL>	60.00	PASS	.	.	.	60923947	2	False	.	.	.	.	.	60	.	60938438|60938438	True	+-	534	DEL	HG008-PB_tumor	27	19	0.41	0.0,0.0,1.0	0/1
chr14	102499943	severus_DUP2078	N	<DUP>	60.00	PASS	.	.	tandem_duplication	102762793	2	False	.	.	.	.	.	60	.	103327177|103327177	True	-+	262850	DUP	HG008-PB_tumor	37	17	0.31	0.0,0.0,0.52	0/1
chr15	24931141	severus_DUP2124	N	<DUP>	60.00	PASS	.	.	tandem_duplication	25004167	2	False	.	.	.	.	.	60	.	25209210|25209210	True	-+	73026	DUP	HG008-PB_tumor	46	15	0.25	0.0,0.0,0.38	0/1
chr15	31496985	severus_DUP2133	N	<DUP>	60.00	PASS	.	.	tandem_duplication	31637314	1	False	.	.	.	.	.	60	.	31579593|31723402	True	-+	140329	DUP	HG008-PB_tumor	56	25	0.31	0.0,0.56,0.0	0/1
chr15	40450789	severus_BND2155_1	N	]chr12:121442780]N	60.00	PASS	.	severus_6	Reciprocal_tra	.	1	False	.	.	.	.	.	60	severus_BND2155_2	40904969|121667201	True	+-	.	BND	HG008-PB_tumor	22	27	0.55	0.0,0.84,0.0	0/1
chr15	40450790	severus_BND2156_1	N	N[chr12:121442785[	60.00	PASS	.	severus_6	Reciprocal_tra	.	1	False	.	.	.	.	.	60	severus_BND2156_2	40904969|121667201	True	-+	.	BND	HG008-PB_tumor	22	25	0.53	0.0,0.81,0.0	0/1
chr15	74894107	severus_INS11329	N	GTGTGTGTGTGTGTGTGTGTGTGTGTGTGTGTGTGTGTGTGTGTGTGTGTGTGTGTGTGTGTGTGTGTGTGTGTGTGTGTGTGTGTGTGTGTGTGTGTGTGTGTGTGTGTGTGTGTGTGTGTGTGTGTGTGTGTGTGTGTGTGTGTGTGTGTGTGTGTGTGTGTTTTCTGAGCCAG	60.00	PASS	.	.	.	.	2	False	.	.	.	.	.	60	.	75260018|75260018	True	.	174	INS	HG008-PB_tumor	34	9	0.21	0.0,0.0,0.47	0/1
chr15	79431717	severus_DEL2245	N	<DEL>	60.00	PASS	.	.	.	79432730	1	False	.	.	.	.	.	60	.	79613196|79613196	True	+-	1013	DEL	HG008-PB_tumor	28	5	0.15	0.0,0.42,0.0	0/1
chr16	4484204	severus_DUP2342	N	<DUP>	60.00	PASS	.	.	tandem_duplication	4804234	0	False	.	.	.	.	.	60	.	4551107|5131781	True	-+	320030	DUP	HG008-PB_tumor	19	13	0.41	0.54,0.0,0.0	0/1
chr16	5423018	severus_DEL2343	N	<DEL>	60.00	PASS	.	.	.	5423196	2	True	.	.	.	.	.	60	.	6601541|6601541	False	+-	178	DEL	HG008-PB_tumor	23	3	0.12	0.0,0.0,0.12	0/1
chr16	50928456	severus_DEL2437	N	<DEL>	60.00	PASS	.	.	.	50928624	2	True	TRUE	.	.	.	.	60	.	51171317|51171317	False	+-	168	DEL	HG008-PB_tumor	29	34	0.54	0.0,0.0,0.97	0/1
chr16	72462758	severus_DUP2475	N	<DUP>	60.00	PASS	.	.	tandem_duplication	72553790	2	False	.	.	.	.	.	60	.	72677569|72677569	True	-+	91032	DUP	HG008-PB_tumor	67	26	0.28	0.0,0.0,0.45	0/1
chr16	89166442	severus_DEL2546	N	<DEL>	60.00	PASS	.	.	.	89166520	2	True	TRUE	.	.	.	.	60	.	89181254|89181254	False	+-	78	DEL	HG008-PB_tumor	24	22	0.48	0.0,0.0,0.96	0/1
chr17	31964195	severus_DUP2701	N	<DUP>	60.00	PASS	.	.	tandem_duplication	31977567	.	False	.	.	.	.	.	60	.	.	True	-+	13372	DUP	HG008-PB_tumor	23	3	0.12	1.0,0.0,0.0	0/1
chr17	31977414	severus_DEL2702	N	<DEL>	60.00	PASS	.	severus_7	.	32004128	2	False	.	.	.	.	.	60	.	32034272|32034272	True	+-	26714	DEL	HG008-PB_tumor	18	19	0.51	0.0,0.0,0.59	0/1
chr17	32305444	severus_BND2705_1	N	[chr17:32673230[N	60.00	PASS	.	severus_7	.	.	2	False	.	.	.	.	.	60	severus_BND2705_2	33603410|33603410	True	--	367786	BND	HG008-PB_tumor	28	33	0.54	0.0,0.0,0.72	0/1
chr17	32670397	severus_BND2707_1	N	N]chr17:32677808]	60.00	PASS	.	severus_7	foldback	.	2	False	.	.	.	.	.	60	severus_BND2707_2	33603410|33603410	True	++	7411	BND	HG008-PB_tumor	30	40	0.57	0.0,0.0,0.71	0/1
chr17	32673230	severus_BND2705_2	N	[chr17:32305444[N	60.00	PASS	.	severus_7	.	.	0	False	.	.	.	.	.	60	severus_BND2705_1	33603410|33603410	True	--	367786	BND	HG008-PB_tumor	28	33	0.54	0.0,0.0,0.72	0/1
chr17	32677808	severus_BND2707_2	N	N]chr17:32670397]	60.00	PASS	.	severus_7	foldback	.	0	False	.	.	.	.	.	60	severus_BND2707_1	33603410|33603410	True	++	7411	BND	HG008-PB_tumor	30	40	0.57	0.0,0.0,0.71	0/1
chr17	53933117	severus_DEL2754	N	<DEL>	60.00	PASS	.	.	.	53945145	2	False	.	.	.	.	.	60	.	54127706|54127706	True	+-	12028	DEL	HG008-PB_tumor	0	51	1.0	0.0,0.0,1.0	0/1
chr18	12027688	severus_DUP2904	N	<DUP>	60.00	PASS	.	.	tandem_duplication	12107963	2	False	.	.	.	.	.	60	.	12038914|12277614	True	-+	80275	DUP	HG008-PB_tumor	51	21	0.29	0.0,0.0,0.54	0/1
chr18	21493609	severus_BND2922_1	N	[chr20:25499118[N	60.00	PASS	.	.	.	.	1	False	.	.	.	.	.	60	severus_BND2922_2	21932457|25714346	True	--	.	BND	HG008-PB_tumor	24	23	0.49	0.0,1.0,0.0	0/1
chr18	22492810	severus_DUP2924	N	<DUP>	60.00	PASS	.	.	tandem_duplication	23222922	1	False	.	.	.	.	.	60	.	25687066|25687066	True	-+	730112	DUP	HG008-PB_tumor	55	28	0.34	0.0,0.47,0.0	0/1
chr18	28481424	severus_BND2938_1	N	]chrX:95812868]N	60.00	PASS	.	severus_8	Reciprocal_tra	.	0	False	.	.	.	.	.	60	severus_BND2938_2	28507390|95988452	True	+-	.	BND	HG008-PB_tumor	14	24	0.63	1.0,0.0,0.0	0/1
chr18	28482565	severus_BND2939_1	N	N[chrX:95810802[	60.00	PASS	.	severus_8	Reciprocal_tra	.	0	False	.	.	.	.	.	60	severus_BND2939_2	28507390|95988452	True	-+	.	BND	HG008-PB_tumor	16	18	0.53	1.0,0.0,0.0	0/1
chr19	4856356	severus_DEL3161	N	<DEL>	60.00	PASS	.	.	.	4860842	2	False	.	.	.	.	.	60	.	5020231|5020231	True	+-	4486	DEL	HG008-PB_tumor	18	5	0.22	0.0,0.0,0.22	0/1
chr19	11207621	severus_BND3186_1	N	N]chr19:11207683]	60.00	PASS	.	.	foldback	.	2	False	.	.	.	.	.	60	severus_BND3186_2	11623811|11623811	True	++	62	BND	HG008-PB_tumor	15	10	0.4	0.0,0.0,0.48	0/1
chr19	11207683	severus_BND3186_2	N	N]chr19:11207621]	60.00	PASS	.	.	foldback	.	2	False	.	.	.	.	.	60	severus_BND3186_1	11623811|11623811	True	++	62	BND	HG008-PB_tumor	15	10	0.4	0.0,0.0,0.48	0/1
chr19	34246143	severus_BND3255_1	N	[chr19:34248794[N	58.50	PASS	.	.	.	.	.	False	.	.	.	.	.	58	severus_BND3255_2	.	True	--	2651	BND	HG008-PB_tumor	19	3	0.14	0.75,0.0,0.0	0/1
chr19	34248794	severus_BND3255_2	N	[chr19:34246143[N	58.50	PASS	.	.	.	.	.	False	.	.	.	.	.	58	severus_BND3255_1	.	True	--	2651	BND	HG008-PB_tumor	19	3	0.14	0.75,0.0,0.0	0/1
chr19	38981212	severus_BND3266_1	N	[chr19:38983523[N	60.00	PASS	.	severus_9	foldback	.	1	False	.	.	.	.	.	60	severus_BND3266_2	39162445|39162445	True	--	2311	BND	HG008-PB_tumor	53	20	0.27	0.0,0.4,0.0	0/1
chr19	38983523	severus_BND3266_2	N	[chr19:38981212[N	60.00	PASS	.	severus_9	foldback	.	1	False	.	.	.	.	.	60	severus_BND3266_1	39162445|39162445	True	--	2311	BND	HG008-PB_tumor	53	20	0.27	0.0,0.4,0.0	0/1
chr19	39706584	severus_DEL3269	N	<DEL>	60.00	PASS	.	severus_9	.	50554250	0	False	.	.	.	.	.	60	.	39714095|51401302	True	+-	10847666	DEL	HG008-PB_tumor	59	31	0.34	0.49,0.0,0.0	0/1
chr19	40470025	severus_BND3272_1	N	]chr19:44908987]N	60.00	PASS	.	severus_10	.	.	2	False	.	.	.	.	.	60	severus_BND3272_2	40922028|44928146	True	+-	4438962	BND	HG008-PB_tumor	35	43	0.55	0.0,0.0,0.86	0/1
chr19	44719439	severus_DUP3284	N	<DUP>	60.00	PASS	.	severus_10	tandem_duplication	44916908	1	False	.	.	.	.	.	60	.	44817129|44928146	True	-+	197469	DUP	HG008-PB_tumor	40	42	0.51	0.0,0.79,0.0	0/1
chr19	44908987	severus_BND3272_2	N	N[chr19:40470025[	60.00	PASS	.	severus_10	.	.	2	False	.	.	.	.	.	60	severus_BND3272_1	40922028|44928146	True	+-	4438962	BND	HG008-PB_tumor	35	43	0.55	0.0,0.0,0.86	0/1
chr19	44991108	severus_BND3286_1	N	N]chr19:44992624]	60.00	PASS	.	.	foldback	.	2	False	.	.	.	.	.	60	severus_BND3286_2	45536227|45536227	True	++	1516	BND	HG008-PB_tumor	36	20	0.36	0.0,0.0,0.87	0/1
chr19	44992624	severus_BND3286_2	N	N]chr19:44991108]	60.00	PASS	.	.	foldback	.	2	False	.	.	.	.	.	60	severus_BND3286_1	45536227|45536227	True	++	1516	BND	HG008-PB_tumor	36	20	0.36	0.0,0.0,0.87	0/1
chr19	53132028	severus_DUP3323	N	<DUP>	60.00	PASS	.	.	tandem_duplication	53176846	2	False	.	.	.	.	.	60	.	53198882|53198882	True	-+	44818	DUP	HG008-PB_tumor	50	25	0.33	0.0,0.0,0.36	0/1
chr19	53167794	severus_DEL3324	N	<DEL>	60.00	PASS	.	.	.	53169184	2	False	.	.	.	.	.	60	.	53198882|53198882	True	+-	1390	DEL	HG008-PB_tumor	56	15	0.21	0.0,0.0,0.25	0/1
chr19	55068033	severus_DEL3341	N	<DEL>	60.00	PASS	.	.	.	55068455	0	False	.	.	.	.	.	60	.	55557134|55557134	True	+-	422	DEL	HG008-PB_tumor	18	3	0.14	0.25,0.0,0.0	0/1
chr20	21980693	severus_DEL4037	N	<DEL>	60.00	PASS	.	.	.	22025084	2	False	.	.	.	.	.	60	.	22298096|22298096	True	+-	44391	DEL	HG008-PB_tumor	0	23	1.0	0.0,0.0,1.0	0/1
chr20	25499118	severus_BND2922_2	N	[chr18:21493609[N	60.00	PASS	.	.	.	.	1	False	.	.	.	.	.	60	severus_BND2922_1	21932457|25714346	True	--	.	BND	HG008-PB_tumor	24	23	0.49	0.0,1.0,0.0	0/1
chr20	38428242	severus_BND4082_1	N	[chr20:38429601[N	60.00	PASS	.	severus_4	inv_tra	.	2	False	.	.	.	.	.	60	severus_BND4082_2	39861942|39861942	True	--	1359	BND	HG008-PB_tumor	74	23	0.24	0.0,0.0,0.53	0/1
chr20	38429601	severus_BND4082_2	N	[chr20:38428242[N	60.00	PASS	.	severus_4	inv_tra	.	0	False	.	.	.	.	.	60	severus_BND4082_1	39861942|39861942	True	--	1359	BND	HG008-PB_tumor	74	23	0.24	0.0,0.0,0.53	0/1
chr20	38430138	severus_BND4083_1	N	N]chr2:82711542]	60.00	PASS	.	severus_4	inv_tra	.	0	False	.	.	.	.	.	60	severus_BND4083_2	39861942|83316279	True	++	.	BND	HG008-PB_tumor	66	23	0.26	0.56,0.0,0.0	0/1
chr20	40907684	severus_DEL4087	N	<DEL>	60.00	PASS	.	.	.	40907778	1	False	.	.	.	.	.	60	.	41548971|41548971	True	+-	94	DEL	HG008-PB_tumor	47	37	0.44	0.0,0.59,0.0	0/1
chr20	43435693	severus_DUP4091	N	<DUP>	60.00	PASS	.	.	tandem_duplication	43624741	1	False	.	.	.	.	.	60	.	43678874|43678874	True	-+	189048	DUP	HG008-PB_tumor	74	26	0.26	0.0,0.53,0.0	0/1
chr20	51796494	severus_DEL4109	N	<DEL>	60.00	PASS	.	.	.	51797862	1	False	.	.	.	.	.	60	.	52134041|52134041	True	+-	1368	DEL	HG008-PB_tumor	47	25	0.35	0.0,0.54,0.0	0/1
chr20	62257545	severus_BND4158_1	N	N[chr20:62378068[	60.00	PASS	.	.	.	.	0	False	.	.	.	.	.	60	severus_BND4158_2	62450672|62450672	True	-+	120523	BND	HG008-PB_tumor	64	10	0.14	0.37,0.0,0.0	0/1
chr20	62378068	severus_BND4158_2	N	]chr20:62257545]N	60.00	PASS	.	.	.	.	1	False	.	.	.	.	.	60	severus_BND4158_1	62450672|62450672	True	-+	120523	BND	HG008-PB_tumor	64	10	0.14	0.37,0.0,0.0	0/1
chr21	20917525	severus_DEL4225	N	<DEL>	60.00	PASS	.	.	.	20917843	1	False	.	.	.	.	.	60	.	21796286|21796286	True	+-	318	DEL	HG008-PB_tumor	11	3	0.21	0.0,0.21,0.0	0/1
chr22	31903293	severus_INS14340	N	CCCTACGTTCACACTCACACCCTCCCACCTTCACCCTACCAACCCCCACCTTCCACACCTATTCCTCAACCTTCCATACCTAAACCCCCCCCACCTTCTGGCACCTAAACCCCGCTACCTTCCACACCTAAACTCCCACCTTCGTAACCTTCCACATCTAAATCCCCACCTTCCACACTAACCCCCATCTTCTGTACCTCCACCTTCCACACCTATACCTTCTATACCACCTTCTATACCT	60.00	PASS	.	.	.	.	2	False	TRUE	.	.	.	.	60	.	33216597|33216597	True	.	241	INS	HG008-PB_tumor	22	3	0.12	0.0,0.0,0.12	0/1
chr22	44252043	severus_DUP4427	N	<DUP>	60.00	PASS	.	.	tandem_duplication	44418342	1	False	.	.	.	.	.	60	.	44530523|44530523	True	-+	166299	DUP	HG008-PB_tumor	32	26	0.45	0.0,0.45,0.0	0/1
chr22	49059745	severus_DUP4472	N	<DUP>	60.00	PASS	.	.	tandem_duplication	49174457	2	False	.	.	.	.	.	60	.	49216990|49216990	True	-+	114712	DUP	HG008-PB_tumor	17	31	0.65	0.0,0.0,0.65	0/1
chrX	8495890	severus_BND7757_1	N	N[chr2:89324416[	51.00	PASS	.	.	.	.	2	False	.	.	.	.	.	51	severus_BND7757_2	9015332|89531263	True	-+	.	BND	HG008-PB_tumor	43	15	0.26	0.0,0.0,0.62	0/1
chrX	8514918	severus_DUP7758	N	<DUP>	60.00	PASS	.	.	tandem_duplication	8517756	2	False	.	.	.	.	.	60	.	9015332|9015332	True	-+	2838	DUP	HG008-PB_tumor	58	12	0.17	0.0,0.0,0.5	0/1
chrX	24130808	severus_DUP7777	N	<DUP>	60.00	PASS	.	.	tandem_duplication	24159150	.	False	.	.	.	.	.	60	.	.	True	-+	28342	DUP	HG008-PB_tumor	50	18	0.26	0.26,0.0,0.0	0/1
chrX	34245830	severus_DEL7793	N	<DEL>	60.00	PASS	.	.	.	34248230	1	False	.	.	.	.	.	60	.	34604886|34604886	True	+-	2400	DEL	HG008-PB_tumor	30	26	0.46	0.0,1.0,0.0	0/1
chrX	44845879	severus_DEL7803	N	<DEL>	60.00	PASS	.	.	.	44845995	2	False	.	.	.	.	.	60	.	44933260|44933260	True	+-	116	DEL	HG008-PB_tumor	25	26	0.51	0.0,0.0,1.0	0/1
chrX	69807092	severus_INS18777	N	AAAAAAAAGACTTGGAACCAACCCAAATGTCCAACAATGATAGACTGGATTAAGAAAATGTGGCACATATACACCATGGAATACTATGCAGCCATAAAAAATGATGAGTTCATATCCTTTGTAGGGACATGGATGAAATTGGAAACCATCATTCTCAGTAAACTATCGCAAGAACAAAAAACCAAACACCGCATATTCTCACTCATAGGTGGGAATTGAACAATGAGATCACATGGACACAGGAAGGGGAATATCACACTCTGGGGACTGTGGTGGGGTCGGGGGAGGGGGGAGGGATAGCATTGGGAGATATACCTAATGCTAGATGACACATTAGTGGGTGCAGCGCACCAGCATGGCACATGTATACATATGTAACTAACCTGCACAATGTGCACATGTACCCTAAAACTTAGAGTATAATAAAAAAAAAAAAAAAAAAAAAAAAAAAAAAAAAAACAAAAATAAAAAAAAAAAAAAAAAAAAAAAAAAAAAAAAAAAAAAAAAAAAAAAAAA	60.00	PASS	.	.	.	.	.	False	.	.	.	.	.	60	.	.	True	.	515	INS	HG008-PB_tumor	36	26	0.42	0.43,0.0,0.0	0/1
chrX	79649369	severus_DEL7841	N	<DEL>	60.00	PASS	.	.	.	79650935	2	False	.	.	.	.	.	60	.	79747670|79747670	True	+-	1566	DEL	HG008-PB_tumor	33	27	0.45	0.0,0.0,0.96	0/1
chrX	90627648	severus_BND7857_1	N	N[chrX:95207240[	60.00	PASS	.	.	.	.	0	False	.	.	.	.	.	60	severus_BND7857_2	90667432|95291634	True	-+	4579592	BND	HG008-PB_tumor	54	15	0.22	0.47,0.0,0.0	0/1
chrX	95207240	severus_BND7857_2	N	]chrX:90627648]N	60.00	PASS	.	.	.	.	1	False	.	.	.	.	.	60	severus_BND7857_1	90667432|95291634	True	-+	4579592	BND	HG008-PB_tumor	54	15	0.22	0.47,0.0,0.0	0/1
chrX	95810802	severus_BND2939_2	N	]chr18:28482565]N	60.00	PASS	.	severus_8	Reciprocal_tra	.	1	False	.	.	.	.	.	60	severus_BND2939_1	28507390|95988452	True	-+	.	BND	HG008-PB_tumor	16	18	0.53	1.0,0.0,0.0	0/1
chrX	95812868	severus_BND2938_2	N	N[chr18:28481424[	60.00	PASS	.	severus_8	Reciprocal_tra	.	1	False	.	.	.	.	.	60	severus_BND2938_1	28507390|95988452	True	+-	.	BND	HG008-PB_tumor	14	24	0.63	1.0,0.0,0.0	0/1
chrX	125899652	severus_INS18901	N	TTTTTTTTTTTTTTTTTTTTTTTTTTTTTTTTTTTTTTTTTTTTTTTTTTTTTTTTTTTTTTTTTTTTTTTTTTTTTTATTCTTCTTTGTTTTATTTTTCTTTTTTTTTTTTTTTTTTTTT	60.00	PASS	.	.	.	.	1	True	.	.	.	.	.	60	.	126299562|126299562	False	.	119	INS	HG008-PB_tumor	20	29	0.59	0.0,1.0,0.0	0/1
chrUn_KI270744v1	147997	severus_BND7650_1	N	N]chr11:117394662]	37.50	PASS	.	.	.	.	.	False	.	.	.	.	.	37	severus_BND7650_2	.	True	++	.	BND	HG008-PB_tumor	87	22	0.2	0.34,0.0,0.0	0/1
