#cluster_id	adj_1-tadj_2	read_support	vaf	genotype	sv_type	det_sv_type	direction	bnd	phaseblock	genome_ids
severus_0	+chr7:143127754|-chr7:143196806	39	0.6290322580645161	het	DEL		HT	intra	(143288090, 143288090)	COLO829-ONT-TO_tumor.bam
severus_0	+chr7:144262133|-chr7:144391700	28	0.358974358974359	het	BND	None	HT	intra	(151670169, 151670169)	COLO829-ONT-TO_tumor.bam
severus_0	+chr7:126106069|-chr7:126526846	23	0.4107142857142857	het	DEL		HT	intra	(126306629, 130435482)	COLO829-ONT-TO_tumor.bam
severus_0	-chr7:144239441|-chr7:144240113	22	0.21153846153846154	het	BND	foldback	HH/TT	intra	(151670169, 151670169)	COLO829-ONT-TO_tumor.bam
severus_0	+chr7:126527390|+chr7:144239439	24	0.2553191489361702	het	BND	dup_inv_segment	HH/TT	intra	(130435482, 151670169)	COLO829-ONT-TO_tumor.bam
severus_0	+chr7:144241253|+chr7:144393372	25	0.27472527472527475	hom	BND	None	HH/TT	intra		COLO829-ONT-TO_tumor.bam
severus_0	-chr7:126458433|-chr7:126527386	26	0.36619718309859156	het	BND	dup_inv_segment	HH/TT	intra	(130435482, 130435482)	COLO829-ONT-TO_tumor.bam
severus_1	+chr12:8405889|-chr12:8417850	12	0.8	het	DEL		HT	intra	(9568581, 9568581)	COLO829-ONT-TO_tumor.bam
severus_1	-chr12:9579440|+chrX:42894370	11	0.4583333333333333	het	BND	None	TH	inter	(17483077, 42962850)	COLO829-ONT-TO_tumor.bam
severus_1	+chr12:9480318|-chrX:42888393	15	0.5172413793103449	het	BND	None	HT	inter	(9568581, 42962850)	COLO829-ONT-TO_tumor.bam
severus_1	+chr12:8405890|-chr12:8438250	8	0.6666666666666666	het	DEL		HT	intra	(9568581, 9568581)	COLO829-ONT-TO_tumor.bam
severus_2	-chr11:50108132|-chr11:50366463	10	0.29411764705882354	het	BND	complex_inv	HH/TT	intra	(54525824, 54525824)	COLO829-ONT-TO_tumor.bam
severus_2	+chr11:48888300|+chr11:48899961	18	0.1956521739130435	het	BND	foldback	HH/TT	intra	(49324688, 49324688)	COLO829-ONT-TO_tumor.bam
severus_2	-chr11:49711869|-chr11:49728196	19	0.4418604651162791	het	BND	None	HH/TT	intra	(54525824, 54525824)	COLO829-ONT-TO_tumor.bam
severus_2	+chr11:49714844|+chr11:49731324	6	0.1276595744680851	het	BND	complex_inv	HH/TT	intra	(54525824, 54525824)	COLO829-ONT-TO_tumor.bam
severus_2	+chr11:49715000|+chr11:49731324	9	0.20454545454545456	het	BND	complex_inv	HH/TT	intra	(54525824, 54525824)	COLO829-ONT-TO_tumor.bam
severus_2	-chr11:48880466|-chr11:48892127	17	0.19318181818181818	het	BND	complex_inv	HH/TT	intra	(49324688, 49324688)	COLO829-ONT-TO_tumor.bam
severus_3	-chr3:26390425|-chr6:26193802	21	0.21428571428571427	het	BND	inv_tra	HH/TT	inter	(26428614, 31413080)	COLO829-ONT-TO_tumor.bam
severus_3	+chr3:26622431|+chr3:26623008	38	0.3619047619047619	het	BND	foldback	HH/TT	intra	(31413080, 31413080)	COLO829-ONT-TO_tumor.bam
severus_3	+chr6:26193889|+chr6:26194178	16	0.2909090909090909	hom	BND	inv_tra	HH/TT	intra		COLO829-ONT-TO_tumor.bam
severus_4	+chr6:32486909|-chr6:32510887	8	0.47058823529411764	het	BND	None	HT	intra	(35200856, 35200856)	COLO829-ONT-TO_tumor.bam
severus_4	-chr6:31041442|-chr6:31042318	20	0.38461538461538464	het	BND	None	HH/TT	intra	(35200856, 35200856)	COLO829-ONT-TO_tumor.bam
severus_5	-chr10:58717463|+chr3:25359568	24	0.2891566265060241	het	BND	None	HT	inter	(31413080, 58793848)	COLO829-ONT-TO_tumor.bam
severus_5	-chr12:72273111|+chr3:25359111	24	0.25	het	BND	None	HT	inter	(31413080, 72452190)	COLO829-ONT-TO_tumor.bam
severus_5	-chr3:24523614|-chr3:24524687	39	0.4482758620689655	het	BND	foldback	HH/TT	intra	(24525140, 24525140)	COLO829-ONT-TO_tumor.bam
severus_5	+chr10:58717662|+chr12:72273294	23	0.4791666666666667	hom	BND	None	HH/TT	inter		COLO829-ONT-TO_tumor.bam
severus_6	+chr5:180951626|-chr5:181003454	7	1.0	het	DEL		HT	intra	(181439906, 181439906)	COLO829-ONT-TO_tumor.bam
severus_6	-chr5:179633979|-chr5:179655160	4	0.21052631578947367	het	BND	dup_inv_segment	HH/TT	intra	(180015524, 180015524)	COLO829-ONT-TO_tumor.bam
severus_6	+chr5:179643529|+chr5:179658566	5	0.17857142857142858	het	BND	dup_inv_segment	HH/TT	intra	(180015524, 180015524)	COLO829-ONT-TO_tumor.bam
severus_7	-chr12:86845555|-chr12:86858770	16	0.2807017543859649	het	BND	complex_inv	HH/TT	intra	(88038455, 88038455)	COLO829-ONT-TO_tumor.bam
severus_7	+chr12:86846726|+chr12:86860052	10	0.18867924528301888	hom	BND	complex_inv	HH/TT	intra		COLO829-ONT-TO_tumor.bam
severus_7	+chr12:86847821|+chr12:86860052	12	0.26666666666666666	het	BND	None	HH/TT	intra	(88038455, 88038455)	COLO829-ONT-TO_tumor.bam
severus_7	-chr12:86845555|-chr12:86857785	11	0.2391304347826087	het	BND	complex_inv	HH/TT	intra	(88038455, 88038455)	COLO829-ONT-TO_tumor.bam
severus_8	-chr9:28031864|-chr9:28034468	10	0.43478260869565216	het	BND	dup_inv_segment	HH/TT	intra	(28148702, 28148702)	COLO829-ONT-TO_tumor.bam
severus_8	+chr9:28034301|-chr9:28157693	11	0.5	hom	BND	None	HT	intra		COLO829-ONT-TO_tumor.bam
severus_8	+chr9:28031837|+chr9:28059142	14	0.5833333333333334	het	BND	dup_inv_segment	HH/TT	intra	(28148702, 28148702)	COLO829-ONT-TO_tumor.bam
severus_9	+chr2:4157846|+chr2:4165086	3	0.08571428571428572	hom	BND	dup_inv_segment	HH/TT	intra		COLO829-ONT-TO_tumor.bam
severus_9	+chr2:4165086|-chr2:4175888	7	0.19444444444444445	het	DEL		HT	intra	(9485600, 9485600)	COLO829-ONT-TO_tumor.bam
severus_9	-chr2:4157678|-chr2:4175888	3	0.08108108108108109	hom	BND	dup_inv_segment	HH/TT	intra		COLO829-ONT-TO_tumor.bam
severus_11	+chr1:168217251|-chr3:53141868	6	0.10344827586206896	hom	BND	None	TH	inter		COLO829-ONT-TO_tumor.bam
severus_11	-chr1:168216947|-chr1:182305180	14	0.23728813559322035	het	BND	None	HH/TT	intra	(168332385, 182397553)	COLO829-ONT-TO_tumor.bam
severus_12	+chr1:223558935|-chr1:223608935	44	1.0	het	DEL		HT	intra	(223913544, 223913544)	COLO829-ONT-TO_tumor.bam
severus_12	-chr1:224458900|+chr1:224612418	33	0.38823529411764707	het	BND		TH	intra	(224975194, 224975194)	COLO829-ONT-TO_tumor.bam
severus_13	-chr6:12431797|-chr6:12432447	43	0.9148936170212766	het	BND	reciprocal_inv_del	HH/TT	intra	(16263648, 16263648)	COLO829-ONT-TO_tumor.bam
severus_13	+chr6:12431797|+chr6:12432272	42	0.9130434782608695	hom	BND	reciprocal_inv_del	HH/TT	intra		COLO829-ONT-TO_tumor.bam
severus_14	-chr10:7017548|+chr19:17286002	13	0.35135135135135137	het	BND	Templated_ins	TH	inter	(7168384, 18506575)	COLO829-ONT-TO_tumor.bam
severus_14	+chr10:7090914|-chr19:17286830	10	0.2631578947368421	het	BND	Templated_ins	HT	inter	(7168384, 18506575)	COLO829-ONT-TO_tumor.bam
severus_15	+chr10:59143170|+chr7:82159848	4	0.08888888888888889	het	BND	Templated_ins	HH/TT	inter	(59162685, 82853359)	COLO829-ONT-TO_tumor.bam
severus_15	-chr10:59142648|-chr7:82159831	3	0.06666666666666667	het	BND	Templated_ins	HH/TT	inter	(59162685, 82853359)	COLO829-ONT-TO_tumor.bam
severus_16	+chr3:162807954|+chr3:162829855	24	0.4897959183673469	het	BND	None	HH/TT	intra	(169811774, 169811774)	COLO829-ONT-TO_tumor.bam
severus_16	-chr3:162827574|-chr3:162829870	25	0.5	het	BND	foldback	HH/TT	intra	(169811774, 169811774)	COLO829-ONT-TO_tumor.bam
severus_17	+chr7:54234014|+chr7:54324271	5	0.1	het	BND	dup_inv_segment	HH/TT	intra	(56991590, 56991590)	COLO829-ONT-TO_tumor.bam
severus_17	-chr7:54218127|-chr7:54308393	6	0.10909090909090909	het	BND	dup_inv_segment	HH/TT	intra	(56991590, 56991590)	COLO829-ONT-TO_tumor.bam
severus_18	-chr7:70961198|-chr7:70973893	16	0.36363636363636365	het	BND	reciprocal_inv_del	HH/TT	intra	(73112782, 73112782)	COLO829-ONT-TO_tumor.bam
severus_18	+chr7:70955983|+chr7:70973901	12	0.3076923076923077	het	BND	reciprocal_inv_del	HH/TT	intra	(73112782, 73112782)	COLO829-ONT-TO_tumor.bam
severus_22	+chr13:111703855|-chr13:111789114	21	1.0	hom	DEL	DEL	HT	intra		COLO829-ONT-TO_tumor.bam
severus_22	+chr13:112772524|-chr13:112790169	12	0.4	het	BND	None	HT	intra	(0, 0)	COLO829-ONT-TO_tumor.bam
severus_23	-chr9:62814083|-chr9:62822794	19	0.05740181268882175	het	BND	foldback	HH/TT	intra	(63023402, 63023402)	COLO829-ONT-TO_tumor.bam
severus_23	+chr9:62818567|-chr9:63809298	8	0.023054755043227664	het	DEL		HT	intra	(63023402, 63976398)	COLO829-ONT-TO_tumor.bam
severus_25	-chr17:30625589|-chr17:32037969	8	0.11940298507462686	het	BND	None	HH/TT	intra	(34188515, 34188515)	COLO829-ONT-TO_tumor.bam
severus_25	-chr17:30616128|-chr17:30625589	17	0.22666666666666666	het	BND	dup_inv_segment	HH/TT	intra	(34188515, 34188515)	COLO829-ONT-TO_tumor.bam
severus_25	+chr17:30621881|+chr17:30631350	18	0.2222222222222222	het	BND	dup_inv_segment	HH/TT	intra	(34188515, 34188515)	COLO829-ONT-TO_tumor.bam
severus_26	+chr21:10458142|-chrY:56854863	45	0.1505016722408027	het	BND	None	HT	inter	(12965965, 0)	COLO829-ONT-TO_tumor.bam
severus_26	+chr21:10404030|-chr21:10415674	39	0.12380952380952381	het	BND	None	HT	intra	(12965965, 12965965)	COLO829-ONT-TO_tumor.bam
severus_27	-chr21:26648368|-chr21:26649406	8	0.3076923076923077	het	BND	reciprocal_inv_del	HH/TT	intra	(30549441, 30549441)	COLO829-ONT-TO_tumor.bam
severus_27	+chr21:26648368|+chr21:26649308	8	0.3076923076923077	het	BND	reciprocal_inv_del	HH/TT	intra	(30549441, 30549441)	COLO829-ONT-TO_tumor.bam
