CHROM	POS	ID	REF	ALT	QUAL	FILTER	ALIGNED_POS	CLUSTERID	DETAILED_TYPE	END	HP	IMPRECISE	INFO_VAF	INSIDE_VNTR	INSIDE_WHITELIST	INSLEN	INSSEQ	LOW_COV_IN	MAPQ	MATE_ID	PHASESETID	PRECISE	STRANDS	SVLEN	SVTYPE	VCF_SAMPLE_ID	DR	DV	VAF	hVAF	GT
chr1	86871328	severus_BND692_2	N	N]chr10:33097536]	60.00	PASS	.	.	.	.	2	False	0.1700000	.	.	.	.	.	60	severus_BND692_1	35479994|87048583	True	++	.	BND	COLO829-ONT_tumor	29	6	0.17	1.0,0.0,0.0	0/1
chr1	207807888	severus_DEL412	N	<DEL>	60.00	PASS	.	.	.	207841472	1	False	0.1700000	.	.	.	.	.	60	.	210185458|210185458	True	+-	33584	DEL	COLO829-ONT_tumor	33	7	0.17	0.0,0.29,0.0	0/1
chr1	224458900	severus_BND449_1	N	N[chr1:224612418[	60.00	PASS	.	.	.	.	1	False	0.3900000	.	.	.	.	.	60	severus_BND449_2	224991251|224991251	True	-+	153518	BND	COLO829-ONT_tumor	52	33	0.39	0.0,0.39,0.0	0/1
chr1	224595139	severus_DEL450	N	<DEL>	60.00	PASS	.	.	.	224598326	1	False	0.2700000	.	.	.	.	.	60	.	224991251|224991251	True	+-	3187	DEL	COLO829-ONT_tumor	60	22	0.27	0.0,0.28,0.0	0/1
chr1	224612418	severus_BND449_2	N	]chr1:224458900]N	60.00	PASS	.	.	.	.	1	False	0.3900000	.	.	.	.	.	60	severus_BND449_1	224991251|224991251	True	-+	153518	BND	COLO829-ONT_tumor	52	33	0.39	0.0,0.39,0.0	0/1
chr2	13819025	severus_INS13768	N	TATATATTTATATATATTTATATATTTATATATTTATATATATTTATATATATTTATATATATTTATATATATTTATATATATTTATATATATTTATATATTTATATATATATATTTATATATTTATTTATATATATTTATATATATATATATTTATATATATGTTTATATATATTTATATATATTTATATATATTTATATATATTTATATATATATTTATATATATTTATATATATATTTATATATATTTATATATATATATATATATTTATATATATTTATATATATATATATTTATATATATATTTATATATTTATATATATTTATATATATATTTATATATTTATAGTATATATTTT	60.00	PASS	.	.	.	.	2	True	0.0700000	TRUE	.	.	.	.	60	.	14480722|14480722	False	.	367	INS	COLO829-ONT_tumor	39	3	0.07	0.0,0.0,0.14	0/1
chr2	20405766	severus_DEL3771	N	<DEL>	60.00	PASS	.	.	.	20408703	2	False	0.1100000	.	.	.	.	.	60	.	20839191|20839191	True	+-	2937	DEL	COLO829-ONT_tumor	33	4	0.11	0.0,0.0,0.15	0/1
chr2	91792764	severus_DEL3924	N	<DEL>	52.00	PASS	.	.	.	91800470	1	False	0.0800000	.	.	.	.	.	52	.	92096458|92096458	True	+-	7706	DEL	COLO829-ONT_tumor	123	10	0.08	0.0,0.62,0.0	0/1
chr2	91956789	severus_DEL3925	N	<DEL>	60.00	PASS	.	.	.	91956975	1	False	0.0500000	.	.	.	.	.	60	.	92096458|92096458	True	+-	186	DEL	COLO829-ONT_tumor	56	3	0.05	0.0,0.14,0.0	0/1
chr2	91970197	severus_DEL3926	N	<DEL>	59.00	PASS	.	.	.	91970247	1	False	0.0900000	.	.	.	.	.	59	.	92096458|92096458	True	+-	50	DEL	COLO829-ONT_tumor	50	5	0.09	0.0,0.23,0.0	0/1
chr2	109199495	severus_INS13995	N	AATGGAATGGAATGGAATGGAATGGAAATGGAATAAAATGGAATGGAATGGAATGGAATGGAATGGAATGGAATGGAATGGAATGGAATGGAATGGAATGGAATGGAATGGAATGGAATGGAATGGAATGGAATGGAATGGAATGGAATGGAATGGAATGGAATGGAATGGAATGGAATGGAATGGAATGGAATGGAATGGAATGGAATGGAATGGAATGGAATGGAATGGAATGGAATGGAATGGAATGGAATGGAATGGAATGGAATGGAATGGAATGGAATGGAATGGAATGGAATGGAATGGAATGGAATGGAATGGAATGGAATGGAATGGAATGGAATGGA	60.00	PASS	.	.	.	.	1	True	0.5600000	TRUE	.	.	.	.	60	.	109982457|109982457	False	.	341	INS	COLO829-ONT_tumor	16	20	0.56	0.0,0.8,0.0	0/1
chr3	24523614	severus_BND4955_1	N	[chr3:24524687[N	60.00	PASS	.	.	foldback	.	1	False	0.4500000	.	.	.	.	.	60	severus_BND4955_2	26234194|26234194	True	--	1073	BND	COLO829-ONT_tumor	48	39	0.45	0.0,0.76,0.0	0/1
chr3	24524687	severus_BND4955_2	N	[chr3:24523614[N	60.00	PASS	.	.	foldback	.	1	False	0.4500000	.	.	.	.	.	60	severus_BND4955_1	26234194|26234194	True	--	1073	BND	COLO829-ONT_tumor	48	39	0.45	0.0,0.76,0.0	0/1
chr3	25359111	severus_BND4959_1	N	]chr12:72273111]N	60.00	PASS	.	severus_2	.	.	2	False	0.2500000	.	.	.	.	.	60	severus_BND4959_2	26234194|72369598	True	+-	.	BND	COLO829-ONT_tumor	72	24	0.25	0.0,0.0,0.36	0/1
chr3	25359568	severus_BND4960_1	N	]chr10:58717463]N	60.00	PASS	.	severus_2	.	.	2	False	0.2900000	.	.	.	.	.	60	severus_BND4960_2	26234194|59389540	True	+-	.	BND	COLO829-ONT_tumor	59	24	0.29	0.0,0.0,0.39	0/1
chr3	26390425	severus_BND6506_2	N	[chr6:26193802[N	60.00	PASS	.	severus_3	inv_tra	.	2	False	0.2100000	.	.	.	.	.	60	severus_BND6506_1	26516942|27274629	True	--	.	BND	COLO829-ONT_tumor	77	21	0.21	0.37,0.0,0.0	0/1
chr3	26622431	severus_BND4963_1	N	N]chr3:26623008]	60.00	PASS	.	severus_3	foldback	.	2	False	0.3600000	.	.	.	.	.	60	severus_BND4963_2	27274629|27274629	True	++	577	BND	COLO829-ONT_tumor	67	38	0.36	0.0,0.0,0.73	0/1
chr3	26623008	severus_BND4963_2	N	N]chr3:26622431]	60.00	PASS	.	severus_3	foldback	.	0	False	0.3600000	.	.	.	.	.	60	severus_BND4963_1	27274629|27274629	True	++	577	BND	COLO829-ONT_tumor	67	38	0.36	0.0,0.0,0.73	0/1
chr3	60147026	severus_DEL5026	N	<DEL>	60.00	PASS	.	.	.	60218814	1	False	0.2500000	.	.	.	.	.	60	.	61075523|61075523	True	+-	71788	DEL	COLO829-ONT_tumor	33	11	0.25	0.0,0.5,0.0	0/1
chr3	60886453	severus_DEL5027	N	<DEL>	60.00	PASS	.	.	.	61027532	1	False	0.2000000	.	.	.	.	.	60	.	61075523|61075523	True	+-	141079	DEL	COLO829-ONT_tumor	41	10	0.2	0.0,0.29,0.0	0/1
chr3	102044446	severus_DEL5106	N	<DEL>	59.00	PASS	.	.	.	102044514	.	False	0.0700000	.	.	.	.	.	59	.	.	True	+-	68	DEL	COLO829-ONT_tumor	52	4	0.07	0.5,0.0,0.0	0/1
chr3	164201481	severus_BND700_2	N	N[chr10:36472381[	60.00	PASS	.	.	.	.	1	False	0.1100000	.	.	.	.	.	60	severus_BND700_1	36897302|169266197	True	+-	.	BND	COLO829-ONT_tumor	34	4	0.11	0.29,0.0,0.0	0/1
chr3	164201497	severus_BND699_2	N	]chr10:36471517]N	51.50	PASS	.	.	.	.	.	False	0.1100000	.	.	.	.	.	51	severus_BND699_1	.	True	-+	.	BND	COLO829-ONT_tumor	34	4	0.11	0.8,0.0,0.0	0/1
chr3	195474619	severus_DUP5303	N	<DUP>	60.00	PASS	.	.	tandem_duplication	195474703	0	False	0.0900000	.	.	.	.	.	60	.	197698829|197698829	True	-+	84	DUP	COLO829-ONT_tumor	41	4	0.09	0.25,0.0,0.0	0/1
chr4	49268690	severus_DEL5550	N	<DEL>	60.00	PASS	.	.	.	49268799	.	False	0.0400000	.	.	.	.	.	60	.	.	True	+-	109	DEL	COLO829-ONT_tumor	370	15	0.04	0.31,0.0,0.0	0/1
chr4	65346236	severus_INS16061	N	TTTTGTTTATAATGCAGTATTGAAAATATTTTCTCAGTCTAAACTTGTATTTCTTACTTTTTGTATAAGTAAGTACATTATAT	60.00	PASS	.	.	.	.	2	True	0.4700000	.	.	.	.	.	60	.	68107049|68107049	False	.	83	INS	COLO829-ONT_tumor	24	21	0.47	0.0,0.0,1.0	0/1
chr4	74019287	severus_DEL5607	N	<DEL>	60.00	PASS	.	.	.	74019337	1	True	0.0700000	TRUE	.	.	.	.	60	.	74381984|74381984	False	+-	50	DEL	COLO829-ONT_tumor	37	3	0.07	0.0,0.12,0.0	0/1
chr4	187075166	severus_INS16364	N	ATCTAAGAAACCGACAGACATTAACTTGGCAACCAAATGATCAAGGTGAAAATTACCAAATAGG	60.00	PASS	.	.	.	.	1	True	0.3300000	.	.	.	.	.	60	.	187929889|187929889	False	.	61	INS	COLO829-ONT_tumor	36	18	0.33	0.0,1.0,0.0	0/1
chr5	28787889	severus_BND6071_1	N	]chr5:28962988]N	60.00	PASS	.	.	.	.	1	False	0.4800000	.	.	.	.	.	60	severus_BND6071_2	30025485|30025485	True	+-	175099	BND	COLO829-ONT_tumor	11	10	0.48	0.0,0.5,0.0	0/1
chr5	28962988	severus_BND6071_2	N	N[chr5:28787889[	60.00	PASS	.	.	.	.	1	False	0.4800000	.	.	.	.	.	60	severus_BND6071_1	30025485|30025485	True	+-	175099	BND	COLO829-ONT_tumor	11	10	0.48	0.0,0.5,0.0	0/1
chr6	26193802	severus_BND6506_1	N	[chr3:26390425[N	60.00	PASS	.	severus_3	inv_tra	.	0	False	0.2100000	.	.	.	.	.	60	severus_BND6506_2	26516942|27274629	True	--	.	BND	COLO829-ONT_tumor	77	21	0.21	0.37,0.0,0.0	0/1
chr6	26193889	severus_BND6507_1	N	N]chr6:26194178]	44.50	PASS	.	severus_3	inv_tra	.	.	False	0.2900000	.	.	.	.	.	44	severus_BND6507_2	.	True	++	289	BND	COLO829-ONT_tumor	39	16	0.29	0.53,0.0,0.0	0/1
chr6	26194178	severus_BND6507_2	N	N]chr6:26193889]	44.50	PASS	.	severus_3	inv_tra	.	.	False	0.2900000	.	.	.	.	.	44	severus_BND6507_1	.	True	++	289	BND	COLO829-ONT_tumor	39	16	0.29	0.53,0.0,0.0	0/1
chr6	64588489	severus_BND2286_2	N	N]chr15:20736698]	54.00	PASS	.	.	.	.	.	False	0.1100000	.	.	.	.	.	54	severus_BND2286_1	.	True	++	.	BND	COLO829-ONT_tumor	31	4	0.11	0.67,0.0,0.0	0/1
chr7	356581	severus_INS17616	N	CACCATCACCATCATCACTATCACTACCATCACCATCACCACCATCGCTATCAACATCACCATCACCATCACCATCATCACTATCACCACCATCATCGCTATCAACACCACCATCACCGTCATCACCACCATCATCACCACCATCATCATCACCACCATCACCATCACCACCACCACCATCACCACCATCACCATTACCACCATCACCACCACCACCATCACCACCATCATCGCTATCAACACCACCATCACCGTCATCACCACCATCATCACCACCATCACCACCATCATCATCACCACCATCACCACCATCACCATCACCACCATCACCATTACCACCATCACCACCACCATCACCACCATCACCACCACCACCATCACCATCACCACCATCACCACCATCACCACCATCACCACCATCACCATCACCACCACCATCACCACTATCACCATCACCATCACCACCATCATCATCACCACCATCACCACCATCACCATCACCACCATCACCATTACCACCATCACCACCACCATCACCACCATCACCACCACCATCACCATCACCACCATCACCACCATCACCACGGGTAGGGATGCAGTGGGCTCTGTGCTCGCCTCCTGAGAGGCACGGGGCTGAGGACCTGTGAGCGGGTGGGGATGCAGTGGGCTCTGTGCTCGCCTCCTGAGAGGCACGGGGCTGAGGACCTGTGAGCGGGTGGGGATGCAGTGGGCCCTGTGCTTGCCTCCTGAGAGGCACGGGGCTGAGGACTTGTGAGCAGGTGGGGATGCAGTGGGCCCTGTGCTCACCTCCTGAGAGGCACGGGGCTGAGGACCTGTGAGG	60.00	PASS	.	.	.	.	1	False	0.1100000	.	.	.	.	.	60	.	4385461|4385461	True	.	831	INS	COLO829-ONT_tumor	40	5	0.11	0.0,0.2,0.0	0/1
chr7	5972494	severus_INS17689	N	TCACATCCTGAGGAAACCAAATCACAGCATCAAATTATGGGAAATCAAACTCTTTTTGTTCCCCTGCAAGG	60.00	PASS	.	.	.	.	2	True	0.2400000	.	.	.	.	.	60	.	6598735|6598735	False	.	71	INS	COLO829-ONT_tumor	45	14	0.24	0.0,0.0,1.0	0/1
chr7	54309914	severus_DEL7150	N	<DEL>	60.00	PASS	.	.	.	54319614	2	False	0.1200000	.	.	.	.	.	60	.	54680887|54680887	True	+-	9700	DEL	COLO829-ONT_tumor	43	6	0.12	0.0,0.0,0.4	0/1
chr7	57403874	severus_DEL7161	N	<DEL>	60.00	PASS	.	.	.	57436402	1	False	0.4500000	.	.	.	.	.	60	.	57912448|57912448	True	+-	32528	DEL	COLO829-ONT_tumor	26	21	0.45	0.0,1.0,0.0	0/1
chr7	78352522	severus_DEL7216	N	<DEL>	60.00	PASS	.	.	.	78452931	.	False	0.2300000	.	.	.	.	.	60	.	.	True	+-	100409	DEL	COLO829-ONT_tumor	30	9	0.23	0.45,0.0,0.0	0/1
chr7	78560890	severus_DEL7217	N	<DEL>	60.00	PASS	.	.	.	78628368	1	False	0.2600000	.	.	.	.	.	60	.	82832800|82832800	True	+-	67478	DEL	COLO829-ONT_tumor	43	15	0.26	0.0,0.6,0.0	0/1
chr7	86215351	severus_DUP7236	N	<DUP>	60.00	PASS	.	.	tandem_duplication	86224384	0	False	0.0900000	.	.	.	.	.	60	.	86811084|86811084	True	-+	9033	DUP	COLO829-ONT_tumor	39	4	0.09	0.31,0.0,0.0	0/1
chr7	104844619	severus_DUP7284	N	<DUP>	60.00	PASS	.	.	tandem_duplication	104971855	1	False	0.2900000	.	.	.	.	.	60	.	105068644|105068644	True	-+	127236	DUP	COLO829-ONT_tumor	53	22	0.29	0.0,0.5,0.0	0/1
chr7	110753276	severus_DEL7302	N	<DEL>	60.00	PASS	.	.	.	110754404	1	False	0.2300000	.	.	.	.	.	60	.	111573428|111573428	True	+-	1128	DEL	COLO829-ONT_tumor	40	12	0.23	0.0,0.43,0.0	0/1
chr7	126106069	severus_DEL7326	N	<DEL>	60.00	PASS	.	severus_0	.	126526846	2	False	0.4300000	.	.	.	.	.	60	.	128517973|128517973	True	+-	420777	DEL	COLO829-ONT_tumor	33	25	0.43	0.0,0.0,1.0	0/1
chr7	126458433	severus_BND7328_1	N	[chr7:126527386[N	60.00	PASS	.	severus_0	dup_inv_segment	.	2	False	0.3800000	.	.	.	.	.	60	severus_BND7328_2	128517973|128517973	True	--	68953	BND	COLO829-ONT_tumor	45	27	0.38	0.0,0.0,0.71	0/1
chr7	126527386	severus_BND7328_2	N	[chr7:126458433[N	60.00	PASS	.	severus_0	dup_inv_segment	.	2	False	0.3800000	.	.	.	.	.	60	severus_BND7328_1	128517973|128517973	True	--	68953	BND	COLO829-ONT_tumor	45	27	0.38	0.0,0.0,0.71	0/1
chr7	126527390	severus_BND7329_1	N	N]chr7:144239439]	47.50	PASS	.	severus_0	dup_inv_segment	.	0	False	0.2700000	.	.	.	.	.	47	severus_BND7329_2	128517973|147317761	True	++	17712049	BND	COLO829-ONT_tumor	70	26	0.27	0.72,0.0,0.0	0/1
chr7	144211567	severus_DEL7372	N	<DEL>	60.00	PASS	.	.	.	144213295	.	False	0.0400000	.	.	.	.	.	60	.	.	True	+-	1728	DEL	COLO829-ONT_tumor	113	5	0.04	0.42,0.0,0.0	0/1
chr7	144239439	severus_BND7329_2	N	N]chr7:126527390]	47.50	PASS	.	severus_0	dup_inv_segment	.	2	False	0.2700000	.	.	.	.	.	47	severus_BND7329_1	128517973|147317761	True	++	17712049	BND	COLO829-ONT_tumor	70	26	0.27	0.72,0.0,0.0	0/1
chr7	144239441	severus_BND7373_1	N	[chr7:144240113[N	36.50	PASS	.	severus_0	foldback	.	0	False	0.2100000	.	.	.	.	.	36	severus_BND7373_2	147317761|147317761	True	--	672	BND	COLO829-ONT_tumor	82	22	0.21	0.67,0.0,0.0	0/1
chr7	144240113	severus_BND7373_2	N	[chr7:144239441[N	36.50	PASS	.	severus_0	foldback	.	2	False	0.2100000	.	.	.	.	.	36	severus_BND7373_1	147317761|147317761	True	--	672	BND	COLO829-ONT_tumor	82	22	0.21	0.67,0.0,0.0	0/1
chr7	144241253	severus_BND7374_1	N	N]chr7:144393372]	36.00	PASS	.	severus_0	.	.	.	False	0.2700000	.	.	.	.	.	36	severus_BND7374_2	.	True	++	152119	BND	COLO829-ONT_tumor	66	25	0.27	0.76,0.0,0.0	0/1
chr7	144262133	severus_DEL7375	N	<DEL>	60.00	PASS	.	severus_0	.	144391700	2	False	0.3600000	.	.	.	.	.	60	.	147317761|147317761	True	+-	129567	DEL	COLO829-ONT_tumor	50	28	0.36	0.0,0.0,0.68	0/1
chr7	144393372	severus_BND7374_2	N	N]chr7:144241253]	36.00	PASS	.	severus_0	.	.	.	False	0.2700000	.	.	.	.	.	36	severus_BND7374_1	.	True	++	152119	BND	COLO829-ONT_tumor	66	25	0.27	0.76,0.0,0.0	0/1
chr7	151049570	severus_BND2437_2	N	]chr15:84141972]N	60.00	PASS	.	.	.	.	2	False	0.5400000	.	.	.	.	.	60	severus_BND2437_1	84330444|153884993	True	-+	.	BND	COLO829-ONT_tumor	22	26	0.54	0.0,0.0,1.0	0/1
chr8	57213787	severus_INS18515	N	CCCAGGGTCCCAGAATGAACCAGTGTTACCATGTACCCCTCCCCTTGCCTTCCCTCCCTGCTCTAATGGCCGTGTGTTAGCCGGAGATCAGTTTGGGTCTGGGTGCTATGGGTCTGTTGCGCCTGTGGCCTTGGTCCGGCCTCTGTCCTTGTCTCTGTGAAATGAGAGTGACTGTGCCTGAGAGCGTTCCAGCAAGACAATGATGATCTCCACTGTCTGATTCCCGCTTCCAGGTTCTCACAGTAGACGAGGAGCCTGTTTTTCAGCCAGCTGCCGCAAGGGGGCTGGAAATTTCTCCCTTCAGAGTGGACCTGGAAGGCTTGGAAGCATCTGGAGAAGGGCGCGGCCAGCGAGTAGAGAAATCGAGGCTACAGGCAGAAGTGGGAGGAAAGCGAGAGAGGAAGACTCATGGAAAGCCTTGCTGCACTCACCAAAAGAGCTGCCCTCGGACTCAAGAGGGCCACGTTCAATGCCAACCTGACATAAGGTAGTCACCTCTGGAGCACTTGTGGCCTGGGCGGAGACAGAGCTGGATTGAAGGAACAGTCTTCCCTGTTCCAGAGGGGCACTGACTGGAAATGAGCATGAAGGTGGGGTCCCTAAAGGGCCACAGAACGAGGCCCTATGCAGGTGTGGGTCCAGAGCTCCCCAAAAGCCCCCTGAGAAGTTGGTCCTGGGGTGTAAGAGGAAGGCACAGTGAAGAGCAGGAGTGAAAGCTGCTTCAGCACTTTGGAGCAGGAAGGAAAGGAAGTGAGATACAGTTGGAAGAGGGCGAAGCGGGCGACCTGAGGGATGGAGTGCAGGGTTTGACCTTCGATTCTGGATCTCCTCCATTAGCAGGCTTCCGGGGTGGCGTTGTTGCTCTTCTGCCGATCCTTCCTTCGGGTGGGGCTGTCGACTGGCACCACGGCCTGTCAGACCGTGGGCGGGGGGCGTTGCAGGCACAGTGCGGTTCCTAGTCTTAGGCATGCTCACTTGAGGCGTTCTTCCCCTACCTGTCGACTGATGTCAGAGGAGGACTGAGCTGCTCAGCCCTGCCGGTGTGGCTGGCAGGGTGTCCCGCATTAGCCCATGTGCCCGACTCCTGGGATCTTACAGGGAGGCTGCTGATGTCCACCTTCCAGTGCTCCGTCCATTGGGAGCCTGCCCTTCCTTGGCGCCGGCCGGCCGTGAGCGGTTATCCTCCATAGATAGGGTTCAAGAACCGCCCAACCGTCACCTCATGGTCATCTGACATTCCTGGTGGTGGTAGGGGGACCCCCTGGTTCCATGCTCACATCAGACCAGCTACCTCGAGTGACAGAACGTCTGACAGGATTGCACATGTGGCAGAAGAGCATCCGAGAAGGATGAAGGTTTGGCAGAAGAAACACCTGCCAGATCAGACGTGAATGTGTGGCAGAAGGCCCATCTGGGAAGATTGCACACTGGGCAGAAGGAAAAGCTAAGAACGTTGTACAGACAGCAGAAGGAGTGCCTGTGGAGATTGCCCGGTGGGCGGTGGTAGCATCTGAGAGGATTGCGGGGTGGGAGGGAGGATGAGCTGGGAAGGATGCAAGGCCTGGGGAGGCAACATGTGAAGACGATTAAATATGTGGCAGGAGAAACACCTGAGAAGATGGGATGCTTGGCAAGGGGAACAAGGCCCGGAATGGAGTGTTCGGGAGAAGAGACGCTTAGGGAGATTGCATGTGTGGCAGAAGGAACACGTGAGAAGGTTGCCATGGTGGACAGCAGAAAAATTGCAGCCGATGGCACAGCGGTGGGGAGGAAAACATAGGAAGCTTGCAAGCGCGTGGCCTGCGAAAGAAGCATCTGAAGAGATGGCATGTCTGGCAGAGGACACATTGGGCAAGATTCCACGTTTGGCAGCAGGCCCGTGAGCGGCGACAGACGCGTATGGGCCTGTGGCGACCTCGGTTCCTGCCTCCTGAGAAGAAAGACATCGAGTGGCACACGGTAGAGTGAGAGACCGAGGCACGCATTAGAGCAGGGGCGAAAGTTCCTGAAATGGTATCGTGGCAGGAGCCAAGGGAGAAAAGGAAGTCAAGGAGGCTTGGAAGAGGCCCAGGTGGGCAGTGACCTGAGAGGTGGAGTACAGGACTGGACCTTGGACTCAGGGTCTCCCGCGTCGGCAGCATCGCTGCCTGTCCTCTGATGCTTCCCTTGGCGGGGAAGAGGGGGCTGTTCACTAGCACAGTGGCCTGTCACCATCTCATGGGGGCGCGGAGGCGCCGTGTGCTTACTGGAGTTGTTCTCATGCTCTCTTGAGGCATTCCTCCCACAAGCAGATGAATGTGCCCAGGGGAAAACATCCTAGATCAGTGAACCTTCCACCAGTTTGCCTCTCAGGGTGCATGTGTGAGCCCATTCACCCAACTCCCGAGGTGTGCTGGGGAGGCTTCTGAGGTTCGTGACTGCTGTGGGGGAGGGGGACTGCCTTTCCCTGGTGCTGCCTGTGATCAGTGATTTCTCTAGAGAGTCTGCTTCGTGACCACCGGGCCATCACCTTGCGGCTGCCTGATGTTTACTGGTGGTGGGGAACCCTATCGGGCCCCGCTCCACACGTGTGACTGAGAGGGGCACCTGACAGGATTGAACGCGTGGCAGATCATCCGACGAGATGGAGTGTCTGGTGGAAGGAACATCTGACAGCCCTGAGCGTGTGGCAGAGGGAACATCTAAGCAGACTGCAGCGATTTCAGAAGGAACGGCTAAGAACGTCGCATGGTCAGCAGGAGGAAACCTTAGGGTAGGGTGATTGCAGGGGTGCTGGGGGGCAAGGGAACCCGTGAGAAGACTGCGGGATCAGCAGTTGGATGCCCTAGGGAATTGCAAGGCCTGCCCAAGAGACATCTGGGTAGAGGAAGTATTGGGCCCATGGTGCACCGGACAAAACTGAATGCTTGTCAGGGGAAGAAGTGGACGCAACTGGCTGTTTGGCAGAGGGAACCCTCAGGTAGATTGCACGTTTGGCAGAAGGCCCAAGTGTGAAGATGACATGGTAGACAGCCGAAACCCTTTAGCAGGTCGCACGGTGGGCAGAAGGAACCTCTGAGCAGATTCCATGGTGGGCAGACGGAATGCCTAGGAAGAGTGCGTGGCTTGCAAAGGAAGCATCTGGAAAGAGGGAACATCTGGGAGAGAAAACATCCACCAAGATGGAGCGTTTGGCGGTAGGGATGTCAGCGGTGGCAGATCCATAGGGGCCTGCAGGCAGCAACCCGAGCTCTCGCCTCATCAGAGGGAGTTTAACTGAGGGGCGTGAGGCGGAGTGAAAGAACCCGAGCCTCTTGAGCGCAGGAGTGCAGGTCTCCCAGATGGTACCAGAGCAGAAAGACGAGGCAGTAAGGTATACTTGGAAGAGGGCCATGTGGGCAACTGGAGAGGTCAGGGGCACGCTTTGTTCGACCTTGGCCGTTCAGCACATTGGCAGGCTTCCAGGAGCCAGGGGTTGCATTGCTTCCTCCCCTGAGCCTTTTCGCAGGGTGGGCCATCCACATGGGCAGTGGCCTGTCATCACCTGGGAGGGACCGCAGGCGTGGCGTGTTTCCTGGAGTCATAGGGGCGCTCACATGAGGCATGCCTCCCTTGGCAGTGGAGTGCTGCCTTGGGGAGGGTCGTAGGACAGTAAAACCCGGCCGGTTTGCCTGTGAGTGTGCAAGCATGAGCCCCGTCACGCGCCCCCTGAGATCTTCTCAGGGAGCTGCTGATGGCCACCTCCGGGGTTTCTGTCTGTCTGGGGGACCGCCCGTCCCTGGCACCGGCTCCCGGCAATCATTTATTATTTGAGACAGGTAGTTTAATGGCAGCCTGACCCGTCGCCTCCTGGTCGCCTGATGTGTCTGGTGGGGTGTGGGCGTGGCCCTCTCCTGCGCTGCTCCTGTCTGACCAGCCGCCCACGGTAACACAGAAACATCTGGCAGGATGGAGTGGTTCAGGAAGACACATCTGACGAGATCGAATGTTTTGCAGAAGAGCCATGAGACGGGATCCGTGGTTTGGCAGAGGAGACATGCGAGAAGACGGAACGTTTTGTCCAAATAGACATCTGGCAGGGTGGAACGGAGAGAACAGGTATGGTGGAGAGAACGTCTGAGAAGGTTGCAGGATTCGCAGGAAGCATCGGGAAAAGATTGCCTGCTTGCCGAAGGAATGGCCAGTTCCAAAGGTCAGAGGCTCGCGTGAACTCTGTCGGTTCGAGCAGCTCAGTGTTGCTGGTGGCAAGAGTGTGGTACGGGAATGGTTGGGTGTGGTTTGAATGTCTAGAAAAGGCGAGCTGAGGGTAGATTTTTGAGCAGTCCAGAGCAGAAGGGGTAGAGGATATATTCTGTGGGCCACGGCCACATTCTCAGGATGCTCGTGGCTGTAAAATAGTAGATGACCCAAGTAAGAGCGGCTGAAGCCATAGGCACCAGAATTGTGTCAGCATCGTCGTGTCATGCTCATGTTTTCCCTTCCAGCTGTGCTGTGGGCAGTGTTTAGTTCATGTCTGCTTTGCTGGCGGGCCGAGTAGCAACAGCTGCAGTTGGTGTGTTCTCTGAAGGCAGTATCCAAAGGCTGGAGGGGTTGCTTTTCTTCCCAGGTGTCTTTTGAAGAGGCAGTCAAGTCAGCAGCTCGCAGTGACCTTCTGGTAACATCGTATGGGCTGGGTTACGGCACATGCCGACTGCTAAGCCGGTCACTGGGGAAAACCATGTGATTGCTGTGATGAGCTTAGAATGATCATTCCTCCTTCGGGAGCTGGGGTGGGTTGAGGGAGTGATAAAGATCCCGATAACCTTCAGTTCTTCCAGCGAGAGAAAAGAAATTCCGTGGATAGGGAGCCAGCCAGGTTTCCTGCAGAGAATCACGGGAAGCTTTTCAGCAGGGGAGTCAGAAGATGAGCAGTAGTACTAGGGCTTTCCGGTCACGGTGTGACACAGGGATTGGCCAGCTCTTCCTGTAAAGGGCCAGGTGGGAAGCACTCGTAGGCCCCGTGGTCTCTGTCGTGTCTGCTGAAGCCTGCCGTAGTAGCGTGGAAGCAGTCAGAGATGACGTGTAAGCAAATGGTCCCGACTGACCTCCGGTAAAGCATTGATTCCGGAAGCATTTAACAGACCTAACAACCTTTCAAACCGCATGGCGTTTCTTTCCCAGATCCCGTTTCAGGAACGTTTCTGTTGGCTTACAAGGACCGTCTCCAACATGCTTAGGCTCTCTGAACTTTCCCAGGATCCTGAGTAGGGTATCCGCCATTCGTCCTTAGGGCTCCGGGATGTCTCGTTCTTACTGTGTCCCTGCCAACCCTGGTCCCATCTCGTCATGATCACCCACTGTCAGAAGAGCGGAGGTGCTAGAGTGAACAGGGTCAGGGGAGCCCCGTTCAT	60.00	PASS	.	.	.	.	1	True	0.0400000	.	.	.	.	.	60	.	57406955|57406955	False	.	5378	INS	COLO829-ONT_tumor	107	4	0.04	0.0,0.1,0.0	0/1
chr8	85816441	severus_DEL7771	N	<DEL>	60.00	PASS	.	.	.	85816578	2	True	0.0200000	TRUE	.	.	.	.	60	.	86032461|86032461	False	+-	138	DEL	COLO829-ONT_tumor	1180	22	0.02	0.0,0.0,0.76	0/1
chr8	130235868	severus_DUP7860	N	<DUP>	60.00	PASS	.	.	tandem_duplication	130262401	.	False	0.0800000	.	.	.	.	.	60	.	.	True	-+	26533	DUP	COLO829-ONT_tumor	45	4	0.08	0.8,0.0,0.0	0/1
chr8	143418265	severus_DEL7925	N	<DEL>	60.00	PASS	.	.	.	143418317	2	True	0.1000000	TRUE	.	.	.	.	60	.	143771614|143771614	False	+-	52	DEL	COLO829-ONT_tumor	37	4	0.1	0.0,0.0,0.17	0/1
chr9	28031837	severus_BND7997_1	N	N]chr9:28059142]	60.00	PASS	.	severus_4	dup_inv_segment	.	1	False	0.5800000	.	.	.	.	.	60	severus_BND7997_2	30700375|30700375	True	++	27305	BND	COLO829-ONT_tumor	10	14	0.58	0.0,0.58,0.0	0/1
chr9	28031864	severus_BND7998_1	N	[chr9:28034468[N	60.00	PASS	.	severus_4	dup_inv_segment	.	0	False	0.4300000	.	.	.	.	.	60	severus_BND7998_2	30700375|30700375	True	--	2604	BND	COLO829-ONT_tumor	13	10	0.43	0.59,0.0,0.0	0/1
chr9	28034301	severus_BND7999_1	N	]chr9:28157693]N	60.00	PASS	.	severus_4	.	.	0	False	0.5000000	.	.	.	.	.	60	severus_BND7999_2	30700375|30700375	True	+-	123392	BND	COLO829-ONT_tumor	11	11	0.5	0.73,0.0,0.0	0/1
chr9	28034468	severus_BND7998_2	N	[chr9:28031864[N	60.00	PASS	.	severus_4	dup_inv_segment	.	1	False	0.4300000	.	.	.	.	.	60	severus_BND7998_1	30700375|30700375	True	--	2604	BND	COLO829-ONT_tumor	13	10	0.43	0.59,0.0,0.0	0/1
chr9	28059142	severus_BND7997_2	N	N]chr9:28031837]	60.00	PASS	.	severus_4	dup_inv_segment	.	1	False	0.5800000	.	.	.	.	.	60	severus_BND7997_1	30700375|30700375	True	++	27305	BND	COLO829-ONT_tumor	10	14	0.58	0.0,0.58,0.0	0/1
chr9	28157693	severus_BND7999_2	N	N[chr9:28034301[	60.00	PASS	.	severus_4	.	.	1	False	0.5000000	.	.	.	.	.	60	severus_BND7999_1	30700375|30700375	True	+-	123392	BND	COLO829-ONT_tumor	11	11	0.5	0.73,0.0,0.0	0/1
chr9	40016742	severus_DEL8025	N	<DEL>	60.00	PASS	.	.	.	40017030	1	False	0.0400000	.	.	.	.	.	60	.	40122786|40122786	True	+-	288	DEL	COLO829-ONT_tumor	118	5	0.04	0.0,0.45,0.0	0/1
chr9	62845910	severus_DEL8056	N	<DEL>	45.00	PASS	.	.	.	62850714	2	False	0.0300000	.	.	.	.	.	45	.	62939125|62939125	True	+-	4804	DEL	COLO829-ONT_tumor	272	9	0.03	0.0,0.0,0.17	0/1
chr9	62855737	severus_INS18930	N	TATATATATATATATATATATATACACACACACACACACACACATATATGTATATATACATACATATATATATGTATATATACATACATATATATATATATGTATATATACA	60.00	PASS	.	.	.	.	2	True	0.0300000	.	.	.	.	.	60	.	62939125|62939125	False	.	113	INS	COLO829-ONT_tumor	223	7	0.03	0.0,0.0,0.17	0/1
chr10	7017548	severus_BND621_1	N	N[chr19:17286002[	60.00	PASS	.	severus_5	Templated_ins	.	1	False	0.3500000	.	.	.	.	.	60	severus_BND621_2	7798422|18587608	True	-+	.	BND	COLO829-ONT_tumor	24	13	0.35	0.0,1.0,0.0	0/1
chr10	7090914	severus_BND623_1	N	]chr19:17286830]N	60.00	PASS	.	severus_5	Templated_ins	.	0	False	0.2600000	.	.	.	.	.	60	severus_BND623_2	7798422|18587608	True	+-	.	BND	COLO829-ONT_tumor	28	10	0.26	0.77,0.0,0.0	0/1
chr10	7592409	severus_BND625_1	N	[chr18:9868619[N	60.00	PASS	.	.	.	.	.	False	0.1400000	.	.	.	.	.	60	severus_BND625_2	.	True	--	.	BND	COLO829-ONT_tumor	25	4	0.14	1.0,0.0,0.0	0/1
chr10	33097536	severus_BND692_1	N	N]chr1:86871328]	60.00	PASS	.	.	.	.	0	False	0.1700000	.	.	.	.	.	60	severus_BND692_2	35479994|87048583	True	++	.	BND	COLO829-ONT_tumor	29	6	0.17	1.0,0.0,0.0	0/1
chr10	36471517	severus_BND699_1	N	N[chr3:164201497[	51.50	PASS	.	.	.	.	.	False	0.1100000	.	.	.	.	.	51	severus_BND699_2	.	True	-+	.	BND	COLO829-ONT_tumor	34	4	0.11	0.8,0.0,0.0	0/1
chr10	36472381	severus_BND700_1	N	]chr3:164201481]N	60.00	PASS	.	.	.	.	0	False	0.1100000	.	.	.	.	.	60	severus_BND700_2	36897302|169266197	True	+-	.	BND	COLO829-ONT_tumor	34	4	0.11	0.29,0.0,0.0	0/1
chr10	42184956	severus_DEL711	N	<DEL>	52.00	PASS	.	.	.	42192136	2	False	0.1900000	.	.	.	.	.	52	.	43369381|43369381	True	+-	7180	DEL	COLO829-ONT_tumor	17	4	0.19	0.0,0.0,0.36	0/1
chr10	58717463	severus_BND4960_2	N	N[chr3:25359568[	60.00	PASS	.	severus_2	.	.	0	False	0.2900000	.	.	.	.	.	60	severus_BND4960_1	26234194|59389540	True	+-	.	BND	COLO829-ONT_tumor	59	24	0.29	0.0,0.0,0.39	0/1
chr10	58717662	severus_BND753_1	N	N]chr12:72273294]	60.00	PASS	.	severus_2	.	.	.	False	0.4800000	.	.	.	.	.	60	severus_BND753_2	.	True	++	.	BND	COLO829-ONT_tumor	25	23	0.48	0.88,0.0,0.0	0/1
chr10	87940542	severus_DEL804	N	<DEL>	60.00	PASS	.	.	.	87952583	1	False	1.0000000	.	.	.	.	.	60	.	88443060|88443060	True	+-	12041	DEL	COLO829-ONT_tumor	0	13	1.0	0.0,1.0,0.0	0/1
chr11	18906358	severus_DEL1053	N	<DEL>	60.00	PASS	.	.	.	18906671	1	False	0.0900000	.	.	.	.	.	60	.	20668344|20668344	True	+-	313	DEL	COLO829-ONT_tumor	32	3	0.09	0.0,1.0,0.0	0/1
chr11	48880466	severus_INS10225	N	GCTACCACGGCTTTGTGAATATACCCTGGTGGCCTTAGCTGAGTGCCACCACATCGAAGTCAACTGGCAGGACAGGGAGGGGAACGCAACCCTAATCATAGCTGCACAGGCAGGAGCTGCCCCTGGCCCCATGGGCACAGTTGCCTTAGACACTGGCTCTCAGCCTTGCGCTTCCTGCGTCAGCATCACCTGGGCTGGTTCTTTCGTTTGACACAGATATTTGGTGGAAACACAGGCTGCCAAACCCGGCTGCTGGAGTCTTTCTTTGAATAGGCCTGGGGTGGGGCCCAGGAATGAGCAGAAGAACAGGTTTCCTGGTGAGGCTGATGCCGCTTGCCCAGGGATCCCACGTTGAGGACGGAGGGCTTTGTGGTTTTCATGCCTGATGATGGCCAGGAACCCTTCTCAGTAGGCATTGAAGACCAGCAGAGTCCCAGACCCCAGGAGAGATGTTGTCAGACAGACACAGAGGCATCACGGAATTAAAGTGAAAATGAGGAAAGGAGCTGAACATCTTCTTCATGACTTTCCTGCGCTGTTTTACTAAAGAGGCTGTTCTGGCCCAGTCAGGGCATGCTATCATCACCAACTACTTGTTGAACTATGTCCTGGGTCTTGACCTTGAAGGATGGACGCGTTCGGGTTGAAAGCCGCCATGCAGGGTGGAACCAGTGGCATCTGAGCCCTGAGCTGGCAGGGGCGGGTGTCCACACGAGGGCCCCCGCCGTGGAATGCTGCCAGAGGAGTAGCCACTTACACGTCCGCCTCATTCAGAGGCTCCTGGAGCGCCCCTGCCAGCAGCGGTTGGGAAAAAAGTACCAGCTTGAGCTGCCTCCGCTCCACGAGAGGGTGCCAATGATCGAGGGCTCGAAGAACTGCCTGCAGAGGGTCAGGGACTGCGAGCTGTCCGCGCTGACGCGGCGCTCCACCTGTGGCCCGGAGGACCGGGGCGCCCTGGACCACATGGTCAGGATGACCACCAGCCTCTAACAGCCCCGCCGTGGCCCTCGCGTGCCAGACTGTGTGCCCCCAGAGCTCCCTGGGCGTGGGGAAGAGGCGACTGGCGGTGCAGGAAATCCAGACGGCTCAGGAAATTCTGGCGACGCGGCGGGGGGTGGGAGGCAGGCGCAGGAGGCAGGAGAAGCGGAGGGCGCAGAGTAGCACAAGCGGCCCTACCCAGAGGCCGCGGGTTCCCGGGAGGGCTCCCCAAGAGCCGGCCTCCCACCTGTCCCGCTGCCAGGGTCCTGGGGCTCTGCCGACCCCGCCCCACGGAAGGCCAGTCTCCTGCCCCTGCAGCGCCTGCGGCGGAGCAGCTTATGGCCCGGCGTGGTGGTGCCCCGGATCCGCCTCTGCAAGGCGCCCGCGCCCACCTTCCAGCCCCAGAGGCCGGCGTGGAAGGGCAGCACCAAGGACAGTGGCCACCTGCGGATACCCAAGTGGCCTTACAAGGTGGCCACGGAGAAGAAACCGGAGGCTGAGGAGGCCGAGAAGAAGCGCCAGGCCAAGGTGCAGGAGAAGGGCCCGCCGCCCTGGAAGAAGAGGACGTGAGAATCCGCGGGTGCTTGAAACGGGGTTCGAGGGCAGGGTGAGGCCGCGGGGCTGGGCACCATGGCCGCTCCGGGGACCACCAGGCGGCGCGCGTTTCCACGCTGTCTTTCCAGAATGCTCCCAGGAAGGGGCTGGGGGAGCCACAGCGATTCGCCTGACACCAGCCACCCTAGCAATCAGTACACCTAGCGGGCGTGTTGCCTAAAAGGCTCCCTTTAGAGAACCTCAATTAAGATGTTTTTAAAGATCGATTTATTAGGCCGGGCGCGGTGGCTCACGCCTGTAATCCCAGCACTTTGGGAGGCCGAGGCGG	60.00	PASS	.	.	.	.	.	False	0.0600000	.	.	.	.	.	60	.	.	True	.	1859	INS	COLO829-ONT_tumor	44	3	0.06	0.3,0.0,0.0	0/1
chr11	61221906	severus_DEL1168	N	<DEL>	60.00	PASS	.	.	.	61221973	.	False	0.1400000	TRUE	.	.	.	.	60	.	.	True	+-	67	DEL	COLO829-ONT_tumor	24	4	0.14	0.0,0.5,1.0	0/1
chr11	81074559	severus_DEL1211	N	<DEL>	60.00	PASS	.	.	.	81382736	1	False	0.4300000	.	.	.	.	.	60	.	86167404|86167404	True	+-	308177	DEL	COLO829-ONT_tumor	17	13	0.43	0.0,0.45,0.0	0/1
chr12	72273111	severus_BND4959_2	N	N[chr3:25359111[	60.00	PASS	.	severus_2	.	.	0	False	0.2500000	.	.	.	.	.	60	severus_BND4959_1	26234194|72369598	True	+-	.	BND	COLO829-ONT_tumor	72	24	0.25	0.0,0.0,0.36	0/1
chr12	72273294	severus_BND753_2	N	N]chr10:58717662]	60.00	PASS	.	severus_2	.	.	.	False	0.4800000	.	.	.	.	.	60	severus_BND753_1	.	True	++	.	BND	COLO829-ONT_tumor	25	23	0.48	0.88,0.0,0.0	0/1
chr12	129287231	severus_INS11012	N	ATCTCACTCATAGGTGGGAATTGAACAATGAGATCACATGGACACAGGAAGGGGAATATCACACTCTGGGGACTGTGGTGGGGTCGGGGGAGGGGGGAGGGATAGCATTGGGAGATATACCTAATGCTAGATGACACATTAGTGGGTGCAGTGCACCAGCATGGCACATGTATACATATGTAACTAACCTGCACAATGTGCACATGTACCCTAAAACTTCAAGTATAATAAAAAAAAAAAAAAAAAAAAATTAGCCGGGAAAAAAAAAAAAAAAAAAAA	60.00	PASS	.	.	.	.	2	False	0.6500000	.	.	.	.	.	60	.	131556628|131556628	True	.	279	INS	COLO829-ONT_tumor	14	26	0.65	0.0,0.0,1.0	0/1
chr13	27935076	severus_INS11148	N	AAGAAGGTGCCTAAAAATTTCTACTATGTATTATACATAATACATATAATATATGATATTCTATTATGTATTATATATTATATATTATATATTATATGTTATATTTTATATTTTATATTTTATATTTTATTATAATATATATTATATATAATATATATAATATATTATATATTATATATTATATATATTATATATATTATATATAATATAATATATATTATATATTATATATATTATATATAATATATATAATATAATATATATTATATATTATATATATTATAATAATTATAATATAAAATATTATATATTATATATTATATATTATGTATTATATATAAGGTCCCTAAAAATTTCTACTATGTATTATACATAATACATATAATATATGATATTCTATTATGTATTATATATTATATATTATATATTATATTTTATATTTTATATTTTATATTTTATATTTTATTATAATATATATTATATATAATATATATAATATAATATATATTATATATTATATATATTATATATAATATATATAATATAATATATTATATTATATATATTATATATAATATATATAATATAATATATATTATATATTATATATATTATAATAATTATAATATAAAATATTATATATTATATATTATAATTATATATTATATATTATGTATTATATATAATAC	60.00	PASS	.	.	.	.	.	False	0.0500000	TRUE	.	.	.	.	60	.	.	True	.	678	INS	COLO829-ONT_tumor	62	3	0.05	0.25,0.0,0.0	0/1
chr14	40748746	severus_DUP2090	N	<DUP>	60.00	PASS	.	.	tandem_duplication	40774907	0	False	0.1300000	.	.	.	.	.	60	.	41093103|41093103	True	-+	26161	DUP	COLO829-ONT_tumor	27	4	0.13	0.22,0.0,0.0	0/1
chr14	72547991	severus_INS11661	N	TCCTGCCTCCCTCCCCCTGCTCACCTCCACGTCCCTGTTTGCCCCTTTACTCATATGTGGCCTGTTAGCAGCACAAGAAGGGTGAAAGCAATGCCCATTC	60.00	PASS	.	.	.	.	2	True	0.9400000	.	.	.	.	.	60	.	75137696|75137696	False	.	98	INS	COLO829-ONT_tumor	2	32	0.94	0.0,0.0,1.0	0/1
chr14	104093749	severus_DEL2228	N	<DEL>	60.00	PASS	.	.	.	104093805	1	False	0.7800000	TRUE	.	.	.	.	60	.	105881132|105881132	True	+-	56	DEL	COLO829-ONT_tumor	9	32	0.78	0.0,0.8,0.0	0/1
chr14	105867403	severus_DEL2254	N	<DEL>	60.00	PASS	.	.	.	105867600	2	True	0.8900000	TRUE	.	.	.	.	60	.	105881132|105881132	False	+-	197	DEL	COLO829-ONT_tumor	4	32	0.89	0.0,0.0,0.94	0/1
chr14	106260325	severus_INS11814	N	AAAGAGGAAGCTGAAGACATCAGTGGGAAGACATAGTGGCTGCTGGGAGAAGATTGGGGAAAGAACAAGGAGACCCTCTACCCAGGAATGGGAGGAAGATGCATGGATCAGCATCACACCTGCAGGAGGGGCAGGGATACTTGGAAGGACACGTCCTGAGCCAGGACTGTCATGTCTGCCTGGAGTGTGGCTCCCTCAGAAGGACAGAGAGTGCCCGTTCAGTGCAACCCTTCCCACCACATTGACAATCATCAGGTCCATGTGGCTCTGGGATGACCTGGGGGAGATGAAAGACAGAGTCTCTCTGGAACACACAATTTAAGGCCCAATGCCAAGCAGGAAACAAAATTAAGGTGTCACTGGAGGAATCTGGGTGTCTGGTGGCTGCAGAGGAAACCCACTGCAATTCAGGCAGCCACTGTGACAATGAATTTCAAATGTAGCCCTGACTGGTTTCACACAATTTTCTACAATAAAGGCCTAGAAAAGATACGGCATGATCATCTACAAAAAAAGTCATAAAACAAATAATTATCTAATATAAAGGATCTGATAGAAGTATGTGGAACATACATTTTGAAATAACTGCATAAATACTTTGAAAATTTACACTTGATCCATCGTTGGTTGTTGTAAGCATTTCGTAAGAAACTGCCAACATGTGCTTATTTTTAATAACTAATACTTTATTACTATCATGCTTTTGAATGTAACAGAGACCACAGAGTAGATTCTATCGATAAAAAGCCAACTTTGGAAAATACTTAGAGAGATTTATTCTGAGCCAAATGTGGGGTAGATGCCCTGTGACGCAGCCCCAGAGGATCCTGATAACATGTGCCCAAAGTGGTTTGATTGCAGGTTAAATTTAATAACATCAATTGATACATGTGAGATATATTGTTGATTTGTTTCATAAAGACAAAACAGCTAGAAGTGAGGCAGTGTGGGGAGATAATTACCGCTTACAGGTGAATTAAATGATTTTTCAATTGGCAATTCATTGAAAGACTTAAGTTTTTATCTAAAGACCAGAAATCAGTAGTAAAAAGTGTCTGGGTTAAGATAACAGGTTTTGGAGAACAAAATTCATATTATGCAGATGAAGTCTCTTATGTGGCCACGCTTAGAGGAAATAGATGGCAAATGTTTTTCTACTAAGACCTTTAAGAGATGCTAGACTTCCAGCTAATCTCCTCAGTATAACGAAAGACCTGGAAAGGGAAGGAGATTCTCTACAGAATGTAAATCTCTCTCACAAAGGATAACTGTGCAGGGCGATTTAAAAATATGTCAAAGAAATATATTTTAGGGTAAAAGCCTTCGATTCCTTTCAAGGCCTGCTCTGTGTCACATGACGCTATTCTCGAGTCAGGTTAGAATTTGGTATCTTATTGCTACACGGAATCCGTTTTCTGAGCCTTGAGTCCTCTGTTTTCATGAAAATGCTGGTCAGTTGTGCTTGAATTACAAAGTGAGGAGGGTATAATGAGGCATTTCTGATCTGTTTCTAATGTGGCCTGAACTAGGTTTTCAAGTCTCTGGAACTCCTTGGTGAAGAGGAAGGTTCCATTCAGTCAGCTTGGGCGCTTAAAATTCTACTTTTAGTTTATTGGACATATATGAGACTTACCCTACTCAGGGGTATCAGAAAATATTTACTGAGGTAATCACATTGAAGTTGAGACTTGAAAGATAGTCTCAGATTCCTCCCTGCAAACCTTTTCTCCTGAGACTAGAAGAAGAAAACTTAACCAGAAACAAATACTAACATTTCTTCAATGTTCAAAATCGCCACCCATTAGGAAAATAATTAAACTTGCAAGGCTTATCTTTAGAAACTAGTTATAACGATTCCTAATGTCCTTAGAAAAACACAGATTCTGATTAGTTTACAGATTATACAGAACGTCCCATCCAATGGCAATCTGCAATTAGCTGGATTCCCTTCCACTGGTGTTTTTTAATGTGTAATTTAAATAGATGCATAATAGTTCAAAACCTTTATGTGGTACATGTGATATTTTGAAAAAAAGAAAATTATGTGCATATCTGGATAACTGGGACAACCTTCAACCTTCATCTCAATCATTGACTACTTCTTTGTGGTAAGAACATTCTAAATGTTATCTTCTAGCTAATTTGAAATACACAATAAATTATTAACTGTAGTTGTCTATGTGCCAATTCAGCATTCTCAGGAGCAATGGGTGAAAATTCCTGTTTTTCAACTTCCTCGTCAACATTTGGTATTGTCTATATTGTGTATTTTACCCATTCTATTAGGTTACTAGGATTTTTTCAATATTAAACATACATTTACCTAATGAAAATCCAGTTGGTCACTTTTTATACTTATTGTTAGATGCACTTTCTATTCAGGTCTTTGCCCATTTTAAAATTAAATTGTGTGGTTTTGTTGTTCAATTGTAAGGTAATTTGTATATTTGTAATAAAAGTCCTTTTCCAAATATTTGATTTGCAAGCAAACTCTCCAAATCTATGGCTTATCTTTTCACTCTCAGATAAGGGTTTATTTTCAAAGGCCTAGGTTAGTTTATCCATCTCTGTGGAAAAGAGGATAATTGGCCAGGTGCAGTGGCTCCTGCCTGTAATTCCAGCACTTTGGGAGGCTGAGGCGGTTGGATCACCTGAGGTCAGGAGTTTGAGACCAGCCAGGCCAACATGGTGAAACCCCGTCTCTATTAAAAATACAGAAATTAGCCGGGCATCGTGGCAGGCGCCTGTAATCTCAACTACTTGGGGGGTTGAGGCAGGAGAATTGCTGCAACCTGGGATGCAGAGGTTGCAGTGAGCCGAGATTGCACCATTGAACTCCAGCCCAGGCAACAACAGTGAGACTCAGTATCAAAAAAAAAAAAAAAAAAAGGAAAAAAAAGAGACAATTATCATTCTAACTTCTAACTTAGAATTCTTAGCATAATAACGTAGGTTGTAAATATTTCAGTATCTGAAATATATACCAGTTTTGGTAAAACACTAGGGAGGAAAATTTGTAGAGTGTTCTGAGCGCACAATGGCTTCCCCTCGCTGTGTCTTTTGTATAAAAATCATGGTTGTGTACTCCTTGTTAAGGTAGCTCAGCTGTAGGAGAAACTGTTTTTTGGATGTGGATCTGGAGATGGTGACTGGACTTTCAAAGATGGGTTGATGGCACTCCTCATGGCCAGGTGAACCAGTCCCTTCCCCGGGGGGTGACGGATCCAGCTCCAGCAGGAAGCACTGGTTGTAATGGAGAAGCAGAGATGCCACAGGCCAGGGGGAGGATCTGTGAGGGCTTCACCAGGCCAGGAGTGCACCGAGAATCACAGTTGTCGGCATGCACAGGTTCTGAACAACATGTTGAAATTCACAAATTTGCACATTTTGATGAAAATGAAGAACTCACTGTTTTGCAATTTGTAGGTCCCCGAGAGCAAATAGCAGATTCAGAGGTTAGAATTAGATGAATATATGGTCACATTTTTCTTCAAACTTTCAACCAAATAAGAAAGACAAACTGCGGACAGAAGAATGGGTACTGGATTATTACCTCTGTCTATAATTACGGTGATTTTCAGAATAAGATTGACCTGTGATAGCCCAAAGGGTGTCATAATCCCGAATCCACAATTAGACCTGAGCAGCAATCACGGGCAGTGGAGGTCGCCTCACATGAGGAAAGATCTGACTCTGCAAAGCTGCACACGGGGGTCTCTGCAGGCCCTGAGTTGTACAGGAACAGCTCCTCCCTCAGACTCAGAGTGAGGACAATGTGCTCTATCTGGGGGAGGTGAGGGTTAGTGTGTGGAAAGAACCAAACTCACTCTAATCAGTATCTCTGTACTTGGACAGAAATCAAAGTTTACAAGAAATCATGAACTTGGGGTAAAGCAGGAAATTACAATTGTTTGCAGGGTGCATGCTTGCTTCTCCATGTCGTCTAAGAGAACCAAGGAAAATCGTGATTTATTATGTACATTTCCATAAAAGGTGTTTCCACCCTGAGAACGCACCTCCTATACCTCCAATGTCAGGGAGCACGTGGACCAGGCACCCGGCACAGCTCTCTGACACCATCACCCCAGTTTTTGACAAAGAGACACATCCTGGAGCTCCTCCCAAACAATGACTGTGCACAGTGAAGTTGCTAACGCATAGCTGCTGGGCACATGGGAGATTCCCAATGGACAGCTATGCTCTAGGAAGAACCAATGGCCTTGATGGAATTAGCTTGGACCACAGGGTTGTTAGTAAGCTTCATCAGACTCCCACCTTCTCCAGCACTCGTGGTGGGATTGGCATAGTGGGCTGACAGTGTCTACAGCCTCACCCGGCCTCCTGCACACTTTTCTGCCTCTTTGTCTCTCCCCTACACTCCACCACCTGCACCTCACACTGGACACCTACAAACATAGGGACATTTTGGTCCAACCTGCCACACATAATCACTGTATTTTCACTCACATCCACTCATGCTTAATATCTCTAGTTCTCCATTATTTGCCTTTTAAAATAGCAACAAGAAAACCCAGCTCAGCCCTAACTCTATGGTGAGCCATGTGTGTTCAGAGCTGATTGTCAAATCAAAACTCCTGGTAATGCTGGACTGGGGCTCTTCTCCCAGAGCTGTCAGCTCAGGCTGCGATGGTTTCCATCAGGAAAGGGAGGGCCCTATTTTCACGTCCCCTCCTCTGCAGCAAATGCTGAGGTGGGATGCCTGAGGAGAGAGCAGAGCCCAGGGCAGATGTGAGACTCCTGGAGGAGTTTAGTGTTGATGGCAGCATTTGGAAAATATAATTTCTTGTTATGTGATTTTCTCATTAAATTTACTAAGCAAATATTTTTATTTCTCTTTTACATATTTGAAAAACTAGAAATATAACTACATTTATGAAACTTTAAGATGTATAAAAGGAGAAATAGAAAACTATAAAAAAATTAGGAGACTTCAAAACCTCGCCTTCAATAATGTATACGCATCCACAGAAAAATTCTTAGGAAGCCCGTGGACTCAAGCACTCTCGAACAAACTGCCCTAACAGACATCTACGGAACATTCCAACCAACAGCAGCGTAATATGCATGCTTCCCAAGCACACTAGAGATATTCCTCATGATGGGTTATATATTAGATAACAAATGACTCTCAGCGTTTAAAAAAGTGATGACAACCGTTCTCTAACTTTTTAAAAAATCCGTGAGGTCCCCACCTTATAATCTCTTTCTAAGAGGCTCCAATCACTGTATTACCAGTAATAGACAAGGCAAAAGAAGAAAACCAAACTTCTGACAAATGTTCTTAGTATATATAAACAAGCTACTCCCAATTCATAGTCAACTAAGTTCTATAAGACTTTAAAAGGATTGTGCACATCAACAAGCTCCAAATTATTTTTGAGATGCGCTGATGAATCAATATCTTCAAATCAATAAATCTGATGTGGTAAATTAAGAGAATAAAGGAAAAGCATCAGTTAACTTCTCACCAGACATAGAAAATAACATTTAAAAAATTCAAGATCTCATAATAAAACCTCTAAAAGTTAGGAATACAAGAATATAACCTGTATATAATAAAAGTCATTATTTAAAGCCATACTTTTATATGGAAGAGTCAAAGGTTAAAATATTTTGCTATAGCATCTGTAAAAAGGCAAAAATAAACTTACATCTTACTTCCAGATTTCAAAAGTAATAACAAAAGTAGAATAATAAAAACAGGATGGAGTTGGCATAAATATGTAGAAAGAGCTCAGAAATAAACTGATGTATCAATGGCAAACTGATTTTCAGCATAAGAACCCACAATATAAAACAAATTAAACCAAGTCTCTCCCTATGAATGTGTTAGAAAAACTGGATGTACACATGCAAAGAGTTAAGAATTTTGGGTTAGAATAAACACAAAAATCACTCTGAAGGGCCAGATATTTAAACATATGGCCTGCAATTGTAAAATTTCCCCGACCCAGAAAATAATATATTAACAATGATTTCCTATATTTCACATTAAAAACCACAACAACAACAAAAGCAGAATTAAACAGGTGGAACTACATCACAACAAAAAGATTCTACAAAGTGTGGAAATAATTCCAACCTACAGAATGGGAAAATATAATTGCAAGCCATGCATCTGAAAAAGGGATGACATCCAAAAATACATGCAACATCTACCACTCATTAGCAAAATCATATTTGCCTGATTGGATAGTGATCACTTTTTCACCTTAAAAAATTATGAACATAGATCTCATGTTAAAGATTCTTCCCTCTGGGTAATGGTAAATTTGATGGTACACTTGGTTAGGATAGACTTTGTAGTTATTCACTGCAACACTAATATATGTGGTGCTGTGAATTTACTTAAGACAAGCAAAACAGGTGGGCCTGATTCCATCAGAGCAGAACTGGAGAAAATGAAATTCCATGGTGTTTCAGCAGCTTTGCCTCTCTCTGGGACCTCCAGCCTGCACTTACTGATGGATGATCTTATGGACACTGGGTCTGCCCAGACATCTCCAAAAACTGTCATCCTCCACATCTCACAGAAAAGTGGCATGTCTTTTGTCCTTGCGATAGTTTGCTGAGAATGATAGAAGGATGGTTTCCAGTTTCTTCCGTGTCCCTACAAAGGACATGAACTCATCATTTTTTTCCTCACTCATAGGTGGGAATTGAACAATGAGAACACATGGACACAGGAAGAGGAACATCACACTCCAGGGACTGTTGTGGGGTGGGGGTAGTGGGGAGGGAGAGCATTAGGAGGTATACCTAATGCTAAATGACGAGTTAATGGGTGGAGCACAACAACATGGCACATGTATACATATGTAACAAACCTGCATTGTTCACAGGTACCCTAAAACTTAAAGTACAAGAATAATAAAATTTTTAAAAAAAGTCATAAAAAAAGAAAGTGGCATGTCCATCTGTAGCTTGTCAACCCTGAATAACAGAGAGAGAGAGACTCTAAAATATAATAATATGTATTCTAGGAAGTGTATTGCAATTGAAATGTATGGGTGCATTCAGGTTGGTATAGGAAGATAAAGAATAAAGGAAAAATGAGGAGGGTCACATCAGCTGTTTAAGACAATTGTCCTGGGCTAGAAGGATCAATAACAGGGGCACATCGGTGTAAAGTTGAACAGGGAGTTGCTGGGCAGATACAATGGGAGAAGTAATTCTTTTAATGTTGTGGTGGCTTCTGTGCAAGGTTATGGTTGTGCAGAGTCTATTTATGGTAGTTCTTATTATCAGGAATATGTGTGTTAGAACCCTCCTTCATGGCCTTCCCAGCTTCATTCATTAGGGCTTTAACACAAGTGGCTCCATCTTGATTCTGATAAATTTCACCAGCTCTTTCTAACACTACTTCTGAAGCAGACGACTCTGACACTGTGCACGGAACAGGGTTAACTCCACATCCACATCCCATTTTGATCAAATGAGTTTGTCCCCTTCAGTATTAATGGTCAACTGCATTCCCAGATGAGCCTACACACAACACAGTAGAGGGTCCTGAGAAAATGGGGAGAGAAGGAAGTCCCATCAGCCTCTCCCACGTGGCTGCAGGAGCCACAGCCTGAGCCCCACCTGAGCTCCAAGAAAATGCCTTGAGCCCTGGAATGTGGACCAAGGGGACCATCTGTTTCTTTTTCAGGAAAGAGGAAAAGCAAATAAAAAAGGGAGAAGAAACTCTCCAAAGAAAGAACATGGATTGGGAGCAAAAGGAGCACCAGGTCAGTGCTGATGCTGATTGGCTTTAGTGTCAGGAGAAGGGTCAGACGTGGAACCTGTGAGGTTCTACATGACTCTGGCCCTGGCCCATCCTCTCTGTTAGATGTGATCAAAACTCATAAAGGCTGTCCCTGAGGTTTCTGTCCCAGGACTGATTGCGGAAGAGTCACCAGGCACCCCTGAATTTCCTCAGGACTCTCATCCTGGTGACCATGGTTGAGAACTTTTCATCTCTGTAAGCGTCAATCTGCATTTGGTGCGTGTGAGAATAGGTGCTCATATTAAAATGATCTTTTAAAAAATACGTAGAGATGACATTAGTAAGCACAGAATTCTGAGGTTAGAGAGGTTCACTAGAGAAACTGTCAGAAGAAGATGAAGTCCCACACCCTGACAGGAAACAGCCTCCATCTGCACTGCCTCTGCGGATGACTCTGATCAGCGGGTCCTGAGCGCCCCCTGCCGCTGATTTCCCCCCCATCGTTCCTGCAGGGAGGTTTGTGTCTGGGCTCACAATGACTTCCCCTCACTGTGTCTTTCGCACAGTAATATACGGCCGTGTCCTCGGCTCTCAGGCTGTTCATTTGCAGATACAGCGTGTTCTTGGAATTGTCTCTGGAGATGGTGAACCGGCCCTTCACGGAGTCTGCGTAGTATGTGCTACCACCACTACCACTAATAGCTGAGACCCACTCCAGCCCCTTCCCTGGAGCCTGGCGGACCCAGCTCATGGCATAGCTGCTAAAGGTGAATCCAGAGGCTGCACAGGAGAGTCTCAGGGACCCCCCAGGCTGTACCAAGCCTCCCCCAGACTCCAACAGCTGCACCTCACACTGGACACCTGCAAACAAAAAGAAACCCTGGTCAGAAACTGCCACACGTATCCACTGTTTCTCTCACTCTTATCCATTCACACTCAATTTTTCTATTTCTCCATGAATTACCTTTTAAAATAGCCACAAGAAAAAGCCAGCTCAGCCCAAACTCCATGGTGAGTTCTCTCTGTTCAGTCCTGATCACCAAATGAAAACACCTGAAAATCCCAGGGCTGGGCTCCTCTCTCAGAGCTGCAGGGTCAGGCCTGGTTTTCATCAGCAGACGGAGGGCTCTATTTGCATATCTCCTACTATATAGTAAGCTCTGGGGTGAGAGGCCTTTGGAGATAGTGGGGCTCAAGAGCATGTCAGAATGTCCTCGGGGAGATCTGTGATATTGAAAGCATTGGGAAATTGTGCTTTCCTATTGTCAGTTTGTTTTGTGATAAACTTAAACCTTAAAACCTAAAAATCTTATAATTTTGTAATTTTTATTTTAAAACAGTTTTATTGAGGTACCATAGATCTACATAAACTGCATATTTTTTAAAGTTAGCACCAATCATCTTTTATTTTTACATACGCAGAGAAACCATGGTATATAGTATCAATATTATTTCCATGTTAAAGATGAAAAATTATCAGCAAAAGCACAGGTGGGTTTTACAATGTCCCCAGTGCTCACTTTTGGTCAGAGTGAGCCTGGGCATCTGGGCCTGTGCTTCTCACCACTGGACCTGACTTCTCCCTGAACCAAGCCCAGCACACAGGGGTCACAGCTCGTGAGGTTCGCAGAACCTTTTCTCTGTAATGGGAACATGGTGTGATGTGTACACACTGTGGTGATTACCTAACAAATATAAAGAAAAGCAAGTTTCCTACAGTTTTATTTTCTTGAGTGTCATACATTTCTCATGTTGGTATCTATCTTTCCATCAATCTTTAACAAATTATCTATCCACTTATTTGTAATACCCTTATTGAGGCATTATTGCTATATAATAAATACTGCATAATTGAAGTGTGCGGTTTAATACGCACTGAAGCCGAGCATGGTGGTGCACACCTGTAGTCCCAGCTACATAGGGCAGAGGGAGGAGGATTGCTGGAGACCCAGGGTCTGAGGCTGCAGAGAGCTATGATCTCACCACGGAGCTCCAGCCTGGACGACAAAGCAAAACCATGTCTCCGAAGGAAAAAAAACGTAATTTCACGTGTGCTCACCTGTGTATCCAAAATAACAATCGAGATAACGATGATTACAGTTAAAAGCCTCCCTGTGTTCCTCTCATTCCTGCCTCCCCATTATTTCCCTCTCACCATACTGAGTCAACCTCTCATCTTTGTTAATTCAGATCTATTTTTCAAGATTTTGTTAAAGTGAAATCTTATATTTTCAATTTCATTTGTGTGGCTTCTTGCTCAGTATAATTACTTGTGAGTCAGTAATTTGGTTGTGTATAAAGAATGTGTTGATTCTAATGAGGAACAGTATTCCAGTTAAAGAATTCACCCATAGTATTTATTTAGAAAGCTCCTTAATATGTGTGTTATTTGCAGATTTCTGAGTATTACAAACAAAGCTTCTACTCAGCCTGGAGATGTAGGCATGCTATAACAAATATATTATTTTTACTAAAACAACTAATTTTAGTAAGCTGCAAATTAGCACATTTTCTTTCATACACCAGATTATTGATGTTATAGTATAATCAAGAGACCTTACATCTTGTGAAATTCAGTGACTTGCAGGAACAAACAGGAAGAGAATATGACCTTATCTGGGGGAGAGGCCAGCAAATGTCACATAAGCTAATGCAAAATTAAATTAGACATATTCATTGGATTGTTTAAAATTTAGTATTATAAAGAAGTTATTGTTTAAATTCTCAGCGGACATACAACTGAGAGATTCCTATTGCTATTGAAAACTTTTCTCCCAGGATTGAGGACACATCAGAAAAATCTCCAACCTCTTCCTCCTGAGACGGTTCTGTGTGGGGAAGTGGAACAGCAGCTGTGGCTGAAATGCATCCAGACCCAGCTCCCTCACCACCACTACATGACCAAAGAATTAACATGCAGGGGCAAAGCCACTGAGAGGCTCTGTGTTACAGGCACTGGAGGAACTCGTAGAAACTGGGGTAGAAGAAAGAAAAGCTCCAAAGCTCTGTCCATTCTTTCAGGAATAACAGCCTCATCTCCCACCTCCTCTCTCTTCCTCAGGAATAACAGACTCATCTGCTGGGAAGGGCAG	60.00	PASS	.	.	.	.	1	True	0.0900000	.	.	.	.	.	60	.	0|0	False	.	10827	INS	COLO829-ONT_tumor	41	4	0.09	0.0,0.21,0.0	0/1
chr15	20736698	severus_BND2286_1	N	N]chr6:64588489]	54.00	PASS	.	.	.	.	.	False	0.1100000	.	.	.	.	.	54	severus_BND2286_2	.	True	++	.	BND	COLO829-ONT_tumor	31	4	0.11	0.67,0.0,0.0	0/1
chr15	23461731	severus_BND2297_1	N	N[chr20:38646024[	60.00	PASS	.	severus_7	.	.	.	False	0.1300000	.	.	.	.	.	60	severus_BND2297_2	.	True	-+	.	BND	COLO829-ONT_tumor	52	8	0.13	0.8,0.0,0.0	0/1
chr15	23467472	severus_DEL2298	N	<DEL>	60.00	PASS	.	.	.	23472018	2	False	0.1600000	.	.	.	.	.	60	.	27089538|27089538	True	+-	4546	DEL	COLO829-ONT_tumor	49	9	0.16	0.0,0.0,0.27	0/1
chr15	23586514	severus_BND2300_1	N	N]chr15:23747556]	60.00	PASS	.	severus_7	.	.	2	False	0.4300000	.	.	.	.	.	60	severus_BND2300_2	27089538|27089538	True	++	161042	BND	COLO829-ONT_tumor	31	23	0.43	0.0,0.0,0.74	0/1
chr15	23747556	severus_BND2300_2	N	N]chr15:23586514]	60.00	PASS	.	severus_7	.	.	2	False	0.4300000	.	.	.	.	.	60	severus_BND2300_1	27089538|27089538	True	++	161042	BND	COLO829-ONT_tumor	31	23	0.43	0.0,0.0,0.74	0/1
chr15	41328760	severus_DUP2346	N	<DUP>	60.00	PASS	.	.	tandem_duplication	41336312	1	False	0.4700000	.	.	.	.	.	60	.	41902241|41902241	True	-+	7552	DUP	COLO829-ONT_tumor	18	16	0.47	0.0,0.67,0.0	0/1
chr15	84141972	severus_BND2437_1	N	N[chr7:151049570[	60.00	PASS	.	.	.	.	2	False	0.5400000	.	.	.	.	.	60	severus_BND2437_2	84330444|153884993	True	-+	.	BND	COLO829-ONT_tumor	22	26	0.54	0.0,0.0,1.0	0/1
chr16	19490927	severus_INS12272	N	CCTCTCTCTCTCTCTCTCTCTCTCTCTCTCTCTCTCTCTCTCTCTCCTTCCCTTCCCTTCCCCTTCTCCT	60.00	PASS	.	.	.	.	1	True	0.0600000	TRUE	.	.	.	.	60	.	19710911|19710911	False	.	50	INS	COLO829-ONT_tumor	50	3	0.06	0.0,0.1,0.0	0/1
chr16	58590641	severus_DEL2664	N	<DEL>	60.00	PASS	.	.	.	58629426	2	False	0.9700000	.	.	.	.	.	60	.	59300137|59300137	True	+-	38785	DEL	COLO829-ONT_tumor	1	28	0.97	0.0,0.0,1.0	0/1
chr16	78894742	severus_DEL2709	N	<DEL>	60.00	PASS	.	.	.	79061103	1	False	0.5200000	.	.	.	.	.	60	.	79610246|79610246	True	+-	166361	DEL	COLO829-ONT_tumor	12	13	0.52	0.0,0.54,0.0	0/1
chr16	90216623	severus_DEL2784	N	<DEL>	60.00	PASS	.	.	.	90216918	.	True	0.0600000	TRUE	.	.	.	.	60	.	.	False	+-	295	DEL	COLO829-ONT_tumor	63	4	0.06	1.0,0.0,0.0	0/1
chr17	48858045	severus_INS12729	N	TAGAATAGAATAGAATAGAATAGAATAGAATAGAATAGAATAGAATAGAATAGAATAGAATAGAATAGAATAGAATAGAATAGAATAGAATAGAATAGAATAGAATAGAATAGAATAGAATAGAATAGAATAGAATAGAATAGAATAGAATAGAATAGAATAGAATAGAATAGAATAGAATAGAATAGAATAGAATAGAATAGAATAGAATAGAATAGAATAGAATAGAATAGAATAGAATAGAATAGAATAGAATAGAATAGAATAGAATAGAATAGAATAGAATAGAATAGAATAGAATAGAATAGAATAGAATAGAATAGAATAGAATAGAATAGAATAGAATAGAATAGAATAGAATAGAATAGAATAGAATAGAATAGAATAGAATAGAATAGAATAGAATAGAATAGAATAGAATAGAATAGAATAGAATAGAATAGAATAGAATAG	60.00	PASS	.	.	.	.	1	True	0.6600000	TRUE	.	.	.	.	60	.	49918376|49918376	False	.	453	INS	COLO829-ONT_tumor	14	27	0.66	0.0,0.93,0.0	0/1
chr17	74732832	severus_DEL3025	N	<DEL>	60.00	PASS	.	.	.	74733292	1	False	0.0800000	.	.	.	.	.	60	.	75750289|75750289	True	+-	460	DEL	COLO829-ONT_tumor	34	3	0.08	0.0,0.14,0.0	0/1
chr18	9868619	severus_BND625_2	N	[chr10:7592409[N	60.00	PASS	.	.	.	.	.	False	0.1400000	.	.	.	.	.	60	severus_BND625_1	.	True	--	.	BND	COLO829-ONT_tumor	25	4	0.14	1.0,0.0,0.0	0/1
chr18	68712223	severus_DEL3279	N	<DEL>	60.00	PASS	.	.	.	68715588	.	False	0.2700000	.	.	.	.	.	60	.	.	True	+-	3365	DEL	COLO829-ONT_tumor	19	7	0.27	0.33,0.0,0.0	0/1
chr19	17286002	severus_BND621_2	N	]chr10:7017548]N	60.00	PASS	.	severus_5	Templated_ins	.	2	False	0.3500000	.	.	.	.	.	60	severus_BND621_1	7798422|18587608	True	-+	.	BND	COLO829-ONT_tumor	24	13	0.35	0.0,1.0,0.0	0/1
chr19	17286830	severus_BND623_2	N	N[chr10:7090914[	60.00	PASS	.	severus_5	Templated_ins	.	2	False	0.2600000	.	.	.	.	.	60	severus_BND623_1	7798422|18587608	True	+-	.	BND	COLO829-ONT_tumor	28	10	0.26	0.77,0.0,0.0	0/1
chr19	21560846	severus_DEL3490	N	<DEL>	60.00	PASS	.	.	.	21561386	1	False	0.2000000	.	.	.	.	.	60	.	23353230|23353230	True	+-	540	DEL	COLO829-ONT_tumor	41	10	0.2	0.0,0.42,0.0	0/1
chr19	39906242	severus_INS13507	N	CGGGTGCCGACAGGCTCGGGCAGCTCCCAGGACAGGAGTCACCGCAGAGCTCGTAGTGGCTGTGGGCAGGGCACTGGAAGGCTGTGGGGACAAGGTGGGCATCAGCCAGGTAGGTGTTTGAGTCGCAGTCTTGGAGGCCCTGAGTGGGAAAACTGCTCAGGCCAACTTGGGCGTCTCTGGGCATGCACATGTGATCCAGGACATCTAACTGGGACTCAGCGTGGGACCTGGAATGGAGGGGACATGCCCAGGTCTCCTGACCAAATATTTCTGAAGATCAATGACTTGGCTTCTTGGCTGATATTTTTTTTTTTTTTTTTTTTTTGAGACAGGCTCTCACTCTATCTCACCCAGGCTGGAGTGCAGAGGCGCAATCACAGCTCGCTGCAGCCTCCACCTAAACCTCAAGCAATCCTCTGGCCTCAGCCTCCCGATTAGCTGGGACTACAGGAGTAAGCCACCACATCTGGCTGATTTATTATTATTTTCTGTAGAGATGGGGTCTCACTATGTAAGCCAGGCTTACCTGGGTGGAATGGATCACTTATATCTATTCGGGGTATGCAGGATCAGAACTGACTATGGGCATCAGCGTGTGAATGTGACTGGGGTGTGGGGCCACATGTATCTCAGGGTATGGCTCTGCCTGAGGGCACCCAGCTGTGGGTGTCTGACATGCAGCATCTCCCAGAGTCCTTCTGACATGGTCTGCCTAAGGCTGTGCCTGGGTGAGCTTGCAGGATACCTGTGACCAGGAGACCTGCCTGAAGGGAACCACCTAGGACTATCTAACTATGCATCTGTGTGGATCTGCCCAAGGCTATGCCAGGATCCTGTTTCTTTCTGAGTGTATCTGACCAGTCAGTATAAAATTTAAGCAGATATCACTGAAGGTATGCTCAATGAATTCCATGTGACTAGGTGTATTTCAGTGTGTGCAACAGACCTGGGCCCTCTGACCAGCTGAAACTCACTAGGTCTTCCTAACAAGGGGTACTTTGCTATGTGACAGAGGCAGGGTCAGCCATCCCAATCTACATGCCTTGGATACCTGAAAGCATGGATCACCAATCCCTAAGAGTGTCCTGGACCCCAGGTTTCTTTTCTTTCTTTTTTTTTTCTGTTGTTTGTTGTTTGTTTGTTTTTTGTTTTGGAGATGGAATCTCTGTCACCCAGGCTGAAGGGCAGTGGCACGATCTCGGCTCACTGCAACCTCTGCCTCCTGGGTTCAAGTGATTCTCCTGCCTCAGCCTCCTGAGTAGCTGAGATTACAGGTGCCCGCCACCACGCCCGGATAATTTTTGTAGTTTTAGTAGAGGTGGGGTTTCACCATGTTGGCCGGGCTAGTCTCGACCTCCTGACCTCAGGTGATCCGCCCGCCTCGGCCTCCCAAATTGCTGGGATTACAGGCGTGAGCCACCGCGCCCACACTCTGACTAGGTGTTTCTAACTGACTCTCTCTCACTGCAGTACCTGAATGGGCATTTCAGTGTGTCAGTGCCAAGGTGTTTCCTGACAGTAGATACCGAGCTCGGGAAGGAAGGTGGCCCCTGAGCCCCATGGAGGAGGAAGGGGCTGCTGTCCTAACAGTCCTGGAAGGGCAGGGAGAGACCCAACCATGTGGACCATGCATGGAGCAGTACTCACTACAGAAGTCCGGCCGCCTCCACTCGCGGAGCTGGGCCCCAGCGGCCTGACAGGCTGCCACGTAGGTGGCCACTGCAGGACAGAGGCCTCCAGGATGGCCCTGAACTTGGCAGGCGTCCAGCAAGCAGCCCGGGAAGTACTGCGCGGGCGGCACAAGGCCGTGGCAGGGCGCCAGCGGGCCGTCGGTGGCGGAGATCACGCCGCAGGCGTCCGGGCCGCCGAAGGACTCTTGCTGCTGGCGCATGGCGACGGGCATGGCTTGGACACACACATCTCCCCGCAGCCCTGGCGCCGCCCACCTGCCATCCGGCGGGCTCCCGCCGACCGCCTTCAGTGTTGTCTGCGGGTCCCTGGTTGTAGTTCCCGCATAAGCCACAGAGAGAGCCCGCGTACGCCGCCGGCACGCGCAGGCGCACGAAGCCGTCCCCATCGAAAGCCAGCGAGAGCCCTGAGGTTGTGGTCACCACCACGTCGGCGCCGCTCAGGTGTGCGTGCAGGAGCGAGTCCAGCTGGAAGGGCAGAGTGACGAACACGCCGTCCACCTGTGGGCAGTGGGGAAGCGGTGAACGGAGCAAACACGGGTTTGAAGTCCTGGCCCCACTACCTACTAGCTGTGGGACCCAGAGCATGTCACCTCCCGCTGAAAATAATAATGAGCATCTATAGGCCGGGCCTGGTGGCAAAGCCTGCAATCCCAGGACTTTGGAAGGCCGAGATGGGAGGATCGCTTGACGCCAGAAGTTCAGATCAGCCTGGGCAACATAGTGAGACCCCCATCTCTACAAAAAAATGAAAAATTAGCCAGCGTGGTGGCGTGTGCCTTTAGTCACAGATACTTGGGAGGTGGAGGCCAAGGCGGGAGGATCGATTCAGCCCACGAGTTCCAGGCTGCAGTGAGCCCTAATCCTGTCACTGCGCTCCAGCCTGGGCAACAGAGTCAGGCTAAGAAAAGAAAGAAAGAAAGAAAGAAAAGCAAGAAAGAAAAAAAGAAAAGAAAAACAAAGAGCCTCTACTGGCTCATGTCACTGACTCCTTATCCTTCCTAAAACAGGTACTTTTCCTAGACCAGTTTACAGAGGAATACACTAGGCTCACAGAGGAAGAAGCTGCTGTGCCAAGCCATCAGGTCCTGAGGCGTACACTCTGACCCTTCCATCATGCCCCAGCTAAGCTGTGAAAGGGGCCCAGGGGAATGGTGAAGCCCTTACCATCTCAGGCAACCCCAGAGCTGGCACTTGCTCCTGTCTGGCCCACAGCCCTCCTCACCTGTAGCTTCCGGGGCCAGCGGGCACTCAGTGTCAGGCTGTGGTTGTAGATTTGCAGGGTGACACTGCGGGTGTAGCTGACAGCCTGGCTGCCCCGGTGCTCATTGGCTACAGTGACAGTGAAGTTCTCAGCCCCCAAGGGTGGTCCGTGGCAGGGTGCACTCAGCAGGTACTCGCAGGTGCCTTGGAAATCGAATCGGTGCCCATCCAGAGTGACGTAATGGGGGTCACCCACGCCTGGCACTCAGCTGTGCTGACGGGCTGGCAGCCGTGCTGGCCGGATGGCAGGAGGCCACACTTCACCCAGCCCACAGCTGGCAGGTGTGCAGACCAGCGAGCCACCCCCAGGCCCACAGCGACACCACTGGGAGCAGGTGCCTATCAACCCAACCACTGCCCGCCTCGTGGTAGGTGCCATTGGCCCAGCAGCCGCAGCCGTTGTTGAGGGGAACACAGCGGTCAGCACTTAACACGAAACCCGCGTCGCACTGGCAGCCCTCCACACAGGGGCCCTCACATACGGCTGGCGTCGTAAGGGGTGCAGGGGACGGACAGCTGGCCGGGCAGGGTGGGCCACAGACCTCATAGTGGCTGTTTTCTGGCAGTGATCTCTGTGGGCAGATGAAGGAGCAGGAAGGGAGAGAACAGAAGAAGGTGTTAGGTGGGGTCCCAGAACAGGGTGGGGAGGAGACAGAGAGAGACACTAGGGAGCAGACAGAGAAAGGGGGAGACAGAAAACAAGACACAGAGAGAGGACACAGAGAAAGAAATGGAGAGGGCGAGACACCAGGAAACCCCAAGCAGAAACTGAGGGAGCTAGAGAATGAAGAAACAGACAGATAGAGACAAGCAAAGCGAGGCCCAGAGACGAGCACCAAGAAACAGACAGACAAACAGAGAAAAAAGAAAACAAAGAGACCCAGAAGGACCAGAGTGAAACCAAACCAGCCCCGAAGAGACGGGACCCCACCCCCAGCCCCGCCTCTGCTCCCCCAACACTCACCACAGCCAACCTGTGCCCGCCAGTCTTCGATGACAACCCCAGCGGCCTGGCAGGCGGCCACGTAGGAAGCCAGCGCCTTGCAAAGAATGTCATGGTCCCCACCACCCATGCAGACGTCCAGAACACAGCCCTTGAAAGAAGCTCTCAGGTGGCACATGAGCATGGCAGGTGGTGAAAGGGCCCCCTGTGCCGGGGGCCAGGGGTCCGCAGAAGCCAGGGCCCTCGTACTGCTCCAACCGGTCCTCAGGGCACGTTGGGCAGGACCCCCGACATTCGTCCCAACACAGTGGGTCCCAGCCTGGGGCTCGCCAGCTGCCACCCCAGATGGGTATGGAGGGAGCCAGTGTGCCATTAGGGAAGACCTGGTCATTGTTGGGGTTGCGGTCCATGTTACCACAGAGCCCGCACACTGCGCCATGATAGCTGCTGGGCAGCGTCACGTCTACCCGCCAGTTCCAGCTTACAGCCACTTGGCAATCCAAAGTCAGCCACCAGCAGTGCCTTCGATGCACCCTGGGCCACTGAAATCCGCCCGTCGGCCACGGAGACAGGCAAGGCTGTGAGCACACTGTTCACCTGGGAAGGAGGGAAGGCAAACGGGTCACTGGAGGTTTTACGGCCCCAGCTCTGGCCCTCTGCCTCCCTCTCTCTCATCCCACCGGGGCTGGGAGAGGCCAGGGCCTTCCCCCGAAGTAGTTGGATTGTCATCTGACACACTGTGGACAGTTGTTCTAGCCCAGGTCTTGGGGAACGAAACCTCACTTTACTTTTTCTAGATCTTCTCCCTTCATCTCTATCTCCCTCTTCTGTCTCTCTGTCTCTCTCTGTGTGTCTCTCTCCCTCTGTCTTCACCTAAGGCTATGCCTCTGGGTCTTCTCTCTCTCTGTCTCTGTCTCTCTCTCTCTCTCTTTCTGTCTCTCTGTCTCTGTCTTATTCTTTCTCTTTCTCTCCCTACCTCCCTCATTCTTTGTGCATCTCTTCCTCTCCTTTTACTCACTCACCATCATTTATTCAGTGCCTACTCTGCTGCATCCCTCAGTCTCTCCATGAGCTGCCATCCAAGCCCTAATTCCATTTCCTTGGGCAGAAAGGATAGCCCATTCCTCTCCCCCATCTCCCTATATTTCTTTTTTTCTTATTACTTTTTTTATTTTTCAGACGGAGTCTCACTATGTCACCGAGGCTTGTGTGCAGTGTTGCAGTCTCGGCTCTTGTAACCTCTGCCTCCCAGGTTCAAGCAATTCTCCTGCCTCAGTGTCCTGAGTAGCTGAGAATTCAGGAGCATCACCACACCCAGCTAATTTTTGTATTTTTAGTAGAGACGGAATTTCACCATGTTAGCCAGGCTTGTCTCGAACTCCTGACCTCAGATGATCCATCGGCCTCGGTCTCCCAGAGTGCTGGGATTACAGGCGTGAGCCACCGCACCTAGCCCGATCTCCCTGTATTTCTCTCCATGTCCTGGTCTCTGGGCCTCTCACTTTTCCCTCACCCACACTCAAACGACTGTTCACCTGGACTAGACTCTGAGCTCAGCATGTGACATGCACGGCCTTGCTGTGGGGGAGGCCCTGATACGATGCCCACTTCACAGATGAGGAAACTGAGGCCTACCAAGTGAACTGCCCAGCATCACATAGCTCATAAGGAGGAGAGGCTGGATTGAAACCCAGGCTTGATAAAAAGGCAAATGCTGAGGTCCTATGTTAAAGCCCTTTGCCAGGGGCTAGGCTCATTTAATTCCCAGTAACAGGGTGACATTTTTGTTGCAATTATTCTCTTTGTTGACAGTTTGTTTCAGGCCCAGGTGAAGACAAAGAGCCTTGAGCTGCTAACTGTGGTCGTCAGGATCCCTCCTGCCCTCCCGGGGACCTCAGGGGACCATCCTGCCACACATACCCGGACTTTGCCGATCTCGTCCTTGTGGATGGAGATGTTGGTGCCGAGGGCAGCCACGGTGACGACTCTCACGTAGGACACAGCAGGGTTGCCCCGGTTCTGGTTCTTGGTGGTGACGGGCTAAGGGTGTCAGGCCCTGGGTGCTGACCCCCGGGCAGCCAGTTGTTGCCAGCACATAGTTACAGGTGCCCTGGAAACCTCAGACCGGCCATCGAAGGAGTGGTAGTGTGGGTCGCCCCACAGCCAGCACGTGGCCTCATAGTTGGGCAGGCACACGCCCTGGCCACCCTGCTCCTTGCATGTCTCCTGTGGCCGGCATGTCACGCCGTGGCACGGGTCTGGGGACAGAAGAGAGGAGGAGGACCTTGAGGGGCTGCCCATTGTAAAGGATGGCCGCTCCCTTGACATCTACCCCAGTCTGTGCCAGGGATCTGAGGGTTACTGCAGGCAAGACCACATTCCAGAGCTCTAATGTCTAGGACCCAGGTCCTATAGTTTGCTTTTTTATTTTGTTTTGTTTTGTTTTATTGGTTTTTTGAGATGGAGTCTTTCTCTGTCACCCAGGCTGGAGAGCAATGATGCAATCTTGGCTCACTACAACCTCTGCCTCCCGGGCTCAAGAGATTGTCCTGACTGAGCCTCCTGAGTAGCTGGCATTACAGGTGCCCACCAGCATGCTTGGCTGATTTTTGTATTTTTAGTAGAGACAGGGTTTCACCATGTTGCCCAGGCTGGTCTTGAGCTCCTGACCTCAAGTGACCTGCCCACCTCAGCTTCCCAGAGTGCTGGGATTACAGGCCTGAGCCACTACGCCCGGCCTGCTATTTTCAAGACCAGCCCCTGGGAGTCCTCACCCCACACTGAGGCATCATGGTGGACTGTGTCTATGTCTCGGGTGTCAAAGTTCCCATATCTGAGATCCCGGCCCCAGAGGTCCCTACAGCCAAGACTTAGGCCCTAGAGTCCCCCTGCCTCTGAGACTGAGGCCCTGCCATCTGCTGTGTGAGACTGAGGTCCTGGAGTCCGGACCTAAGACCCAGTCTCTGGGGTCCCCATGTTTGAGACACTGGTCCTGCAAATTTCTGTTTTTAAGTTACAGTTTCCATTGTGCCCTTGCTTGAGAGTTCAGCCTGTTCTTATTCTAAAGCTTTATAGAAACCTCACCGTCTTCACTTACATAGGCTACGGCTGCTTTCACACCACAGTGGCAAGAGCGAGTAGTTGTGATCCAGAAGGTATAGCCTGCAAGCTTAAACACTTACCATCTAGCCCTTTAGAGAAAAGGTGCACTTGACCCCAGTTGAGATCTGTGCCCCAGGGGTCCTTGTGTCTGCGATGCCAGCCCTGAGAGCATCCATGTCTGAGATCCCAGCCCCAGGGTTCTCTGTGTTCAAGACCTGGGCCCCAGGCCAGGTGTGGTGGCTCAGGCCTGTAATCCCAGCACTTTAAGAGGCTGAGGTGGGAGGATAGCTTGAGCCCTGGAGTTTGAGACTACCCTGGGCAACATAGTAAGACCCCATTTCTACAGAAAGATTAATAAATTAGCCAGGCGTGGTGGTGTGTGCCTGTAGTCCCCCACTACTCAGAAGGCTGAGGCGGGAGAATTGTTTGAGCCCAGGAGATGGAGGCTGCAGTGAGCTATGATTGCATCACTACACTCCAGCCTGGGCGACAGAGTGAGACTTATCTCAAAAAAAAAAAAAAAAAAAAGATCTAGGCCTCAGGGCCCCCCATGCCTGAGATCTCAGCCCCCTGCACATCTCCACATTTGAGAGAAATTGGTCTCCAATTTCTCCAGGTCCTGGGAGGCCTCTATGCCCAAGACTACGGCCCTGGGGTGATCTCTGCAAGAGCCCAGTGCCAGGGTCTCAGCAGGATTTCAAACGTTTGAGACCCTAACTAGCTAAGTCTCATGGCCTGGGCTCCCTCAGTGCAAGACTCCATCCCTGAGGGTTGCTGTGTTCAAGACAGTAGCCTTGAGCGTGTCTCACTGCTGAGGCCCTGTCCTGGAGGGCTTCTGTGTCCGAGACCCTGTTCGGACAGTTACTACATCTGTGACCCCAGCTTGCGGAACCGCTGTGTGGAAGCTAGCCTTCAAACGTCTCCTTCCTCCTGTGTCCATTATCAATGTACCGCCTCTCAGCTTCAAATACACCCACGGAGTTAAGCTTTGTCAACAGAGGGCGCTGGAGAGTCATCACAGGAGGGAGGGGCTCCTGGTCTGGATTCCAGCCAGTTTGGTCCTTCCAGCTCTGGCCAGGGTGCGGGGCCACATTCAGCGAGTGCCACTGGCCGCAGCTGGCTTCCCAGTGAGGGGTTCCCTTCTTGCCAAGTCCAGCCTGCAGAAACCTCTGTGCCACCCAGTGGGCTACAGCTGCAGTGAGACTGGACTCAGCCTTGGGGCTGATTCTCCCCTCCTTGAAGAGGAGGGGCCAATGTCTCCCTTCCTTGAGGCCTCTACCTTAGCCCTAGAGTGGGAGCTACTTCCTATGTTTGCTTTGGTGGTATTCTTTAGTGCTCTCTTTACCGTTTCTTATTTATGTTTATTTATTTATTTGTAAAGAGACAAGGTCTTGCTGTCTTGCCCAGGCTGGAGAGCAGTGGTGCAATCATAGCTCACTGCAGCCTCGAAATCCTGGGGTCAACTGATCCTCCTACCTCAGCATCCTAAATAGCTGGGACCACAGGCACGCATCACCACACCTGGCTAATTTTCAATTTTTGTGGAGACAGGGGTCTCACTATGTTGCCCAGGCTGGTCTCAAACTCCTGGCCTCAAGCGATCCTCCCAAAGTGCTGGGTGTGTGAGCCACGGCAGCAGGCCCTCTTTACCCTTAATAGTTAATCTCCTATTAATAAGTAAATGTTTAATTAAACTTTCCTCATTCAAATGGCCATACGCTTTCTGTCTCTCGACTAGATGCTGAGTGATATACCCCCCATTCCTGGGAGTCCCCATTATCCTGCTCATCAGCCCTGAGAGTCTTAGCCCCCCACCTCTTGGTGCGGGAGCTCCTATTCTCTTATCCTTAGGGGGAGGACAGTTCTCTGCTCTTCACCCTAAGAAATGAGCCCTGGGTGGCTGTGTCCCAGATTTAGTCTGGGGATTCCCATATCAGAGACTATACTCCTAGAAATCCTGATCTTCCACTTGAGATGGGTCCCCATATCCAACGTCCTGCCTTGGTGGGGTCTCTGTGCCTGAGACTCAGAACTCTGCTGTTCCTGCCCCTGGGATCCCAGTCTCTCCCCTGCCCTGTGCTGCTAGTGTCTGAACCCCACACCTAATCCCACACATCAGTGTTCTGCTCACGATGGCCCCCTAGGCCCTGCTCTTGTATTCTAAAGTCTTATAGGAGCCTGACCTCTTCACTTACATAGTCTACGGCTGCTTTCATGCCACAGTGGCAGAGTGAGTAGCTGGAACGAGACCATGCACCCTGCGAGCTTAAACATTTACCATGTAGCACATTAGAGCAAGGCGCGCCGGGCCTGCCTTATACTGAGGGCCTCTGACAGCCACCCTGAGAAACTTACCTCTGAGGGTCCGCACAGCCTAGATTCCCCTTAGGGTCCCTGCCTCCCATAGTAGGTAACCCTGGCCCTATGAAACCCAGCCCAGGGGTCCTAGGTCTGTGACCTCAATCTTTAGTCCTGTGCACCTCCCGCCATGGACACCCCAGTTACACTACCCTCAGCCCCAGAGTCCTTGTCCTCCATCCCTAGTCGCATCAGCCCCAGGCCCAACCCCAAGCTCAGCACCTTTGGTGACGCAGCTCAGACTTCTGGAGGGCTGGCACACCTGCCCCGGCTTGCAGCTGTGTTCCTGGCACACCATGCCTTTACCCGCATGGCACGTACACTGCTGCCGACAGTTGTCAATGAGGATGGGCTGTTTGCTGTGGGAGAGAGGGAACGGCCATCAGGGACACCACGGGTGGGAGCCGACTCTCACATCTCTGGCGTTCTGGCACAGAGGGGTTCTGGCATACATCACAGACAAGGGACATCTCTCAGCAGGATGGCCCGTTGTCTGTGAAGCTGAGGCACAGCATGGCTTTGAGGCCATGATTCATTTTGTACATTTGTTCATTCACTTTTCTTCATTAACTCATTCATTCCAAAATATCCGCTCGAATGCTCGCCGTAGGAGAAATGGTGTGACACAGTAACTAAGGGCAGATCGCCTGGGCTTGAAGCCCGTTTCTGCTGTTTCCGAACTGTGTGACTCTGGGCAGTTACTTCACCTCTTGTTGGCTCAGTTTCCTGATTTGCAATTGCAGATAGTAGCACCTGCCTATGGAAATATAACCAAGTTAATAACACATGTGAAGTGCAGATGAAAGGAAGAGGGTTTCCCTTAAATCATTCAGATAGGAGAGATGAGTGGGGTAGACATGAAACAAGATTGGGAGAATGTGGCTTATTTTTGAAGCTAAGTGATGGGTAAGTACATGGACAGTCATTCCACTGTTCTCTTGATTTTTGCATGTTTGAACGTTTTAATAATAAAAAGTTTTTAGATATGTAATGCATATATAAAAATATGCACACATAGCACTTAAAACGGTACCAGATACATAGTAAGCACTATCTACACATTTTCTGTTAGTATCTATATTCATTATTATTCATGTAAGGATAAATAAACATATAAAGTATGAGTCCCCAGGAGAGAACCACAGCTCCCAAGGGAGATGGACATTGGACAAACACATGCTCCAGCAAAGAAAAAGGACCAACGGGGACAGAGTGGGAGAGGGAAGTAGAGGGTGTTAGCAGCTGGTATAACACATGAAAATCTTGTCTTTGTGGTCAGAAAGGCTCCCTTTGTCCAGACCTGGAAGGCAAAGCCACAACTTGACCTGGGGAGTCAGGGAAGGGTTCAAGCTTCAGAGCCCGTGGTCATCAGAAAGATCTTTACCACTGCCACGTGGAGGGTGGACCAGAGGGAGCAAAGGTAGGAGCTGGGAGGGACCCAGGTGGGAGGACCAGCTGGACCAAGGGAGGGCCATGGGGACGGGGAAAGGAGTGGGTACAAGAGACATTGAAGAGACTGAGTGGACTAGCTGTGGTGGCTCACGCCTGTAATGCTCACACTTTGGGAGGCCAACGCAGGAGGATCACTTGCAGTCAGGAGTTTGAGAGCAGCCTGGCCAATATGGCAAAATCCCATCTCTAACAAAACTACAAAAATTAACCATGTGTGGTGGCACATGCCTGTAGTCTTAGCTTCTTGGGAGGCTGGCGCAGGAGAATTACTTGAACCTGGGATGCTGAGGTTGCAGTGAGCTTGAACCCAGGCAGTGGAGGTTGCACTCCGGCCTGGGCACAGAGCAAGACTATGTCATTAAAAAAAAAAAAAAAAAAAAAAAGAGGCTCAGTGGGTCGGGCCTGGTGGCTCATGCCATTAATCCCAGCCCTTGGGGAGGCCAAGGTAGGAGGATGGCTTGAGGCCTGGAGTTCAAGACCAGCCTGAGCTACATAGTGATTCGCCCCCATCTCTATGTGTCCACAGGAAAATTAAAATTTGCTGGGCTTGGTGGTGCATGCCTATAGTCCCAGATACTTGGGAGGTGAGGTGGAAGGATTGCTTGAGCCAAGGAATTCGGGGCTGCAGTGAGCTATGGTACCTTTCTGCCCTCCAGCCTGGGTGACGGAGTGAGACCCTGACTCTAAAAGAAATAAATAAGAGGCCAAGTAGACAGGCCGTGGGGCTGATGAGCAGTGGGAGGGGTGAGGCCCCAGTATTCTGCCCCAGATGACTAGGTTCCTACCTCATAGTAGACACCATTGTGGTAGCAGCCGCATTGCTGGATGGGCACGCAGGCTTGGCCATTGTAGAGGAAGCCGGAGTCACACTGGCAGCCCTCAGCACACCCATCCTGGCACTGTGGAGGGGCACTGAGAGCTGAGCAGCCCAGGGAGCAGGTGTCCGCACAGAGCTCGTAGTGACTGTTCGGAGGGCACTCCATGGCTGCAAGGAGAGGGTGCCGATCAGAGCCCTGGGGAGGGAAGGGGCGGCCAAGGCCCAGGGTCTACCCCTTCTGTGCCTCAAGCTCTCCCCTCCCTGCCCCTCCGGCTCTCCCTCACTCACGACAGAAAGTTTCATTCCTCCAGGGCTCCACGTGGCCTCCAGCCGCCTGGCAAGCACTCACGTAGGCATGGATGTTGCTGCAAGAATGCTCAGGTTCCCACCACCCAGGCAGAGATCAAAGATGCAATCTTTCAAGGGACCCTGGGGATCCACCAGCTTGTGGCAGGAGGACAGTGGCCCGGCGGGGCTGGAGAGGAGCCCACAGAACTCCTCCTTCTGATACTTCTTCTCCAGCTCGGGAGGACACTTGTGGCTGGGGATACAGTCCTCGCTCCCCGGGGCGGGAAAGGGGTGGGCGGCAGGCAGGGAGAGTCGGGCACCACCTCCTCCCAGGAGTTGCCGAACTCATTGGCGTTGCCTGCCTGTGAGCCATTGGGCTTCCGGAAGTCATCCTTGGGGTCGCCGTTGTAGTTCCCACACAGGCCACACATCTGCTGGGAAGGTTTCTGGGGACGGTGACCCGCACATAGTACACAAGGTCGTAGGCCACACGCAGGCCGAAGTCGGTCTCAATCACAACATCTGAACCATGCTGGGAGGCACGGATCCTGCTGTTGGCCAGCACCAGGGGCAGCTTCATGTCCACACCGTTCACCTGGGAGGCGAGAGGCAGGCCACGCTTCAGGAGAGACTTTGAGTAGGGGTAGGACCCCAGTTCAAGCCCATGCCTGATGCTGAATATCTGTGTGACCACACCTCTTAGGGCTTCACTTTTTGTATCTCTAAAGTTGGTAGAATAATAAGGGCTGGATAGTGATTTAATGGTGGTCCATAAAAGACATATTCACCCAGAATCCCGTAACGTGAGCTTACTTGGACAAGTTCTTTGCAGATGTAATCAGGGTAATAATCTCAACATGAGATTATCTGGGATTAAACTGGGCCCTAAATCCAATGACAAGTGTCCTTATAAGAGCCAGAAAGAAAAAGGCAAAGAGACACACAGAAAGGGCCACATGAAGATGAAGGCAGGGATTAGAATGGTGGTGTCACAAGCCCAGAGAACCTGGAGTCTGCAGAGCTGGAAAGGGAAAGGAGATCCCCCAACCAGTGTCTTTGGAAGGGGTGCAGCCCTGCCCACACCTTGATGTTGAACTTCTGGCACCCAGGACTGTGGAACATACATTTCTAGTGTTTTAAGCCACCAAGCTCGTGGTAATTTGTTATGGCAGCCATGGGAATGAATACAGGTCTGACTTAGTAACAAGCCTCCAGCTATCCTTTGTTTACCACTTGCTGCAGTCATTAATAAGAAGCAATGATTGCCCCCAGAGCCACTCGCCCTAGTTCAAACAGTTTCCCCCTTACCCTCTTTGTGACCTTGGGGGTCACAGTTACTCCTCCCTGTTTCTGTTTCCTCATCTATCAGGTGGGAGCAAGGTGTTTGCCCCACGGAACTGTTGTCAGGATCAGATAAATTAATATTTGTAAAGTGCTGAGAAACGTGGCTGGCATAATATGCATGCTTCAGGAGCATTTGCTGTTATTAGCAGCTATGAGTGGAGTTTTTTCTTTTGAAGAGTAAACAGACACCACAGGTTTTTGCTTTAAAGCATCAGTGAGTGGAAAGTTAGGCTAAATTCTTGGGGAAATGAACTTAAACCTATGAGTGGCTACCAGTGGTTTCAGTTTAAGGTTAATAGGCACCAACAAAGCCTCCTAAATCCACCCCTGGGCTGGGCACAGTGGCTTATATCTATAATCCCAGCACTTTGAGAGGCCAAGGTGGGAAGATCACTTGAGCCCAGGAGTTCAAGGTCAGCCTGAGCAACATATGGAGATCCTGTCTCTACAAAGTAAAAAAAATAAAAAAAAAAATTGGTCAGGAGCAGTGGTTCACAACTGTAATTCCAGCACTTTGGGAGGCCAAGGTGGGAGGGTTTCTTGAGCCCAGGAGTTCGAGACCAGCCTGGGCAACATAGCAAGACCCCTCTCTATACAAAAAAAAAAAAAATTGTCCGGATGTGGTGGCTCACGCCTGTAATCCCAGCACTTTGAGAGGCCAAAGTGGGTGGATCTCGAGGTCAGGAGATTGAGACCATCCTGGCCAACATGGTGAAACCCACGTCTCTACTAAAAATGCAATAAAGTAACTGGGCATGGTGGCGGGTGCTTGTAGCTGAGGCAGGAGAATCACTTGAACCAGGGAGGCAGAGGTTGCAGTGAGTTGAGATTGCGCCACTGCACTCTAGTCTGGGTGAGAAAGTGAGACTGTCTCTCAAAAAAAAAAAAAAAGTCACGCCTGTCCAGTTCACCAGATTAAGTCAGTAATTGATCAGCACCTTCGCCAATACTGCTACTAGAAAAACAGCTGCGTGTCTGTTTCAGTGGGATCTCTAGGGAAACCCCTCCACTATAACTGAGATGCCAGTCTCCACATGAGACCAAATCTTCTCAGTGAGCAAAGCACTGCAGAGCAGCATGGGGTTCAAGCTCCACCTTTGCTGGGGACTATGGGCCAGTGATGGGCCGTCCCACTCTGAAAAATAAAGCAAGTCATAGTGCCTGCAGCCCCTGTTGGAAGCATACAGACACCATGGACGTGAAAGTGCCTGGCAGCCAAAAGGTGTGCAGTCAGCTGTATAGAAACTATAGCTGCTGTTGTTGTTGTTAAGGCGGTGAGATGTCTACCACAGATTGTCCTCTGTCCATGAAGCTTCTCCAGACTCTGTTTCTCCCAACCTCTGATGGTATCACATCCTGCCAATGAGTGGCAGACTAGGGAGGTGGGTAGGGCAGAATCCAGGATTGAGGTGAGGAGAGGATGAAGCGGGAGGGAGGAGAGAGTGGGAGAGATTTGGAGAGAAAAGTCAATGCGGCCAGGTGCAGTGGCTCACGCCTGTAATCCTAGCGCTTTGGGAGGCCAAGGCGGGTGGATCACAAGGTCAGGCGTTCAAGACCAGCCTGGCCAACATGGTGAAACCCTGTCTCTACTAAATAGAAAAATTAGCCAGGTGTTGTGGTGGGTGCCTGTAATCCCAGCTACTTGGGAGGCTGAGGCAGGGAATCCACTGAACCCAGGAAGCGGAGGTTGTAGTGAGCCCAGATCGCACCATTGCGTTGCAGCCTGGGCGACAGAGCCATACTCCATCTCAAAAAAAAAAAAAAAAAGAAAAAGAAAAGTCAATGCATGGAGGTGAAGAGAGGGTGACGAGTACTAAGGGACAGAGATGGGGGAGCAGCTCCCAAGTCCCTGATGACACCTCCCTCATTGGCTTCCCACTCTGGGTTCTGACTGGCATCTTCTGTCCTCAGGGACCCAGGCCTCCCATGACCCCCATCTCTGTGCCCCCCACTCTGGGCTGAGCGCGGCCTGTGTCCCACCCACCCACAGGCCCCTGGCCCCCGTTCCCCACTGCTCTCACCGTGACCTTCCACTGTCTCTGCTCCAGCCGCAGGGGTGCAGTTTGCCACCTGGACCGTGATCACCCTGGTCACACTGACTCGCCCATTACCCCAGGCCACGTTCTCCTGCAGGACGGCAAACCGATGCAGGCCAGGCCGGGTGCCGCAGGTCTGAGCCAGCACATACACGCAGGTGCCCATGAAGTCGAAGCGGCGGCCATCGAAGGTGGTGTAGTGGGGGTCTCCTGACGCCTGGCAGGTGCTAGAGCCCACGGCCACACAGCCCAAGCTGCCACCGGATGGCTGGCAGGCCTCGTGCGGTCCGCAGCTGGAGGACTCACAGGACACCAGGCCGCCCTCCTGGCAGTGGCAAGGGGAATCACATCCGGGGCCAGGGTAGAAGTGTCTGGCCCTGGTGGGTGGTAGGTGCCCTGGTGTACGCAGCCACAGGAGGCCAGGGGCAGGCAGGACTCACCACTGAGCGCAAAGCCCTCATCGCACACGCAGCCCTCATGGCATTCTGAGCCACAGCCCC	60.00	PASS	chr19:39873560-39889367	.	.	.	0	False	0.1500000	.	.	.	.	.	60	.	40747867|40747867	True	.	15807	INS	COLO829-ONT_tumor	40	7	0.15	0.38,0.0,0.06	0/1
chr19	47936568	severus_DEL3573	N	<DEL>	60.00	PASS	.	.	.	47938853	2	False	0.0100000	.	.	.	.	.	60	.	48354171|48354171	True	+-	2293	DEL	COLO829-ONT_tumor	528	7	0.01	0.0,0.0,0.16	0/1
chr19	50134397	severus_DEL3588	N	<DEL>	60.00	PASS	.	.	.	50136686	1	False	0.0400000	.	.	.	.	.	60	.	53045238|53045238	True	+-	2289	DEL	COLO829-ONT_tumor	199	8	0.04	0.0,0.36,0.0	0/1
chr19	52918997	severus_INS13571	N	CTCCCTCTCCCTCTCCCTCTCCCTCTCCCTCTCCCTCTCCCTCTCCCTCTCCCTCTCCTCTCTCCCTT	60.00	PASS	.	.	.	.	1	True	0.2900000	TRUE	.	.	.	.	60	.	53045238|53045238	False	.	65	INS	COLO829-ONT_tumor	15	6	0.29	0.0,1.0,0.0	0/1
chr19	55064530	severus_DUP3627	N	<DUP>	60.00	PASS	.	.	tandem_duplication	55064642	.	False	0.0700000	.	.	.	.	.	60	.	.	True	-+	112	DUP	COLO829-ONT_tumor	37	3	0.07	0.18,0.0,0.0	0/1
chr19	55068189	severus_DEL3628	N	<DEL>	59.50	PASS	.	.	.	55068455	0	False	0.1800000	.	.	.	.	.	59	.	55670466|55670466	True	+-	258	DEL	COLO829-ONT_tumor	27	6	0.18	0.38,0.0,0.0	0/1
chr20	13180080	severus_DEL4334	N	<DEL>	60.00	PASS	.	.	.	13183452	2	False	0.5500000	.	.	.	.	.	60	.	13308899|13308899	True	+-	3372	DEL	COLO829-ONT_tumor	20	24	0.55	0.0,0.0,1.0	0/1
chr20	14982312	severus_DEL4337	N	<DEL>	60.00	PASS	.	.	.	15033301	.	False	0.1200000	.	.	.	.	.	60	.	.	True	+-	50989	DEL	COLO829-ONT_tumor	28	4	0.12	1.0,0.0,0.0	0/1
chr20	15019977	severus_DEL4338	N	<DEL>	60.00	PASS	.	.	.	15033195	0	False	0.1700000	.	.	.	.	.	60	.	17693548|17693548	True	+-	13218	DEL	COLO829-ONT_tumor	19	4	0.17	0.36,0.0,0.0	0/1
chr20	30508540	severus_INS14561	N	ATACTATGCACCAAAAAAAATGATGAGTTAATGTACTTTGTAGGGACATGGATGAAACTGGAAACCATCATTCTCAGCAAACTATCACAAGGACAAAAAAACAAACACCGCATGTTCTCACTCATAGGTGGGAACTGAACAATGAGAACACATGGACACAGGAAGGGGAACTTCACACACCGGGGACTCTTGTGGGGTGGGGGGAGGAATAGCATTAGGAGATATACCTAATGCTAAATGACGAGTTAATGGGTGCAGCACACCAACATGGCACATGTATACATATGTAATAAACCTGCACGTTGTGCACATGTACCCTAAAACTTAAACTATAATAATAATAAAATAAAACAAGAAAAAAAAGAAGAAAGCG	60.00	PASS	.	.	.	.	.	False	0.0700000	.	.	.	.	.	60	.	.	True	.	373	INS	COLO829-ONT_tumor	38	3	0.07	0.21,0.0,0.0	0/1
chr20	38646024	severus_BND2297_2	N	]chr15:23461731]N	60.00	PASS	.	severus_7	.	.	.	False	0.1300000	.	.	.	.	.	60	severus_BND2297_1	.	True	-+	.	BND	COLO829-ONT_tumor	52	8	0.13	0.8,0.0,0.0	0/1
chr21	41446812	severus_DEL4637	N	<DEL>	60.00	PASS	.	.	.	41448904	1	True	0.1700000	.	.	.	.	.	60	.	41543039|41543039	False	+-	2092	DEL	COLO829-ONT_tumor	34	7	0.17	0.0,0.5,0.0	0/1
chr22	33363263	severus_DEL4795	N	<DEL>	60.00	PASS	.	.	.	33442412	1	False	0.1200000	.	.	.	.	.	60	.	34345550|34345550	True	+-	79149	DEL	COLO829-ONT_tumor	38	5	0.12	0.0,0.45,0.0	0/1
chrX	31178838	severus_DEL8464	N	<DEL>	60.00	PASS	.	severus_1	.	31198088	1	False	0.7000000	.	.	.	.	.	60	.	31232081|31232081	True	+-	19250	DEL	COLO829-ONT_tumor	7	16	0.7	0.0,1.0,0.0	0/1
chrX	31283086	severus_DEL8465	N	<DEL>	60.00	PASS	.	severus_1	.	32020632	0	False	0.5900000	.	.	.	.	.	60	.	31407478|32273499	True	+-	737546	DEL	COLO829-ONT_tumor	11	16	0.59	0.4,0.0,0.0	0/1
chrX	32059738	severus_DEL8466	N	<DEL>	60.00	PASS	.	severus_1	.	32274979	2	False	0.4400000	.	.	.	.	.	60	.	32273499|32393591	True	+-	215241	DEL	COLO829-ONT_tumor	10	8	0.44	0.0,0.0,0.53	0/1
chrX	32080416	severus_DEL8467	N	<DEL>	60.00	PASS	.	severus_1	.	32183133	2	False	0.9500000	.	.	.	.	.	60	.	32273499|32273499	True	+-	102717	DEL	COLO829-ONT_tumor	1	18	0.95	0.0,1.0,1.0	0/1
chrX	34041660	severus_DEL8472	N	<DEL>	60.00	PASS	.	.	.	34044573	1	False	1.0000000	.	.	.	.	.	60	.	34045557|34045557	True	+-	2913	DEL	COLO829-ONT_tumor	0	31	1.0	0.0,1.0,0.0	0/1
chrX	51725310	severus_INS19503	N	AAAATAAAATTGCTAGAGGCCAGGCGCCTCTCGCCTGTGATCCCAGCACTTTGGGAGGCCAAGGAGGGCAAATCACCTGAGGTCAGGAGTTTGAGACTAGCCTGACCATCATGGTGAAACCCCTTCTCTACTAAAAATACAAAAATTAACCCAGCATGGTGGCGCACGCCTGTAATCCCAGCTACTTGCGAGGCTGAGGCAAGAGAATTGCTTGAACCTGAGAGGCAGAGGTTGCAGTGAGCCAAGTTCGTGCCATTGCACTTCAGCCTAGGTAACATGAGGGAAACTCCATCTCAAAAAAAAAAAAAAAAAAAACTAAAAATAAAAA	60.00	PASS	.	.	.	.	.	False	0.1200000	.	.	.	.	.	60	.	.	True	.	324	INS	COLO829-ONT_tumor	23	3	0.12	1.0,0.0,0.0	0/1
