#CHROM_x	POS_x	ID_x	ALT_x	FILTER_x	INFO_x	SVTYPE_x	VAF_x	MATE_INDEX_x	Minda_ID	SVLEN	#CHROM_y	POS_y	ID_y	ALT_y	FILTER_y	INFO_y	SVTYPE_y	VAF_y	MATE_INDEX_y	END
chr1	23272628	A_severus_BND104_1	N]chr5:52747359]	PASS	PRECISE;SVTYPE=BND;MATE_ID=severus_BND104_2;STRANDS=++;MAPQ=60;PHASESETID=35467104|52963573;HP=2	BND	*	61	A_Severus_v1.6_5	-1	chr5	52747359	A_severus_BND104_2	N]chr1:23272628]	PASS	PRECISE;SVTYPE=BND;MATE_ID=severus_BND104_1;STRANDS=++;MAPQ=60;PHASESETID=35467104|52963573;HP=2	BND	*	4	
chr1	151220118	A_severus_DEL300	<DEL>	PASS	PRECISE;SVTYPE=DEL;SVLEN=172;END=151220290;STRANDS=+-;MAPQ=60;PHASESETID=153109888|153109888;HP=2	DEL	*	-1	A_Severus_v1.6_8	172	chr1	151220290	A_severus_DEL300	<DEL>	PASS	PRECISE;SVTYPE=DEL;SVLEN=172;END=151220290;STRANDS=+-;MAPQ=60;PHASESETID=153109888|153109888;HP=2	DEL	*	-1	151220290
chr1	160367322	A_severus_DUP319	<DUP>	PASS	IMPRECISE;SVTYPE=DUP;SVLEN=326596;END=160693918;STRANDS=-+;DETAILED_TYPE=tandem_duplication;MAPQ=60;PHASESETID=160777591|160777591;HP=2	DUP	*	-1	A_Severus_v1.6_9	326596	chr1	160693918	A_severus_DUP319	<DUP>	PASS	IMPRECISE;SVTYPE=DUP;SVLEN=326596;END=160693918;STRANDS=-+;DETAILED_TYPE=tandem_duplication;MAPQ=60;PHASESETID=160777591|160777591;HP=2	DUP	*	-1	160693918
chr2	39789308	A_severus_DEL3768	<DEL>	PASS	PRECISE;SVTYPE=DEL;SVLEN=88;END=39789396;STRANDS=+-;MAPQ=60;PHASESETID=39930521|39930521;HP=1	DEL	*	-1	A_Severus_v1.6_11	88	chr2	39789396	A_severus_DEL3768	<DEL>	PASS	PRECISE;SVTYPE=DEL;SVLEN=88;END=39789396;STRANDS=+-;MAPQ=60;PHASESETID=39930521|39930521;HP=1	DEL	*	-1	39789396
chr2	49580425	A_severus_DUP3793	<DUP>	PASS	PRECISE;SVTYPE=DUP;SVLEN=101800;END=49682225;STRANDS=-+;DETAILED_TYPE=tandem_duplication;MAPQ=60;PHASESETID=54611196|54611196;HP=2	DUP	*	-1	A_Severus_v1.6_12	101800	chr2	49682225	A_severus_DUP3793	<DUP>	PASS	PRECISE;SVTYPE=DUP;SVLEN=101800;END=49682225;STRANDS=-+;DETAILED_TYPE=tandem_duplication;MAPQ=60;PHASESETID=54611196|54611196;HP=2	DUP	*	-1	49682225
chr2	80401504	A_severus_BND3840_1	[chr2:80401783[N	PASS	PRECISE;SVTYPE=BND;SVLEN=279;MATE_ID=severus_BND3840_2;STRANDS=--;DETAILED_TYPE=foldback;MAPQ=60;PHASESETID=86447031|86447031;HP=2	BND	*	13	A_Severus_v1.6_13	279	chr2	80401783	A_severus_BND3840_2	[chr2:80401504[N	PASS	PRECISE;SVTYPE=BND;SVLEN=279;MATE_ID=severus_BND3840_1;STRANDS=--;DETAILED_TYPE=foldback;MAPQ=60;PHASESETID=86447031|86447031;HP=2	BND	*	12	
chr2	82711542	A_severus_BND4409_2	N]chr20:38430138]	PASS	PRECISE;SVTYPE=BND;MATE_ID=severus_BND4409_1;STRANDS=++;DETAILED_TYPE=inv_tra;MAPQ=60;PHASESETID=41668783|86447031;HP=2;CLUSTERID=severus_11	BND	*	247	A_Severus_v1.6_15	-1	chr20	38430138	A_severus_BND4409_1	N]chr2:82711542]	PASS	PRECISE;SVTYPE=BND;MATE_ID=severus_BND4409_2;STRANDS=++;DETAILED_TYPE=inv_tra;MAPQ=60;PHASESETID=41668783|86447031;HP=0;CLUSTERID=severus_11	BND	*	14	
chr2	128153403	A_severus_DUP3956	<DUP>	PASS	PRECISE;SVTYPE=DUP;SVLEN=179488;END=128332891;STRANDS=-+;DETAILED_TYPE=tandem_duplication;MAPQ=60;PHASESETID=129498731|129498731;HP=1	DUP	*	-1	A_Severus_v1.6_17	179488	chr2	128332891	A_severus_DUP3956	<DUP>	PASS	PRECISE;SVTYPE=DUP;SVLEN=179488;END=128332891;STRANDS=-+;DETAILED_TYPE=tandem_duplication;MAPQ=60;PHASESETID=129498731|129498731;HP=1	DUP	*	-1	128332891
chr2	148633969	A_severus_DEL3998	<DEL>	PASS	PRECISE;SVTYPE=DEL;SVLEN=143;END=148634112;STRANDS=+-;MAPQ=60;PHASESETID=148926465|148926465;HP=2	DEL	*	-1	A_Severus_v1.6_18	143	chr2	148634112	A_severus_DEL3998	<DEL>	PASS	PRECISE;SVTYPE=DEL;SVLEN=143;END=148634112;STRANDS=+-;MAPQ=60;PHASESETID=148926465|148926465;HP=2	DEL	*	-1	148634112
chr2	169938668	A_severus_DUP4047	<DUP>	PASS	PRECISE;SVTYPE=DUP;SVLEN=92093;END=170030761;STRANDS=-+;DETAILED_TYPE=tandem_duplication;MAPQ=60;PHASESETID=172571823|172571823;HP=1	DUP	*	-1	A_Severus_v1.6_20	92093	chr2	170030761	A_severus_DUP4047	<DUP>	PASS	PRECISE;SVTYPE=DUP;SVLEN=92093;END=170030761;STRANDS=-+;DETAILED_TYPE=tandem_duplication;MAPQ=60;PHASESETID=172571823|172571823;HP=1	DUP	*	-1	170030761
chr2	177267321	A_severus_DUP4060	<DUP>	PASS	PRECISE;SVTYPE=DUP;SVLEN=110314;END=177377635;STRANDS=-+;DETAILED_TYPE=tandem_duplication;MAPQ=60;PHASESETID=179052628|179052628;HP=1	DUP	*	-1	A_Severus_v1.6_21	110314	chr2	177377635	A_severus_DUP4060	<DUP>	PASS	PRECISE;SVTYPE=DUP;SVLEN=110314;END=177377635;STRANDS=-+;DETAILED_TYPE=tandem_duplication;MAPQ=60;PHASESETID=179052628|179052628;HP=1	DUP	*	-1	177377635
chr2	219159513	A_severus_DEL4151	<DEL>	PASS	PRECISE;SVTYPE=DEL;SVLEN=76;END=219159589;STRANDS=+-;INSIDE_VNTR=TRUE;MAPQ=60;PHASESETID=222533793|222533793;HP=2	DEL	*	-1	A_Severus_v1.6_22	76	chr2	219159589	A_severus_DEL4151	<DEL>	PASS	PRECISE;SVTYPE=DEL;SVLEN=76;END=219159589;STRANDS=+-;INSIDE_VNTR=TRUE;MAPQ=60;PHASESETID=222533793|222533793;HP=2	DEL	*	-1	219159589
chr3	71773144	A_severus_DUP5056	<DUP>	PASS	PRECISE;SVTYPE=DUP;SVLEN=103724;END=71876868;STRANDS=-+;DETAILED_TYPE=tandem_duplication;MAPQ=60;PHASESETID=73263349|73263349;HP=1	DUP	*	-1	A_Severus_v1.6_25	103724	chr3	71876868	A_severus_DUP5056	<DUP>	PASS	PRECISE;SVTYPE=DUP;SVLEN=103724;END=71876868;STRANDS=-+;DETAILED_TYPE=tandem_duplication;MAPQ=60;PHASESETID=73263349|73263349;HP=1	DUP	*	-1	71876868
chr3	101703348	A_severus_DEL5118	<DEL>	PASS	IMPRECISE;SVTYPE=DEL;SVLEN=3190;END=101706538;STRANDS=+-;MAPQ=60;PHASESETID=108306788|108306788;HP=2	DEL	*	-1	A_Severus_v1.6_26	3190	chr3	101706538	A_severus_DEL5118	<DEL>	PASS	IMPRECISE;SVTYPE=DEL;SVLEN=3190;END=101706538;STRANDS=+-;MAPQ=60;PHASESETID=108306788|108306788;HP=2	DEL	*	-1	101706538
chr3	139976415	A_severus_BND2004_2	N]chr13:114353244]	PASS	PRECISE;SVTYPE=BND;MATE_ID=severus_BND2004_1;STRANDS=++;DETAILED_TYPE=inv_tra;MAPQ=60;PHASESETID=0|144310999;HP=1;CLUSTERID=severus_2	BND	*	172	A_Severus_v1.6_28	-1	chr13	114353244	A_severus_BND2004_1	N]chr3:139976415]	PASS	PRECISE;SVTYPE=BND;MATE_ID=severus_BND2004_2;STRANDS=++;DETAILED_TYPE=inv_tra;MAPQ=60;PHASESETID=0|144310999;HP=2;CLUSTERID=severus_2	BND	*	27	
chr3	139998693	A_severus_BND5206_1	[chr3:193903982[N	PASS	PRECISE;SVTYPE=BND;SVLEN=53905289;MATE_ID=severus_BND5206_2;STRANDS=--;DETAILED_TYPE=inv_tra;MAPQ=60;PHASESETID=144310999|194890265;HP=1;CLUSTERID=severus_2	BND	*	39	A_Severus_v1.6_29	53905289	chr3	193903982	A_severus_BND5206_2	[chr3:139998693[N	PASS	PRECISE;SVTYPE=BND;SVLEN=53905289;MATE_ID=severus_BND5206_1;STRANDS=--;DETAILED_TYPE=inv_tra;MAPQ=60;PHASESETID=144310999|194890265;HP=1;CLUSTERID=severus_2	BND	*	28	
chr3	182470122	A_severus_DUP5297	<DUP>	PASS	PRECISE;SVTYPE=DUP;SVLEN=1425171;END=183895293;STRANDS=-+;DETAILED_TYPE=tandem_duplication;MAPQ=60;PHASESETID=184159414|184159414;HP=1	DUP	*	-1	A_Severus_v1.6_32	1425171	chr3	183895293	A_severus_DUP5297	<DUP>	PASS	PRECISE;SVTYPE=DUP;SVLEN=1425171;END=183895293;STRANDS=-+;DETAILED_TYPE=tandem_duplication;MAPQ=60;PHASESETID=184159414|184159414;HP=1	DUP	*	-1	183895293
chr3	184714593	A_severus_BND5303_1	N]chr3:184716952]	PASS	PRECISE;SVTYPE=BND;SVLEN=2359;MATE_ID=severus_BND5303_2;STRANDS=++;DETAILED_TYPE=reciprocal_inv_del;MAPQ=60;PHASESETID=188984108|188984108;HP=1;CLUSTERID=severus_5	BND	*	35	A_Severus_v1.6_34	2359	chr3	184716952	A_severus_BND5303_2	N]chr3:184714593]	PASS	PRECISE;SVTYPE=BND;SVLEN=2359;MATE_ID=severus_BND5303_1;STRANDS=++;DETAILED_TYPE=reciprocal_inv_del;MAPQ=60;PHASESETID=188984108|188984108;HP=0;CLUSTERID=severus_5	BND	*	33	
chr3	184714600	A_severus_BND5304_1	[chr3:184717314[N	PASS	PRECISE;SVTYPE=BND;SVLEN=2714;MATE_ID=severus_BND5304_2;STRANDS=--;DETAILED_TYPE=reciprocal_inv_del;MAPQ=60;PHASESETID=188984108|188984108;HP=0;CLUSTERID=severus_5	BND	*	36	A_Severus_v1.6_35	2714	chr3	184717314	A_severus_BND5304_2	[chr3:184714600[N	PASS	PRECISE;SVTYPE=BND;SVLEN=2714;MATE_ID=severus_BND5304_1;STRANDS=--;DETAILED_TYPE=reciprocal_inv_del;MAPQ=60;PHASESETID=188984108|188984108;HP=2;CLUSTERID=severus_5	BND	*	34	
chr3	192188390	A_severus_BND1181_2	]chr11:68233077]N	PASS	PRECISE;SVTYPE=BND;MATE_ID=severus_BND1181_1;STRANDS=-+;MAPQ=60;PHASESETID=72133564|194890265;HP=0;CLUSTERID=severus_6	BND	*	141	A_Severus_v1.6_38	-1	chr11	68233077	A_severus_BND1181_1	N[chr3:192188390[	PASS	PRECISE;SVTYPE=BND;MATE_ID=severus_BND1181_2;STRANDS=-+;MAPQ=60;PHASESETID=72133564|194890265;HP=2;CLUSTERID=severus_6	BND	*	37	
chr4	14331587	A_severus_INS16023	TTTTTTTTTTTTTTTTTTTTTTTTTTTTTTTCCTCTCAACATATCTTCTTTGTCTCATTTATAATTTTTTTTTTTACAATTCTTTTTTTTTTTTTTTTTTTTTTTTATTATACTCTAAGTTTTAGGGTACATGTGCACATTGTGCAGGTTAGTTACATATGTATACATGTGCCATGCTGGTGCACTGCACCCACTAATGTGTCATCTAGCATTAGGTATATCTCCCAATGCTATCCCTCCCCCCTCCCCCGACCCCACCACAGTCCCCAGAGTGTGATATTCCCCTTCCTGTGTCCATGTGATCTCATTGTTCAATTCCCACCTATGAGTGAGAATATGCGGTGTTTGGTTTTTTGTTCTTGCGATAGTTTACTGAGAATGATGGTTTCCAATTTCATCCATGTCCCTACAAAGGATATGAACTCATCATTTTTTATGGCTGCATAGTATTCCATGGTGTATATGTGCCACATTTTCTTAATCCAGTCTATCATTGTTGGGCATTTGGGTTGGTTCCAAGTCTTTGCTATTGTGAATAGTGCCGCAATAAACATATGTGTGCATGTGTCTTTATAGCAGC	PASS	PRECISE;SVTYPE=INS;SVLEN=578;MAPQ=60;PHASESETID=17815964|17815964;HP=1	INS	*	-1	A_Severus_v1.6_41	578	chr4	14332165	A_severus_INS16023	TTTTTTTTTTTTTTTTTTTTTTTTTTTTTTTCCTCTCAACATATCTTCTTTGTCTCATTTATAATTTTTTTTTTTACAATTCTTTTTTTTTTTTTTTTTTTTTTTTATTATACTCTAAGTTTTAGGGTACATGTGCACATTGTGCAGGTTAGTTACATATGTATACATGTGCCATGCTGGTGCACTGCACCCACTAATGTGTCATCTAGCATTAGGTATATCTCCCAATGCTATCCCTCCCCCCTCCCCCGACCCCACCACAGTCCCCAGAGTGTGATATTCCCCTTCCTGTGTCCATGTGATCTCATTGTTCAATTCCCACCTATGAGTGAGAATATGCGGTGTTTGGTTTTTTGTTCTTGCGATAGTTTACTGAGAATGATGGTTTCCAATTTCATCCATGTCCCTACAAAGGATATGAACTCATCATTTTTTATGGCTGCATAGTATTCCATGGTGTATATGTGCCACATTTTCTTAATCCAGTCTATCATTGTTGGGCATTTGGGTTGGTTCCAAGTCTTTGCTATTGTGAATAGTGCCGCAATAAACATATGTGTGCATGTGTCTTTATAGCAGC	PASS	PRECISE;SVTYPE=INS;SVLEN=578;MAPQ=60;PHASESETID=17815964|17815964;HP=1	INS	*	-1	
chr4	57512446	A_severus_DEL5589	<DEL>	PASS	IMPRECISE;SVTYPE=DEL;SVLEN=1920;END=57514366;STRANDS=+-;MAPQ=60;PHASESETID=59416372|59416372;HP=2	DEL	*	-1	A_Severus_v1.6_42	1920	chr4	57514366	A_severus_DEL5589	<DEL>	PASS	IMPRECISE;SVTYPE=DEL;SVLEN=1920;END=57514366;STRANDS=+-;MAPQ=60;PHASESETID=59416372|59416372;HP=2	DEL	*	-1	57514366
chr4	112897566	A_severus_INS16269	TAAAACAGATAATCTTTTTTTTTTTTTTTTTTTTTTTTTTCATTCAACAAATATTTATTAAACACCTTCTTTCTTTAAATTCCAAATTCCTCATTTGAAGCAGTCCAAATGCTCAGCTGTCCCAAGGCTGTTCTACTCTCCATACAAAGCTTTAGTTTCTCCAGCATATCCCCATTACCACATCTCATTTCCCATCAGGATTCTTCCTATTTCCATATTTTTACTCATTTTGCCTGAAATGATCTTCCCTTTTCCTCCACCAATTCAAATCTGAATCATTCTTCAAAGCCTAGCTGAAGTCACCCTCGCCCCCGGACCCTGGCCTAATTGCCTTCATGCCATTCTGTGTGACATTATAATATTGAGCTTAAGTTGCATTCCACACAAACACTTGATATTTCTTGATTTGAATAGTTCTATTTTTATTATTGTTAGTAAGGTCCAGGACCTTCCTCTGTTTGGAGTGCAGTGACACAACCATAGCTCACTGCAGCCTTAAACTCCTGGGCTCAAGGGGTCCTCCTTCTTCAGTCTCTCAAGTATCTAGTACTACAAATATATGCCACCACACCCAGATAATTTTTATTGTTTGTAGAGATAGGGTCTCACGGTATTGTTCAGGCTGGTCTCGAACTTCTGGCTTCAAGCAATCCTCTCATCTCAGCCTCCCAAAGCACTGAGACTATAGGCATCAGCCATCCCTCAGAAATAATGCCGCATATCTACAACTATCTGATCTTTGACAAACCTGAGAAAAACAAGCAATGGGGAAAGGATTCCCTATTTAATAAATGGTGCTGGGAAAACTGGCTAGCCATATGTAGAAAGCTGAAACTGGATCCCTTCCTTACACCTTATACAAAAATCAATTCAAGATGGATTAAAGATTTAAACGTTAAACCTAAAACCATAAAAACCCTAGAAGAAAACCTAGGCATTACCATTCAGGACATAGGCGTGGGCAAGGACTTCATGTCCAAAACACCAAAAGCAATGGCAACAAAAGACAAAATTGACAAATGGGATCTAATTAAACTAAAGAGCTTCTGCACAGCAAAAGAAACTACCATCAGAGTGAACAGGCAACCTACAACATGGGAGAAAATTTTTGCAACCTACTCATCTGACAAAGGGCTAATATCCAGAATCTACAATGAACTCAAACAAATTTACAAGAAAAAAACAAACAACCCCATCAAAAAGTGGGCGAAGGACATGAACAGACACTTC	PASS	PRECISE;SVTYPE=INS;SVLEN=1229;MAPQ=60;PHASESETID=114186381|114186381;HP=1	INS	*	-1	A_Severus_v1.6_44	1229	chr4	112898795	A_severus_INS16269	TAAAACAGATAATCTTTTTTTTTTTTTTTTTTTTTTTTTTCATTCAACAAATATTTATTAAACACCTTCTTTCTTTAAATTCCAAATTCCTCATTTGAAGCAGTCCAAATGCTCAGCTGTCCCAAGGCTGTTCTACTCTCCATACAAAGCTTTAGTTTCTCCAGCATATCCCCATTACCACATCTCATTTCCCATCAGGATTCTTCCTATTTCCATATTTTTACTCATTTTGCCTGAAATGATCTTCCCTTTTCCTCCACCAATTCAAATCTGAATCATTCTTCAAAGCCTAGCTGAAGTCACCCTCGCCCCCGGACCCTGGCCTAATTGCCTTCATGCCATTCTGTGTGACATTATAATATTGAGCTTAAGTTGCATTCCACACAAACACTTGATATTTCTTGATTTGAATAGTTCTATTTTTATTATTGTTAGTAAGGTCCAGGACCTTCCTCTGTTTGGAGTGCAGTGACACAACCATAGCTCACTGCAGCCTTAAACTCCTGGGCTCAAGGGGTCCTCCTTCTTCAGTCTCTCAAGTATCTAGTACTACAAATATATGCCACCACACCCAGATAATTTTTATTGTTTGTAGAGATAGGGTCTCACGGTATTGTTCAGGCTGGTCTCGAACTTCTGGCTTCAAGCAATCCTCTCATCTCAGCCTCCCAAAGCACTGAGACTATAGGCATCAGCCATCCCTCAGAAATAATGCCGCATATCTACAACTATCTGATCTTTGACAAACCTGAGAAAAACAAGCAATGGGGAAAGGATTCCCTATTTAATAAATGGTGCTGGGAAAACTGGCTAGCCATATGTAGAAAGCTGAAACTGGATCCCTTCCTTACACCTTATACAAAAATCAATTCAAGATGGATTAAAGATTTAAACGTTAAACCTAAAACCATAAAAACCCTAGAAGAAAACCTAGGCATTACCATTCAGGACATAGGCGTGGGCAAGGACTTCATGTCCAAAACACCAAAAGCAATGGCAACAAAAGACAAAATTGACAAATGGGATCTAATTAAACTAAAGAGCTTCTGCACAGCAAAAGAAACTACCATCAGAGTGAACAGGCAACCTACAACATGGGAGAAAATTTTTGCAACCTACTCATCTGACAAAGGGCTAATATCCAGAATCTACAATGAACTCAAACAAATTTACAAGAAAAAAACAAACAACCCCATCAAAAAGTGGGCGAAGGACATGAACAGACACTTC	PASS	PRECISE;SVTYPE=INS;SVLEN=1229;MAPQ=60;PHASESETID=114186381|114186381;HP=1	INS	*	-1	
chr4	134389657	A_severus_INS16305	AAAAAAATTTAAAATTTTTGGTGGGGTCGGGGGAGGGGGGAGGGATAGCATTGGGAGATATACCTAATGCTAGATGACACATTAGTGGGTGCAGTGCACCAGCATGGCACATGTATACATATGTAACTAACCTGCACAATGTGCACATGTACCCTAAAACTTAGAGTATAATAAAAAAAAAAAAAAAAAAAAAAAAAA	PASS	PRECISE;SVTYPE=INS;SVLEN=197;MAPQ=60;PHASESETID=141602355|141602355;HP=2	INS	*	-1	A_Severus_v1.6_45	197	chr4	134389854	A_severus_INS16305	AAAAAAATTTAAAATTTTTGGTGGGGTCGGGGGAGGGGGGAGGGATAGCATTGGGAGATATACCTAATGCTAGATGACACATTAGTGGGTGCAGTGCACCAGCATGGCACATGTATACATATGTAACTAACCTGCACAATGTGCACATGTACCCTAAAACTTAGAGTATAATAAAAAAAAAAAAAAAAAAAAAAAAAA	PASS	PRECISE;SVTYPE=INS;SVLEN=197;MAPQ=60;PHASESETID=141602355|141602355;HP=2	INS	*	-1	
chr4	149325373	A_severus_DUP5801	<DUP>	PASS	PRECISE;SVTYPE=DUP;SVLEN=150047;END=149475420;STRANDS=-+;DETAILED_TYPE=tandem_duplication;MAPQ=60;PHASESETID=151552216|151552216;HP=1	DUP	*	-1	A_Severus_v1.6_46	150047	chr4	149475420	A_severus_DUP5801	<DUP>	PASS	PRECISE;SVTYPE=DUP;SVLEN=150047;END=149475420;STRANDS=-+;DETAILED_TYPE=tandem_duplication;MAPQ=60;PHASESETID=151552216|151552216;HP=1	DUP	*	-1	149475420
chr5	20023771	A_severus_INV6083	<INV>	PASS	PRECISE;SVTYPE=INV;SVLEN=135754207;END=155777978;STRANDS=++;DETAILED_TYPE=reciprocal_inversion;MAPQ=60;PHASESETID=21368708|167772666;HP=2	INV	*	-1	A_Severus_v1.6_58	135754207	chr5	155777978	A_severus_INV6083	<INV>	PASS	PRECISE;SVTYPE=INV;SVLEN=135754207;END=155777978;STRANDS=++;DETAILED_TYPE=reciprocal_inversion;MAPQ=60;PHASESETID=21368708|167772666;HP=2	INV	*	-1	155777978
chr5	22078163	A_severus_DEL6096	<DEL>	PASS	PRECISE;SVTYPE=DEL;SVLEN=54;END=22078217;STRANDS=+-;MAPQ=60;PHASESETID=24326535|24326535;HP=1	DEL	*	-1	A_Severus_v1.6_59	54	chr5	22078217	A_severus_DEL6096	<DEL>	PASS	PRECISE;SVTYPE=DEL;SVLEN=54;END=22078217;STRANDS=+-;MAPQ=60;PHASESETID=24326535|24326535;HP=1	DEL	*	-1	22078217
chr5	36023180	A_severus_BND6132_1	N[chr5:39360025[	PASS	PRECISE;SVTYPE=BND;SVLEN=3336845;MATE_ID=severus_BND6132_2;STRANDS=-+;MAPQ=60;PHASESETID=36187340|42013675;HP=1	BND	*	60	A_Severus_v1.6_60	3336845	chr5	39360025	A_severus_BND6132_2	]chr5:36023180]N	PASS	PRECISE;SVTYPE=BND;SVLEN=3336845;MATE_ID=severus_BND6132_1;STRANDS=-+;MAPQ=60;PHASESETID=36187340|42013675;HP=1	BND	*	59	
chr5	79179752	A_severus_DEL6208	<DEL>	PASS	PRECISE;SVTYPE=DEL;SVLEN=77;END=79179829;STRANDS=+-;INSIDE_VNTR=TRUE;MAPQ=60;PHASESETID=79742051|79742051;HP=1	DEL	*	-1	A_Severus_v1.6_64	77	chr5	79179829	A_severus_DEL6208	<DEL>	PASS	PRECISE;SVTYPE=DEL;SVLEN=77;END=79179829;STRANDS=+-;INSIDE_VNTR=TRUE;MAPQ=60;PHASESETID=79742051|79742051;HP=1	DEL	*	-1	79179829
chr5	124734081	A_severus_DUP6298	<DUP>	PASS	PRECISE;SVTYPE=DUP;SVLEN=164220;END=124898301;STRANDS=-+;DETAILED_TYPE=tandem_duplication;MAPQ=60;PHASESETID=126045019|126045019;HP=1	DUP	*	-1	A_Severus_v1.6_65	164220	chr5	124898301	A_severus_DUP6298	<DUP>	PASS	PRECISE;SVTYPE=DUP;SVLEN=164220;END=124898301;STRANDS=-+;DETAILED_TYPE=tandem_duplication;MAPQ=60;PHASESETID=126045019|126045019;HP=1	DUP	*	-1	124898301
chr5	172418419	A_severus_DUP6385	<DUP>	PASS	PRECISE;SVTYPE=DUP;SVLEN=207957;END=172626376;STRANDS=-+;DETAILED_TYPE=tandem_duplication;MAPQ=60;PHASESETID=172461218|173565940;HP=1	DUP	*	-1	A_Severus_v1.6_66	207957	chr5	172626376	A_severus_DUP6385	<DUP>	PASS	PRECISE;SVTYPE=DUP;SVLEN=207957;END=172626376;STRANDS=-+;DETAILED_TYPE=tandem_duplication;MAPQ=60;PHASESETID=172461218|173565940;HP=1	DUP	*	-1	172626376
chr6	39137933	A_severus_DUP6612	<DUP>	PASS	PRECISE;SVTYPE=DUP;SVLEN=117381;END=39255314;STRANDS=-+;DETAILED_TYPE=tandem_duplication;MAPQ=60;PHASESETID=40550189|40550189;HP=2	DUP	*	-1	A_Severus_v1.6_74	117381	chr6	39255314	A_severus_DUP6612	<DUP>	PASS	PRECISE;SVTYPE=DUP;SVLEN=117381;END=39255314;STRANDS=-+;DETAILED_TYPE=tandem_duplication;MAPQ=60;PHASESETID=40550189|40550189;HP=2	DUP	*	-1	39255314
chr6	46679539	A_severus_DEL6625	<DEL>	PASS	PRECISE;SVTYPE=DEL;SVLEN=2558;END=46682097;STRANDS=+-;MAPQ=60;PHASESETID=53040794|53040794;HP=1	DEL	*	-1	A_Severus_v1.6_76	2558	chr6	46682097	A_severus_DEL6625	<DEL>	PASS	PRECISE;SVTYPE=DEL;SVLEN=2558;END=46682097;STRANDS=+-;MAPQ=60;PHASESETID=53040794|53040794;HP=1	DEL	*	-1	46682097
chr6	53132717	A_severus_DUP6635	<DUP>	PASS	PRECISE;SVTYPE=DUP;SVLEN=112741;END=53245458;STRANDS=-+;DETAILED_TYPE=tandem_duplication;MAPQ=60;PHASESETID=58555115|58555115;HP=2	DUP	*	-1	A_Severus_v1.6_77	112741	chr6	53245458	A_severus_DUP6635	<DUP>	PASS	PRECISE;SVTYPE=DUP;SVLEN=112741;END=53245458;STRANDS=-+;DETAILED_TYPE=tandem_duplication;MAPQ=60;PHASESETID=58555115|58555115;HP=2	DUP	*	-1	53245458
chr6	70580536	A_severus_DUP6679	<DUP>	PASS	IMPRECISE;SVTYPE=DUP;SVLEN=127652;END=70708188;STRANDS=-+;DETAILED_TYPE=tandem_duplication;MAPQ=60;PHASESETID=74779062|74779062;HP=2	DUP	*	-1	A_Severus_v1.6_78	127652	chr6	70708188	A_severus_DUP6679	<DUP>	PASS	IMPRECISE;SVTYPE=DUP;SVLEN=127652;END=70708188;STRANDS=-+;DETAILED_TYPE=tandem_duplication;MAPQ=60;PHASESETID=74779062|74779062;HP=2	DUP	*	-1	70708188
chr6	70696495	A_severus_DEL6680	<DEL>	PASS	IMPRECISE;SVTYPE=DEL;SVLEN=117;END=70696612;STRANDS=+-;MAPQ=60;PHASESETID=74779062|74779062;HP=2	DEL	*	-1	A_Severus_v1.6_79	117	chr6	70696612	A_severus_DEL6680	<DEL>	PASS	IMPRECISE;SVTYPE=DEL;SVLEN=117;END=70696612;STRANDS=+-;MAPQ=60;PHASESETID=74779062|74779062;HP=2	DEL	*	-1	70696612
chr6	90423202	A_severus_DUP6727	<DUP>	PASS	PRECISE;SVTYPE=DUP;SVLEN=291767;END=90714969;STRANDS=-+;DETAILED_TYPE=tandem_duplication;MAPQ=60;PHASESETID=91471504|91471504;HP=2	DUP	*	-1	A_Severus_v1.6_81	291767	chr6	90714969	A_severus_DUP6727	<DUP>	PASS	PRECISE;SVTYPE=DUP;SVLEN=291767;END=90714969;STRANDS=-+;DETAILED_TYPE=tandem_duplication;MAPQ=60;PHASESETID=91471504|91471504;HP=2	DUP	*	-1	90714969
chr6	99729725	A_severus_DUP6747	<DUP>	PASS	PRECISE;SVTYPE=DUP;SVLEN=148296;END=99878021;STRANDS=-+;DETAILED_TYPE=tandem_duplication;MAPQ=60;PHASESETID=101952606|101952606;HP=2	DUP	*	-1	A_Severus_v1.6_82	148296	chr6	99878021	A_severus_DUP6747	<DUP>	PASS	PRECISE;SVTYPE=DUP;SVLEN=148296;END=99878021;STRANDS=-+;DETAILED_TYPE=tandem_duplication;MAPQ=60;PHASESETID=101952606|101952606;HP=2	DUP	*	-1	99878021
chr6	157576919	A_severus_DUP6869	<DUP>	PASS	PRECISE;SVTYPE=DUP;SVLEN=175180;END=157752099;STRANDS=-+;DETAILED_TYPE=tandem_duplication;MAPQ=60;PHASESETID=0|0;HP=1	DUP	*	-1	A_Severus_v1.6_86	175180	chr6	157752099	A_severus_DUP6869	<DUP>	PASS	PRECISE;SVTYPE=DUP;SVLEN=175180;END=157752099;STRANDS=-+;DETAILED_TYPE=tandem_duplication;MAPQ=60;PHASESETID=0|0;HP=1	DUP	*	-1	157752099
chr6	157972793	A_severus_BND1293_2	]chr11:125661473]N	PASS	PRECISE;SVTYPE=BND;MATE_ID=severus_BND1293_1;STRANDS=-+;MAPQ=60;PHASESETID=125740443|0;HP=2;CLUSTERID=severus_0	BND	*	150	A_Severus_v1.6_87	-1	chr11	125661473	A_severus_BND1293_1	N[chr6:157972793[	PASS	PRECISE;SVTYPE=BND;MATE_ID=severus_BND1293_2;STRANDS=-+;MAPQ=60;PHASESETID=125740443|0;HP=2;CLUSTERID=severus_0	BND	*	86	
chr6	157972804	A_severus_BND1261_2	[chr11:105902636[N	PASS	PRECISE;SVTYPE=BND;MATE_ID=severus_BND1261_1;STRANDS=--;DETAILED_TYPE=inv_tra;MAPQ=60;PHASESETID=106064284|0;HP=1;CLUSTERID=severus_0	BND	*	145	A_Severus_v1.6_88	-1	chr11	105902636	A_severus_BND1261_1	[chr6:157972804[N	PASS	PRECISE;SVTYPE=BND;MATE_ID=severus_BND1261_2;STRANDS=--;DETAILED_TYPE=inv_tra;MAPQ=60;PHASESETID=106064284|0;HP=0;CLUSTERID=severus_0	BND	*	87	
chr7	361399	A_severus_BND6999_1	N]chr7:35959031]	PASS	IMPRECISE;SVTYPE=BND;SVLEN=35597635;MATE_ID=severus_BND6999_2;STRANDS=++;DETAILED_TYPE=reciprocal_inv_del;MAPQ=60;PHASESETID=15962602|41212354;HP=1;CLUSTERID=severus_12	BND	*	99	A_Severus_v1.6_92	35597632	chr7	35959031	A_severus_BND6999_2	N]chr7:361399]	PASS	IMPRECISE;SVTYPE=BND;SVLEN=35597635;MATE_ID=severus_BND6999_1;STRANDS=++;DETAILED_TYPE=reciprocal_inv_del;MAPQ=60;PHASESETID=15962602|41212354;HP=2;CLUSTERID=severus_12	BND	*	91	
chr7	361600	A_severus_BND7000_1	[chr7:35959032[N	PASS	IMPRECISE;SVTYPE=BND;SVLEN=35597432;MATE_ID=severus_BND7000_2;STRANDS=--;DETAILED_TYPE=reciprocal_inv_del;MAPQ=60;PHASESETID=15962602|41212354;HP=1;CLUSTERID=severus_12	BND	*	100	A_Severus_v1.6_93	35597432	chr7	35959032	A_severus_BND7000_2	[chr7:361600[N	PASS	IMPRECISE;SVTYPE=BND;SVLEN=35597432;MATE_ID=severus_BND7000_1;STRANDS=--;DETAILED_TYPE=reciprocal_inv_del;MAPQ=60;PHASESETID=15962602|41212354;HP=1;CLUSTERID=severus_12	BND	*	92	
chr7	4824648	A_severus_BND7067_1	N[chr7:7802515[	PASS	PRECISE;SVTYPE=BND;SVLEN=2977867;MATE_ID=severus_BND7067_2;STRANDS=-+;MAPQ=60;PHASESETID=15962602|15962602;HP=1	BND	*	97	A_Severus_v1.6_95	2977867	chr7	7802515	A_severus_BND7067_2	]chr7:4824648]N	PASS	PRECISE;SVTYPE=BND;SVLEN=2977867;MATE_ID=severus_BND7067_1;STRANDS=-+;MAPQ=60;PHASESETID=15962602|15962602;HP=1	BND	*	94	
chr7	6404812	A_severus_DEL7073	<DEL>	PASS	PRECISE;SVTYPE=DEL;SVLEN=1217;END=6406029;STRANDS=+-;MAPQ=60;PHASESETID=15962602|15962602;HP=2	DEL	*	-1	A_Severus_v1.6_96	1217	chr7	6406029	A_severus_DEL7073	<DEL>	PASS	PRECISE;SVTYPE=DEL;SVLEN=1217;END=6406029;STRANDS=+-;MAPQ=60;PHASESETID=15962602|15962602;HP=2	DEL	*	-1	6406029
chr7	6408191	A_severus_DEL7074	<DEL>	PASS	PRECISE;SVTYPE=DEL;SVLEN=63;END=6408254;STRANDS=+-;INSIDE_VNTR=TRUE;MAPQ=60;PHASESETID=15962602|15962602;HP=2	DEL	*	-1	A_Severus_v1.6_97	63	chr7	6408254	A_severus_DEL7074	<DEL>	PASS	PRECISE;SVTYPE=DEL;SVLEN=63;END=6408254;STRANDS=+-;INSIDE_VNTR=TRUE;MAPQ=60;PHASESETID=15962602|15962602;HP=2	DEL	*	-1	6408254
chr7	33377466	A_severus_DUP7150	<DUP>	PASS	PRECISE;SVTYPE=DUP;SVLEN=104526;END=33481992;STRANDS=-+;DETAILED_TYPE=tandem_duplication;MAPQ=60;PHASESETID=33681588|33681588;HP=2	DUP	*	-1	A_Severus_v1.6_99	104526	chr7	33481992	A_severus_DUP7150	<DUP>	PASS	PRECISE;SVTYPE=DUP;SVLEN=104526;END=33481992;STRANDS=-+;DETAILED_TYPE=tandem_duplication;MAPQ=60;PHASESETID=33681588|33681588;HP=2	DUP	*	-1	33481992
chr8	3671496	A_severus_DEL7571	<DEL>	PASS	PRECISE;SVTYPE=DEL;SVLEN=78;END=3671574;STRANDS=+-;INSIDE_VNTR=TRUE;MAPQ=60;PHASESETID=7668229|7668229;HP=1	DEL	*	-1	A_Severus_v1.6_114	78	chr8	3671574	A_severus_DEL7571	<DEL>	PASS	PRECISE;SVTYPE=DEL;SVLEN=78;END=3671574;STRANDS=+-;INSIDE_VNTR=TRUE;MAPQ=60;PHASESETID=7668229|7668229;HP=1	DEL	*	-1	3671574
chr8	67457351	A_severus_DEL7711	<DEL>	PASS	PRECISE;SVTYPE=DEL;SVLEN=112;END=67457463;STRANDS=+-;MAPQ=60;PHASESETID=69944867|69944867;HP=1	DEL	*	-1	A_Severus_v1.6_117	112	chr8	67457463	A_severus_DEL7711	<DEL>	PASS	PRECISE;SVTYPE=DEL;SVLEN=112;END=67457463;STRANDS=+-;MAPQ=60;PHASESETID=69944867|69944867;HP=1	DEL	*	-1	67457463
chr8	75063359	A_severus_DEL7729	<DEL>	PASS	PRECISE;SVTYPE=DEL;SVLEN=4572;END=75067931;STRANDS=+-;MAPQ=60;PHASESETID=78165481|78165481;HP=1	DEL	*	-1	A_Severus_v1.6_118	4572	chr8	75067931	A_severus_DEL7729	<DEL>	PASS	PRECISE;SVTYPE=DEL;SVLEN=4572;END=75067931;STRANDS=+-;MAPQ=60;PHASESETID=78165481|78165481;HP=1	DEL	*	-1	75067931
chr8	104941340	A_severus_INS18707	CATAGTTACTTTTATTTTTTTTTTTTTTTTTTTTTTTTTTATTATACTCTAAGTTTTAGGGTACATGTGCACATTGTGCAGGTTAGTTACATATGTATACATGTGCCATGCTGGTGCGCTGCACCCACTAATGTGTCATCTAGCATTAGGTATATCTCCCAATGCTATCCCTCCCCCCTCCCCCGACCCCACCACAGTCCCCAGAGTGTGATATTCCCCTTCCTGTGTCCATGTGATCTCATTGTTCAATTCCCACCTATGAGTGAGAAAATACACCATGGAATACTATGCAGCCATAAAAAATGATGAGTTCATATCCTTTGTAGGGACATGGATGAAATTGGAAACCATCATTCTCAGTAAACTATCGCAAGAACAAAAAAC	PASS	PRECISE;SVTYPE=INS;SVLEN=383;MAPQ=60;PHASESETID=108993438|108993438;HP=2	INS	*	-1	A_Severus_v1.6_119	383	chr8	104941723	A_severus_INS18707	CATAGTTACTTTTATTTTTTTTTTTTTTTTTTTTTTTTTTATTATACTCTAAGTTTTAGGGTACATGTGCACATTGTGCAGGTTAGTTACATATGTATACATGTGCCATGCTGGTGCGCTGCACCCACTAATGTGTCATCTAGCATTAGGTATATCTCCCAATGCTATCCCTCCCCCCTCCCCCGACCCCACCACAGTCCCCAGAGTGTGATATTCCCCTTCCTGTGTCCATGTGATCTCATTGTTCAATTCCCACCTATGAGTGAGAAAATACACCATGGAATACTATGCAGCCATAAAAAATGATGAGTTCATATCCTTTGTAGGGACATGGATGAAATTGGAAACCATCATTCTCAGTAAACTATCGCAAGAACAAAAAAC	PASS	PRECISE;SVTYPE=INS;SVLEN=383;MAPQ=60;PHASESETID=108993438|108993438;HP=2	INS	*	-1	
chr9	21952492	A_severus_DEL7964	<DEL>	PASS	PRECISE;SVTYPE=DEL;SVLEN=19851;END=21972343;STRANDS=+-;MAPQ=60;PHASESETID=24874227|24874227;HP=1	DEL	*	-1	A_Severus_v1.6_120	19851	chr9	21972343	A_severus_DEL7964	<DEL>	PASS	PRECISE;SVTYPE=DEL;SVLEN=19851;END=21972343;STRANDS=+-;MAPQ=60;PHASESETID=24874227|24874227;HP=1	DEL	*	-1	21972343
chr9	22631432	A_severus_DUP7966	<DUP>	PASS	PRECISE;SVTYPE=DUP;SVLEN=308440;END=22939872;STRANDS=-+;DETAILED_TYPE=tandem_duplication;MAPQ=60;PHASESETID=24874227|24874227;HP=1	DUP	*	-1	A_Severus_v1.6_121	308440	chr9	22939872	A_severus_DUP7966	<DUP>	PASS	PRECISE;SVTYPE=DUP;SVLEN=308440;END=22939872;STRANDS=-+;DETAILED_TYPE=tandem_duplication;MAPQ=60;PHASESETID=24874227|24874227;HP=1	DUP	*	-1	22939872
chr10	5551881	A_severus_DUP609	<DUP>	PASS	PRECISE;SVTYPE=DUP;SVLEN=256565;END=5808446;STRANDS=-+;DETAILED_TYPE=tandem_duplication;MAPQ=60;PHASESETID=7451631|7451631;HP=1	DUP	*	-1	A_Severus_v1.6_124	256565	chr10	5808446	A_severus_DUP609	<DUP>	PASS	PRECISE;SVTYPE=DUP;SVLEN=256565;END=5808446;STRANDS=-+;DETAILED_TYPE=tandem_duplication;MAPQ=60;PHASESETID=7451631|7451631;HP=1	DUP	*	-1	5808446
chr10	20233384	A_severus_DEL651	<DEL>	PASS	PRECISE;SVTYPE=DEL;SVLEN=5159;END=20238543;STRANDS=+-;MAPQ=60;PHASESETID=20433350|20433350;HP=2	DEL	*	-1	A_Severus_v1.6_125	5159	chr10	20238543	A_severus_DEL651	<DEL>	PASS	PRECISE;SVTYPE=DEL;SVLEN=5159;END=20238543;STRANDS=+-;MAPQ=60;PHASESETID=20433350|20433350;HP=2	DEL	*	-1	20238543
chr10	25515229	A_severus_INS9662	AAAAGCCTTGTCATCTAGCATTAGGTATATCTCCCAATGCTATGATGACACATTAGTGGGTGCAGCGCACCAGCATGGCACATGTATACATATGTAACTAACCTGCACAATGTGCACATGTACCCTAAAACTTAGAGTATAATAAAAAAAAAAAAAAAAAAAAAAAAAAAAACAAAAATAAGAGAACAGGCCAGGCATGATGGCTGATGCCTATAGTCTCAGTGCTTTGGGAGGCTGAGATGAGAGGATTGCTTGAAGCCAGAAGTTCGAGACCAGCCTGAACAATACCGTGAGACCCTATCTCTACAAACAATAAAAATTATCTGGGTGTGGTGGCATATATTTGTAGTACTAGATACTTGAGAGACTGAAGAAGGAGGACCCCTTGAGCCCAGGAGTTTAAGGCTGCAGTGAGCTATGGTTGTGTCACTGCACTCCAAACAGAGGAAGGTCCTGTCTCTAATAACAATAATAAAAATAGAACTATTCAAAAAAAAAAAAAAAAAAAAAAAAA	PASS	PRECISE;SVTYPE=INS;SVLEN=514;MAPQ=60;PHASESETID=31565419|31565419;HP=1	INS	*	-1	A_Severus_v1.6_126	514	chr10	25515743	A_severus_INS9662	AAAAGCCTTGTCATCTAGCATTAGGTATATCTCCCAATGCTATGATGACACATTAGTGGGTGCAGCGCACCAGCATGGCACATGTATACATATGTAACTAACCTGCACAATGTGCACATGTACCCTAAAACTTAGAGTATAATAAAAAAAAAAAAAAAAAAAAAAAAAAAAACAAAAATAAGAGAACAGGCCAGGCATGATGGCTGATGCCTATAGTCTCAGTGCTTTGGGAGGCTGAGATGAGAGGATTGCTTGAAGCCAGAAGTTCGAGACCAGCCTGAACAATACCGTGAGACCCTATCTCTACAAACAATAAAAATTATCTGGGTGTGGTGGCATATATTTGTAGTACTAGATACTTGAGAGACTGAAGAAGGAGGACCCCTTGAGCCCAGGAGTTTAAGGCTGCAGTGAGCTATGGTTGTGTCACTGCACTCCAAACAGAGGAAGGTCCTGTCTCTAATAACAATAATAAAAATAGAACTATTCAAAAAAAAAAAAAAAAAAAAAAAAA	PASS	PRECISE;SVTYPE=INS;SVLEN=514;MAPQ=60;PHASESETID=31565419|31565419;HP=1	INS	*	-1	
chr10	34919811	A_severus_DUP680	<DUP>	PASS	PRECISE;SVTYPE=DUP;SVLEN=183945;END=35103756;STRANDS=-+;DETAILED_TYPE=tandem_duplication;MAPQ=60;PHASESETID=38573358|38573358;HP=2	DUP	*	-1	A_Severus_v1.6_128	183945	chr10	35103756	A_severus_DUP680	<DUP>	PASS	PRECISE;SVTYPE=DUP;SVLEN=183945;END=35103756;STRANDS=-+;DETAILED_TYPE=tandem_duplication;MAPQ=60;PHASESETID=38573358|38573358;HP=2	DUP	*	-1	35103756
chr10	60797723	A_severus_DUP745	<DUP>	PASS	PRECISE;SVTYPE=DUP;SVLEN=106618;END=60904341;STRANDS=-+;DETAILED_TYPE=tandem_duplication;MAPQ=60;PHASESETID=64095099|64095099;HP=2	DUP	*	-1	A_Severus_v1.6_129	106618	chr10	60904341	A_severus_DUP745	<DUP>	PASS	PRECISE;SVTYPE=DUP;SVLEN=106618;END=60904341;STRANDS=-+;DETAILED_TYPE=tandem_duplication;MAPQ=60;PHASESETID=64095099|64095099;HP=2	DUP	*	-1	60904341
chr10	67470511	A_severus_DUP758	<DUP>	PASS	PRECISE;SVTYPE=DUP;SVLEN=740990;END=68211501;STRANDS=-+;DETAILED_TYPE=tandem_duplication;MAPQ=60;PHASESETID=80487383|80487383;HP=1	DUP	*	-1	A_Severus_v1.6_130	740990	chr10	68211501	A_severus_DUP758	<DUP>	PASS	PRECISE;SVTYPE=DUP;SVLEN=740990;END=68211501;STRANDS=-+;DETAILED_TYPE=tandem_duplication;MAPQ=60;PHASESETID=80487383|80487383;HP=1	DUP	*	-1	68211501
chr10	93279155	A_severus_DUP802	<DUP>	PASS	PRECISE;SVTYPE=DUP;SVLEN=1443432;END=94722587;STRANDS=-+;DETAILED_TYPE=tandem_duplication;MAPQ=60;PHASESETID=94071812|95754309;HP=2	DUP	*	-1	A_Severus_v1.6_131	1443432	chr10	94722587	A_severus_DUP802	<DUP>	PASS	PRECISE;SVTYPE=DUP;SVLEN=1443432;END=94722587;STRANDS=-+;DETAILED_TYPE=tandem_duplication;MAPQ=60;PHASESETID=94071812|95754309;HP=2	DUP	*	-1	94722587
chr10	122835344	A_severus_DEL855	<DEL>	PASS	PRECISE;SVTYPE=DEL;SVLEN=1798;END=122837142;STRANDS=+-;MAPQ=60;PHASESETID=131020279|131020279;HP=1	DEL	*	-1	A_Severus_v1.6_132	1798	chr10	122837142	A_severus_DEL855	<DEL>	PASS	PRECISE;SVTYPE=DEL;SVLEN=1798;END=122837142;STRANDS=+-;MAPQ=60;PHASESETID=131020279|131020279;HP=1	DEL	*	-1	122837142
chr10	123543388	A_severus_DEL856	<DEL>	PASS	PRECISE;SVTYPE=DEL;SVLEN=215;END=123543603;STRANDS=+-;MAPQ=60;PHASESETID=131020279|131020279;HP=1	DEL	*	-1	A_Severus_v1.6_133	215	chr10	123543603	A_severus_DEL856	<DEL>	PASS	PRECISE;SVTYPE=DEL;SVLEN=215;END=123543603;STRANDS=+-;MAPQ=60;PHASESETID=131020279|131020279;HP=1	DEL	*	-1	123543603
chr11	33692823	A_severus_DUP1088	<DUP>	PASS	PRECISE;SVTYPE=DUP;SVLEN=1490866;END=35183689;STRANDS=-+;DETAILED_TYPE=tandem_duplication;MAPQ=60;PHASESETID=34870724|37441068;HP=1	DUP	*	-1	A_Severus_v1.6_136	1490866	chr11	35183689	A_severus_DUP1088	<DUP>	PASS	PRECISE;SVTYPE=DUP;SVLEN=1490866;END=35183689;STRANDS=-+;DETAILED_TYPE=tandem_duplication;MAPQ=60;PHASESETID=34870724|37441068;HP=1	DUP	*	-1	35183689
chr11	42923973	A_severus_INS10264	ATTCTTTTTTTTTTTTTTTTTTTTTTTCCTGGATTCAGTCATTTATTCATAAAGGTTAAGATTTGTATTTGCAATTATCAAATGTAGTTAAAAATAGAGCAACAAGCATTTAAAAATAACTTTTAAAAGCAACATAGTAAGTGGTTACATTTTGATGATCACAAATATATGCCTACATGACAATGAGAAGCCAACCACCTAATGTTGGCCAAATAAGTCCTTCTGGCCTGGCACAGCAGTTCCTGTTATCACATTGAACAGGGATTCAAAAACAGTGCTTCCCAAACAACTTGGAAGTGAGTCGAATGAGCCTAGAAAGCCATGTTAGGTGATTCAAATAGAAGTCAAGAAAAAATACATGTAAAGTGTTTGAATAAAATCATTTCAGGAAACAGAGTGGAAAAAATAATATTTTAATATTAAGATGTTATTTTAAATATAAATGAGTACCTGTATTAATAAATTAAATATCTGTTGACATTTGAATATCTAGTATACTATATTTACAAATCTATAGAGATATAAAGAATTTTCAAATTGGCCAAACATATTTTTTGCTCTAGTTGTCTTTTATTTAGGTATATGTGGTATATAGTATTATAAACATAATGGGGCATCACTTAAAAAGCAAAGACAAATAAATCATTCATAGCCTTTCAAAAGAAAGAAAAAAAAAACACAGAGGCAGCCTGAATAGAATGGAGGAGGAGCCTGAAAAGCAACAGCCCATTTGCTGGAGCACTCATGGCAGATGAGCACGGTGTCTGGGATCTCAAGCTGTCCTGGTTCCAGCATCCCTCCCAGAACTCCCCTTGGGAACACGTTTTACACAAAGACCTTGTTTTCCCAATGTTATAGGTGCCCAATTCTTAATTAAATCATCTCTCACCCACAATAGCCTGTGGAGACCAATGATGCCTGTGGAGAAAGAACACTTTGTTGTGTCATGTTTTGTTTTGAACATCCCTGAAAGTCTAAAAAGAAGGCACCTGACAATCATTGTAAAACTGGAAAAGCCAGAAAGAGGAAAAAATGGGCTCTTCAGATTCTGACTCTGTGTTTCAGGCTAAAGATTTCATTTCTACCTGAGATCATAGCATTTTGGAGCAAGGGGAATTCCTAGGGATTGTCTAGGATACACTTCTGGTTCAATACAGAAAAATAGGACGATATCCCTTTACACATTTTTTACTTGTGTTCCCAATAAGAGATATTTTCCTAGAAAAGCTTATCAGGCATTTTACCCAGGCTAAGTAGAACCAAAAGTTCTATTATTAATGTTAACATAAAGTTAAGTTTAGAGCTCTT	PASS	PRECISE;SVTYPE=INS;SVLEN=1307;ALIGNED_POS=chr14:58759768-58761075;MAPQ=60;PHASESETID=45549378|45549378;HP=1	INS	*	-1	A_Severus_v1.6_137	1307	chr11	42925280	A_severus_INS10264	ATTCTTTTTTTTTTTTTTTTTTTTTTTCCTGGATTCAGTCATTTATTCATAAAGGTTAAGATTTGTATTTGCAATTATCAAATGTAGTTAAAAATAGAGCAACAAGCATTTAAAAATAACTTTTAAAAGCAACATAGTAAGTGGTTACATTTTGATGATCACAAATATATGCCTACATGACAATGAGAAGCCAACCACCTAATGTTGGCCAAATAAGTCCTTCTGGCCTGGCACAGCAGTTCCTGTTATCACATTGAACAGGGATTCAAAAACAGTGCTTCCCAAACAACTTGGAAGTGAGTCGAATGAGCCTAGAAAGCCATGTTAGGTGATTCAAATAGAAGTCAAGAAAAAATACATGTAAAGTGTTTGAATAAAATCATTTCAGGAAACAGAGTGGAAAAAATAATATTTTAATATTAAGATGTTATTTTAAATATAAATGAGTACCTGTATTAATAAATTAAATATCTGTTGACATTTGAATATCTAGTATACTATATTTACAAATCTATAGAGATATAAAGAATTTTCAAATTGGCCAAACATATTTTTTGCTCTAGTTGTCTTTTATTTAGGTATATGTGGTATATAGTATTATAAACATAATGGGGCATCACTTAAAAAGCAAAGACAAATAAATCATTCATAGCCTTTCAAAAGAAAGAAAAAAAAAACACAGAGGCAGCCTGAATAGAATGGAGGAGGAGCCTGAAAAGCAACAGCCCATTTGCTGGAGCACTCATGGCAGATGAGCACGGTGTCTGGGATCTCAAGCTGTCCTGGTTCCAGCATCCCTCCCAGAACTCCCCTTGGGAACACGTTTTACACAAAGACCTTGTTTTCCCAATGTTATAGGTGCCCAATTCTTAATTAAATCATCTCTCACCCACAATAGCCTGTGGAGACCAATGATGCCTGTGGAGAAAGAACACTTTGTTGTGTCATGTTTTGTTTTGAACATCCCTGAAAGTCTAAAAAGAAGGCACCTGACAATCATTGTAAAACTGGAAAAGCCAGAAAGAGGAAAAAATGGGCTCTTCAGATTCTGACTCTGTGTTTCAGGCTAAAGATTTCATTTCTACCTGAGATCATAGCATTTTGGAGCAAGGGGAATTCCTAGGGATTGTCTAGGATACACTTCTGGTTCAATACAGAAAAATAGGACGATATCCCTTTACACATTTTTTACTTGTGTTCCCAATAAGAGATATTTTCCTAGAAAAGCTTATCAGGCATTTTACCCAGGCTAAGTAGAACCAAAAGTTCTATTATTAATGTTAACATAAAGTTAAGTTTAGAGCTCTT	PASS	PRECISE;SVTYPE=INS;SVLEN=1307;ALIGNED_POS=chr14:58759768-58761075;MAPQ=60;PHASESETID=45549378|45549378;HP=1	INS	*	-1	
chr11	58991975	A_severus_DEL1153	<DEL>	PASS	PRECISE;SVTYPE=DEL;SVLEN=64424;END=59056399;STRANDS=+-;MAPQ=60;PHASESETID=59192773|59192773;HP=2	DEL	*	-1	A_Severus_v1.6_138	64424	chr11	59056399	A_severus_DEL1153	<DEL>	PASS	PRECISE;SVTYPE=DEL;SVLEN=64424;END=59056399;STRANDS=+-;MAPQ=60;PHASESETID=59192773|59192773;HP=2	DEL	*	-1	59056399
chr11	69212123	A_severus_DUP1186	<DUP>	PASS	PRECISE;SVTYPE=DUP;SVLEN=364957;END=69577080;STRANDS=-+;DETAILED_TYPE=tandem_duplication;MAPQ=60;PHASESETID=72133564|72133564;HP=1	DUP	*	-1	A_Severus_v1.6_143	364957	chr11	69577080	A_severus_DUP1186	<DUP>	PASS	PRECISE;SVTYPE=DUP;SVLEN=364957;END=69577080;STRANDS=-+;DETAILED_TYPE=tandem_duplication;MAPQ=60;PHASESETID=72133564|72133564;HP=1	DUP	*	-1	69577080
chr11	95796274	A_severus_DEL1232	<DEL>	PASS	PRECISE;SVTYPE=DEL;SVLEN=5834;END=95802108;STRANDS=+-;MAPQ=60;PHASESETID=100009451|100009451;HP=1	DEL	*	-1	A_Severus_v1.6_144	5834	chr11	95802108	A_severus_DEL1232	<DEL>	PASS	PRECISE;SVTYPE=DEL;SVLEN=5834;END=95802108;STRANDS=+-;MAPQ=60;PHASESETID=100009451|100009451;HP=1	DEL	*	-1	95802108
chr11	105902633	A_severus_BND1260_1	N]chr11:105903170]	PASS	PRECISE;SVTYPE=BND;SVLEN=537;MATE_ID=severus_BND1260_2;STRANDS=++;DETAILED_TYPE=inv_tra;MAPQ=60;PHASESETID=106064284|106064284;HP=2;CLUSTERID=severus_0	BND	*	146	A_Severus_v1.6_145	537	chr11	105903170	A_severus_BND1260_2	N]chr11:105902633]	PASS	PRECISE;SVTYPE=BND;SVLEN=537;MATE_ID=severus_BND1260_1;STRANDS=++;DETAILED_TYPE=inv_tra;MAPQ=60;PHASESETID=106064284|106064284;HP=0;CLUSTERID=severus_0	BND	*	144	
chr11	130986347	A_severus_DEL1303	<DEL>	PASS	PRECISE;SVTYPE=DEL;SVLEN=177;END=130986524;STRANDS=+-;MAPQ=60;PHASESETID=0|0;HP=1	DEL	*	-1	A_Severus_v1.6_152	177	chr11	130986524	A_severus_DEL1303	<DEL>	PASS	PRECISE;SVTYPE=DEL;SVLEN=177;END=130986524;STRANDS=+-;MAPQ=60;PHASESETID=0|0;HP=1	DEL	*	-1	130986524
chr12	7380776	A_severus_INS10671	GGACTGTGGTGGGGTAGGGGGAGGGGGGAGGGATAGCATTGGGAGATATACCTAATGCTAGATGACACATTAGTGGGTGCAGCGCACCAGCATGGCACATGTATACATATGTAACTAACCTGCACAATGTGCACATGTACCCTAAAACTTAGAGTATAATAAAAAAAAAAAGAAAGAAAAAGAAAAAAAAAAAAAAAAAAA	PASS	PRECISE;SVTYPE=INS;SVLEN=200;MAPQ=60;PHASESETID=8083732|8083732;HP=2	INS	*	-1	A_Severus_v1.6_154	200	chr12	7380976	A_severus_INS10671	GGACTGTGGTGGGGTAGGGGGAGGGGGGAGGGATAGCATTGGGAGATATACCTAATGCTAGATGACACATTAGTGGGTGCAGCGCACCAGCATGGCACATGTATACATATGTAACTAACCTGCACAATGTGCACATGTACCCTAAAACTTAGAGTATAATAAAAAAAAAAAGAAAGAAAAAGAAAAAAAAAAAAAAAAAAA	PASS	PRECISE;SVTYPE=INS;SVLEN=200;MAPQ=60;PHASESETID=8083732|8083732;HP=2	INS	*	-1	
chr12	16630818	A_severus_INS10715	AAAGATCATGATGTGGTAATGGGGATATGCTGGAGAAACTAAAGCTTTGTATGGAGAGTAGAACAGCCTTGGGACAGCTGAGCATTTGGACTGCCTCAAATGAGGAATTTGGAATTTAAAGAAAGAAGGTGTTTAATAAATATTTGTTGAATGAAAAAAAAAAAAAAAAAAAAAAA	PASS	PRECISE;SVTYPE=INS;SVLEN=175;MAPQ=60;PHASESETID=17413141|17413141;HP=1	INS	*	-1	A_Severus_v1.6_156	175	chr12	16630993	A_severus_INS10715	AAAGATCATGATGTGGTAATGGGGATATGCTGGAGAAACTAAAGCTTTGTATGGAGAGTAGAACAGCCTTGGGACAGCTGAGCATTTGGACTGCCTCAAATGAGGAATTTGGAATTTAAAGAAAGAAGGTGTTTAATAAATATTTGTTGAATGAAAAAAAAAAAAAAAAAAAAAAA	PASS	PRECISE;SVTYPE=INS;SVLEN=175;MAPQ=60;PHASESETID=17413141|17413141;HP=1	INS	*	-1	
chr12	24759758	A_severus_DUP1440	<DUP>	PASS	PRECISE;SVTYPE=DUP;SVLEN=1946363;END=26706121;STRANDS=-+;DETAILED_TYPE=tandem_duplication;MAPQ=60;PHASESETID=25568286|32532569;HP=1	DUP	*	-1	A_Severus_v1.6_157	1946363	chr12	26706121	A_severus_DUP1440	<DUP>	PASS	PRECISE;SVTYPE=DUP;SVLEN=1946363;END=26706121;STRANDS=-+;DETAILED_TYPE=tandem_duplication;MAPQ=60;PHASESETID=25568286|32532569;HP=1	DUP	*	-1	26706121
chr12	40668214	A_severus_DEL1479	<DEL>	PASS	PRECISE;SVTYPE=DEL;SVLEN=75;END=40668289;STRANDS=+-;MAPQ=60;PHASESETID=42828732|42828732;HP=1	DEL	*	-1	A_Severus_v1.6_159	75	chr12	40668289	A_severus_DEL1479	<DEL>	PASS	PRECISE;SVTYPE=DEL;SVLEN=75;END=40668289;STRANDS=+-;MAPQ=60;PHASESETID=42828732|42828732;HP=1	DEL	*	-1	40668289
chr12	44015149	A_severus_DUP1489	<DUP>	PASS	PRECISE;SVTYPE=DUP;SVLEN=316633;END=44331782;STRANDS=-+;DETAILED_TYPE=tandem_duplication;MAPQ=60;PHASESETID=45727076|45727076;HP=1	DUP	*	-1	A_Severus_v1.6_160	316633	chr12	44331782	A_severus_DUP1489	<DUP>	PASS	PRECISE;SVTYPE=DUP;SVLEN=316633;END=44331782;STRANDS=-+;DETAILED_TYPE=tandem_duplication;MAPQ=60;PHASESETID=45727076|45727076;HP=1	DUP	*	-1	44331782
chr12	53592499	A_severus_DUP1505	<DUP>	PASS	PRECISE;SVTYPE=DUP;SVLEN=128103;END=53720602;STRANDS=-+;DETAILED_TYPE=tandem_duplication;MAPQ=60;PHASESETID=54558199|54558199;HP=2	DUP	*	-1	A_Severus_v1.6_161	128103	chr12	53720602	A_severus_DUP1505	<DUP>	PASS	PRECISE;SVTYPE=DUP;SVLEN=128103;END=53720602;STRANDS=-+;DETAILED_TYPE=tandem_duplication;MAPQ=60;PHASESETID=54558199|54558199;HP=2	DUP	*	-1	53720602
chr12	83211413	A_severus_INS10882	AAGGCTGCAGTGAGCTATGGTTGTGTCACTGCACTCCAAACAGAGGAAGGTCCTGTCTCTAATAACAATAATAAAAATAGAACTATTCAAATCAAGAAATATCAAGTGTTTGTGTGGAATGCAACTTAAGCTCAATATTATAATGTCACACAGAATGGCATGAAGGCAATTAGGCCAGGGTCCGGGGGCGAGGGTGACTTCAGCTAGGCTTTGAAGAATGATTCAGATTTGAATTGGTGGAGGAAAAAGGGAAGATCATTTCAGGCAAAATGAGTAAAAATATGGAAATAGGAAGAATCCTGGATGGAAAATGAGATGTGGTAATGGGGATATGCTGGAGAAACTAAAGCTTTGTATGGAGAGTAGAGCAGCCTTGGGACAGCTGAGCATTTGGACTGCCTCAAATGAGGAATTTGGAATTTAAAGAAGAAGGTGTTTAATAAATATTTGTTGAATGAAAAAAAAAAAAAAAAAAAAAAAAAAAA	PASS	PRECISE;SVTYPE=INS;SVLEN=484;MAPQ=60;PHASESETID=83957866|83957866;HP=2	INS	*	-1	A_Severus_v1.6_162	484	chr12	83211897	A_severus_INS10882	AAGGCTGCAGTGAGCTATGGTTGTGTCACTGCACTCCAAACAGAGGAAGGTCCTGTCTCTAATAACAATAATAAAAATAGAACTATTCAAATCAAGAAATATCAAGTGTTTGTGTGGAATGCAACTTAAGCTCAATATTATAATGTCACACAGAATGGCATGAAGGCAATTAGGCCAGGGTCCGGGGGCGAGGGTGACTTCAGCTAGGCTTTGAAGAATGATTCAGATTTGAATTGGTGGAGGAAAAAGGGAAGATCATTTCAGGCAAAATGAGTAAAAATATGGAAATAGGAAGAATCCTGGATGGAAAATGAGATGTGGTAATGGGGATATGCTGGAGAAACTAAAGCTTTGTATGGAGAGTAGAGCAGCCTTGGGACAGCTGAGCATTTGGACTGCCTCAAATGAGGAATTTGGAATTTAAAGAAGAAGGTGTTTAATAAATATTTGTTGAATGAAAAAAAAAAAAAAAAAAAAAAAAAAAA	PASS	PRECISE;SVTYPE=INS;SVLEN=484;MAPQ=60;PHASESETID=83957866|83957866;HP=2	INS	*	-1	
chr12	106703367	A_severus_DUP1593	<DUP>	PASS	PRECISE;SVTYPE=DUP;SVLEN=15062;END=106718429;STRANDS=-+;DETAILED_TYPE=tandem_duplication;MAPQ=60;PHASESETID=109349562|109349562;HP=2	DUP	*	-1	A_Severus_v1.6_163	15062	chr12	106718429	A_severus_DUP1593	<DUP>	PASS	PRECISE;SVTYPE=DUP;SVLEN=15062;END=106718429;STRANDS=-+;DETAILED_TYPE=tandem_duplication;MAPQ=60;PHASESETID=109349562|109349562;HP=2	DUP	*	-1	106718429
chr12	121442780	A_severus_BND2315_2	N[chr15:40450789[	PASS	IMPRECISE;SVTYPE=BND;MATE_ID=severus_BND2315_1;STRANDS=+-;DETAILED_TYPE=Reciprocal_tra;MAPQ=60;PHASESETID=42181711|123074097;HP=1;CLUSTERID=severus_8	BND	*	183	A_Severus_v1.6_164	-1	chr15	40450789	A_severus_BND2315_1	]chr12:121442780]N	PASS	IMPRECISE;SVTYPE=BND;MATE_ID=severus_BND2315_2;STRANDS=+-;DETAILED_TYPE=Reciprocal_tra;MAPQ=60;PHASESETID=42181711|123074097;HP=1;CLUSTERID=severus_8	BND	*	163	
chr12	121442785	A_severus_BND2316_2	]chr15:40450790]N	PASS	PRECISE;SVTYPE=BND;MATE_ID=severus_BND2316_1;STRANDS=-+;DETAILED_TYPE=Reciprocal_tra;MAPQ=60;PHASESETID=42181711|123074097;HP=1;CLUSTERID=severus_8	BND	*	184	A_Severus_v1.6_165	-1	chr15	40450790	A_severus_BND2316_1	N[chr12:121442785[	PASS	PRECISE;SVTYPE=BND;MATE_ID=severus_BND2316_2;STRANDS=-+;DETAILED_TYPE=Reciprocal_tra;MAPQ=60;PHASESETID=42181711|123074097;HP=1;CLUSTERID=severus_8	BND	*	164	
chr12	128155609	A_severus_DUP1639	<DUP>	PASS	PRECISE;SVTYPE=DUP;SVLEN=135889;END=128291498;STRANDS=-+;DETAILED_TYPE=tandem_duplication;MAPQ=60;PHASESETID=128476303|128476303;HP=1	DUP	*	-1	A_Severus_v1.6_166	135889	chr12	128291498	A_severus_DUP1639	<DUP>	PASS	PRECISE;SVTYPE=DUP;SVLEN=135889;END=128291498;STRANDS=-+;DETAILED_TYPE=tandem_duplication;MAPQ=60;PHASESETID=128476303|128476303;HP=1	DUP	*	-1	128291498
chr13	39536625	A_severus_DEL1774	<DEL>	PASS	PRECISE;SVTYPE=DEL;SVLEN=1587;END=39538212;STRANDS=+-;MAPQ=60;PHASESETID=39929435|39929435;HP=1	DEL	*	-1	A_Severus_v1.6_169	1587	chr13	39538212	A_severus_DEL1774	<DEL>	PASS	PRECISE;SVTYPE=DEL;SVLEN=1587;END=39538212;STRANDS=+-;MAPQ=60;PHASESETID=39929435|39929435;HP=1	DEL	*	-1	39538212
chr13	66842467	A_severus_DEL1838	<DEL>	PASS	PRECISE;SVTYPE=DEL;SVLEN=6293605;END=73136072;STRANDS=+-;MAPQ=60;PHASESETID=66885918|75605709;HP=1	DEL	*	-1	A_Severus_v1.6_171	6293605	chr13	73136072	A_severus_DEL1838	<DEL>	PASS	PRECISE;SVTYPE=DEL;SVLEN=6293605;END=73136072;STRANDS=+-;MAPQ=60;PHASESETID=66885918|75605709;HP=1	DEL	*	-1	73136072
chr14	30938115	A_severus_DUP2047	<DUP>	PASS	PRECISE;SVTYPE=DUP;SVLEN=309676;END=31247791;STRANDS=-+;DETAILED_TYPE=tandem_duplication;MAPQ=60;PHASESETID=32523091|32523091;HP=2	DUP	*	-1	A_Severus_v1.6_174	309676	chr14	31247791	A_severus_DUP2047	<DUP>	PASS	PRECISE;SVTYPE=DUP;SVLEN=309676;END=31247791;STRANDS=-+;DETAILED_TYPE=tandem_duplication;MAPQ=60;PHASESETID=32523091|32523091;HP=2	DUP	*	-1	31247791
chr14	60918508	A_severus_DEL2099	<DEL>	PASS	PRECISE;SVTYPE=DEL;SVLEN=63;END=60918571;STRANDS=+-;MAPQ=60;PHASESETID=63217237|63217237;HP=1	DEL	*	-1	A_Severus_v1.6_175	63	chr14	60918571	A_severus_DEL2099	<DEL>	PASS	PRECISE;SVTYPE=DEL;SVLEN=63;END=60918571;STRANDS=+-;MAPQ=60;PHASESETID=63217237|63217237;HP=1	DEL	*	-1	60918571
chr14	60923413	A_severus_DEL2100	<DEL>	PASS	PRECISE;SVTYPE=DEL;SVLEN=534;END=60923947;STRANDS=+-;MAPQ=60;PHASESETID=63217237|63217237;HP=2	DEL	*	-1	A_Severus_v1.6_176	534	chr14	60923947	A_severus_DEL2100	<DEL>	PASS	PRECISE;SVTYPE=DEL;SVLEN=534;END=60923947;STRANDS=+-;MAPQ=60;PHASESETID=63217237|63217237;HP=2	DEL	*	-1	60923947
chr14	102499943	A_severus_DUP2197	<DUP>	PASS	PRECISE;SVTYPE=DUP;SVLEN=262859;END=102762802;STRANDS=-+;DETAILED_TYPE=tandem_duplication;MAPQ=60;PHASESETID=102711722|104366917;HP=1	DUP	*	-1	A_Severus_v1.6_181	262859	chr14	102762802	A_severus_DUP2197	<DUP>	PASS	PRECISE;SVTYPE=DUP;SVLEN=262859;END=102762802;STRANDS=-+;DETAILED_TYPE=tandem_duplication;MAPQ=60;PHASESETID=102711722|104366917;HP=1	DUP	*	-1	102762802
chr15	24931141	A_severus_DUP2279	<DUP>	PASS	PRECISE;SVTYPE=DUP;SVLEN=73031;END=25004172;STRANDS=-+;DETAILED_TYPE=tandem_duplication;MAPQ=60;PHASESETID=27579406|27579406;HP=1	DUP	*	-1	A_Severus_v1.6_182	73031	chr15	25004172	A_severus_DUP2279	<DUP>	PASS	PRECISE;SVTYPE=DUP;SVLEN=73031;END=25004172;STRANDS=-+;DETAILED_TYPE=tandem_duplication;MAPQ=60;PHASESETID=27579406|27579406;HP=1	DUP	*	-1	25004172
chr15	31496985	A_severus_DUP2290	<DUP>	PASS	PRECISE;SVTYPE=DUP;SVLEN=140329;END=31637314;STRANDS=-+;DETAILED_TYPE=tandem_duplication;MAPQ=60;PHASESETID=35987428|35987428;HP=1	DUP	*	-1	A_Severus_v1.6_183	140329	chr15	31637314	A_severus_DUP2290	<DUP>	PASS	PRECISE;SVTYPE=DUP;SVLEN=140329;END=31637314;STRANDS=-+;DETAILED_TYPE=tandem_duplication;MAPQ=60;PHASESETID=35987428|35987428;HP=1	DUP	*	-1	31637314
chr15	98348348	A_severus_DUP2448	<DUP>	PASS	PRECISE;SVTYPE=DUP;SVLEN=460880;END=98809228;STRANDS=-+;DETAILED_TYPE=tandem_duplication;MAPQ=60;PHASESETID=98736610|0;HP=1	DUP	*	-1	A_Severus_v1.6_188	460880	chr15	98809228	A_severus_DUP2448	<DUP>	PASS	PRECISE;SVTYPE=DUP;SVLEN=460880;END=98809228;STRANDS=-+;DETAILED_TYPE=tandem_duplication;MAPQ=60;PHASESETID=98736610|0;HP=1	DUP	*	-1	98809228
chr16	4484204	A_severus_DUP2505	<DUP>	PASS	PRECISE;SVTYPE=DUP;SVLEN=320030;END=4804234;STRANDS=-+;DETAILED_TYPE=tandem_duplication;MAPQ=60;PHASESETID=7788482|7788482;HP=2	DUP	*	-1	A_Severus_v1.6_191	320030	chr16	4804234	A_severus_DUP2505	<DUP>	PASS	PRECISE;SVTYPE=DUP;SVLEN=320030;END=4804234;STRANDS=-+;DETAILED_TYPE=tandem_duplication;MAPQ=60;PHASESETID=7788482|7788482;HP=2	DUP	*	-1	4804234
chr16	50928456	A_severus_DEL2600	<DEL>	PASS	IMPRECISE;SVTYPE=DEL;SVLEN=168;END=50928624;STRANDS=+-;INSIDE_VNTR=TRUE;MAPQ=60;PHASESETID=53256381|53256381;HP=1	DEL	*	-1	A_Severus_v1.6_195	168	chr16	50928624	A_severus_DEL2600	<DEL>	PASS	IMPRECISE;SVTYPE=DEL;SVLEN=168;END=50928624;STRANDS=+-;INSIDE_VNTR=TRUE;MAPQ=60;PHASESETID=53256381|53256381;HP=1	DEL	*	-1	50928624
chr16	72462758	A_severus_DUP2642	<DUP>	PASS	PRECISE;SVTYPE=DUP;SVLEN=91032;END=72553790;STRANDS=-+;DETAILED_TYPE=tandem_duplication;MAPQ=60;PHASESETID=72756438|72756438;HP=2	DUP	*	-1	A_Severus_v1.6_196	91032	chr16	72553790	A_severus_DUP2642	<DUP>	PASS	PRECISE;SVTYPE=DUP;SVLEN=91032;END=72553790;STRANDS=-+;DETAILED_TYPE=tandem_duplication;MAPQ=60;PHASESETID=72756438|72756438;HP=2	DUP	*	-1	72553790
chr16	89166444	A_severus_DEL2718	<DEL>	PASS	IMPRECISE;SVTYPE=DEL;SVLEN=74;END=89166521;STRANDS=+-;INSIDE_VNTR=TRUE;MAPQ=60;PHASESETID=0|0;HP=2	DEL	*	-1	A_Severus_v1.6_197	74	chr16	89166518	A_severus_DEL2718	<DEL>	PASS	IMPRECISE;SVTYPE=DEL;SVLEN=74;END=89166521;STRANDS=+-;INSIDE_VNTR=TRUE;MAPQ=60;PHASESETID=0|0;HP=2	DEL	*	-1	89166521
chr17	32305444	A_severus_BND2894_1	[chr17:32673230[N	PASS	PRECISE;SVTYPE=BND;SVLEN=367786;MATE_ID=severus_BND2894_2;STRANDS=--;MAPQ=60;PHASESETID=37951688|37951688;HP=1	BND	*	203	A_Severus_v1.6_202	367786	chr17	32673230	A_severus_BND2894_2	[chr17:32305444[N	PASS	PRECISE;SVTYPE=BND;SVLEN=367786;MATE_ID=severus_BND2894_1;STRANDS=--;MAPQ=60;PHASESETID=37951688|37951688;HP=0	BND	*	201	
chr17	32670397	A_severus_BND2896_1	N]chr17:32677808]	PASS	PRECISE;SVTYPE=BND;SVLEN=7411;MATE_ID=severus_BND2896_2;STRANDS=++;DETAILED_TYPE=foldback;MAPQ=60;PHASESETID=37951688|37951688;HP=1	BND	*	204	A_Severus_v1.6_203	7411	chr17	32677808	A_severus_BND2896_2	N]chr17:32670397]	PASS	PRECISE;SVTYPE=BND;SVLEN=7411;MATE_ID=severus_BND2896_1;STRANDS=++;DETAILED_TYPE=foldback;MAPQ=60;PHASESETID=37951688|37951688;HP=0	BND	*	202	
chr17	53933117	A_severus_DEL2955	<DEL>	PASS	PRECISE;SVTYPE=DEL;SVLEN=12028;END=53945145;STRANDS=+-;MAPQ=60;PHASESETID=60988338|60988338;HP=1	DEL	*	-1	A_Severus_v1.6_206	12028	chr17	53945145	A_severus_DEL2955	<DEL>	PASS	PRECISE;SVTYPE=DEL;SVLEN=12028;END=53945145;STRANDS=+-;MAPQ=60;PHASESETID=60988338|60988338;HP=1	DEL	*	-1	53945145
chr18	12027688	A_severus_DUP3104	<DUP>	PASS	PRECISE;SVTYPE=DUP;SVLEN=80275;END=12107963;STRANDS=-+;DETAILED_TYPE=tandem_duplication;MAPQ=60;PHASESETID=15468740|15468740;HP=2	DUP	*	-1	A_Severus_v1.6_208	80275	chr18	12107963	A_severus_DUP3104	<DUP>	PASS	PRECISE;SVTYPE=DUP;SVLEN=80275;END=12107963;STRANDS=-+;DETAILED_TYPE=tandem_duplication;MAPQ=60;PHASESETID=15468740|15468740;HP=2	DUP	*	-1	12107963
chr18	21493609	A_severus_BND3122_1	[chr20:25499118[N	PASS	IMPRECISE;SVTYPE=BND;MATE_ID=severus_BND3122_2;STRANDS=--;MAPQ=60;PHASESETID=26037182|26567429;HP=2	BND	*	239	A_Severus_v1.6_209	-1	chr20	25499118	A_severus_BND3122_2	[chr18:21493609[N	PASS	IMPRECISE;SVTYPE=BND;MATE_ID=severus_BND3122_1;STRANDS=--;MAPQ=60;PHASESETID=26037182|26567429;HP=2	BND	*	208	
chr18	22492810	A_severus_DUP3124	<DUP>	PASS	PRECISE;SVTYPE=DUP;SVLEN=730112;END=23222922;STRANDS=-+;DETAILED_TYPE=tandem_duplication;MAPQ=60;PHASESETID=26037182|26037182;HP=1	DUP	*	-1	A_Severus_v1.6_210	730112	chr18	23222922	A_severus_DUP3124	<DUP>	PASS	PRECISE;SVTYPE=DUP;SVLEN=730112;END=23222922;STRANDS=-+;DETAILED_TYPE=tandem_duplication;MAPQ=60;PHASESETID=26037182|26037182;HP=1	DUP	*	-1	23222922
chr18	28481424	A_severus_BND3138_1	]chrX:95812868]N	PASS	PRECISE;SVTYPE=BND;MATE_ID=severus_BND3138_2;STRANDS=+-;DETAILED_TYPE=Reciprocal_tra;MAPQ=60;PHASESETID=28507355|96755959;HP=1;CLUSTERID=severus_10	BND	*	272	A_Severus_v1.6_211	-1	chrX	95812868	A_severus_BND3138_2	N[chr18:28481424[	PASS	PRECISE;SVTYPE=BND;MATE_ID=severus_BND3138_1;STRANDS=+-;DETAILED_TYPE=Reciprocal_tra;MAPQ=60;PHASESETID=28507355|96755959;HP=2;CLUSTERID=severus_10	BND	*	210	
chr18	28482565	A_severus_BND3139_1	N[chrX:95810806[	PASS	PRECISE;SVTYPE=BND;MATE_ID=severus_BND3139_2;STRANDS=-+;DETAILED_TYPE=Reciprocal_tra;MAPQ=60;PHASESETID=28507355|96755959;HP=2;CLUSTERID=severus_10	BND	*	271	A_Severus_v1.6_212	-1	chrX	95810806	A_severus_BND3139_2	]chr18:28482565]N	PASS	PRECISE;SVTYPE=BND;MATE_ID=severus_BND3139_1;STRANDS=-+;DETAILED_TYPE=Reciprocal_tra;MAPQ=60;PHASESETID=28507355|96755959;HP=0;CLUSTERID=severus_10	BND	*	211	
chr19	38981212	A_severus_BND3477_1	[chr19:38983523[N	PASS	PRECISE;SVTYPE=BND;SVLEN=2311;MATE_ID=severus_BND3477_2;STRANDS=--;DETAILED_TYPE=foldback;MAPQ=60;PHASESETID=0|0;HP=2;CLUSTERID=severus_1	BND	*	226	A_Severus_v1.6_226	2311	chr19	38983523	A_severus_BND3477_2	[chr19:38981212[N	PASS	PRECISE;SVTYPE=BND;SVLEN=2311;MATE_ID=severus_BND3477_1;STRANDS=--;DETAILED_TYPE=foldback;MAPQ=60;PHASESETID=0|0;HP=2;CLUSTERID=severus_1	BND	*	225	
chr19	39706584	A_severus_DEL3480	<DEL>	PASS	PRECISE;SVTYPE=DEL;SVLEN=10847666;END=50554250;STRANDS=+-;MAPQ=60;PHASESETID=0|0;HP=1	DEL	*	-1	A_Severus_v1.6_228	10847666	chr19	50554250	A_severus_DEL3480	<DEL>	PASS	PRECISE;SVTYPE=DEL;SVLEN=10847666;END=50554250;STRANDS=+-;MAPQ=60;PHASESETID=0|0;HP=1	DEL	*	-1	50554250
chr19	40470025	A_severus_DEL3487	<DEL>	PASS	IMPRECISE;SVTYPE=DEL;SVLEN=4438962;END=44908987;STRANDS=+-;MAPQ=60;PHASESETID=0|0;HP=2;CLUSTERID=severus_1	DEL	*	-1	A_Severus_v1.6_229	4438962	chr19	44908987	A_severus_DEL3487	<DEL>	PASS	IMPRECISE;SVTYPE=DEL;SVLEN=4438962;END=44908987;STRANDS=+-;MAPQ=60;PHASESETID=0|0;HP=2;CLUSTERID=severus_1	DEL	*	-1	44908987
chr19	44719439	A_severus_DUP3499	<DUP>	PASS	PRECISE;SVTYPE=DUP;SVLEN=197469;END=44916908;STRANDS=-+;DETAILED_TYPE=tandem_duplication;MAPQ=60;CLUSTERID=severus_1	DUP	*	-1	A_Severus_v1.6_230	197469	chr19	44916908	A_severus_DUP3499	<DUP>	PASS	PRECISE;SVTYPE=DUP;SVLEN=197469;END=44916908;STRANDS=-+;DETAILED_TYPE=tandem_duplication;MAPQ=60;CLUSTERID=severus_1	DUP	*	-1	44916908
chr19	44991108	A_severus_BND3501_1	N]chr19:44992624]	PASS	PRECISE;SVTYPE=BND;SVLEN=1516;MATE_ID=severus_BND3501_2;STRANDS=++;DETAILED_TYPE=foldback;MAPQ=60;PHASESETID=0|0;HP=2	BND	*	231	A_Severus_v1.6_231	1516	chr19	44992624	A_severus_BND3501_2	N]chr19:44991108]	PASS	PRECISE;SVTYPE=BND;SVLEN=1516;MATE_ID=severus_BND3501_1;STRANDS=++;DETAILED_TYPE=foldback;MAPQ=60;PHASESETID=0|0;HP=2	BND	*	230	
chr19	53132028	A_severus_DUP3549	<DUP>	PASS	PRECISE;SVTYPE=DUP;SVLEN=44818;END=53176846;STRANDS=-+;DETAILED_TYPE=tandem_duplication;MAPQ=60;PHASESETID=0|0;HP=2	DUP	*	-1	A_Severus_v1.6_233	44818	chr19	53176846	A_severus_DUP3549	<DUP>	PASS	PRECISE;SVTYPE=DUP;SVLEN=44818;END=53176846;STRANDS=-+;DETAILED_TYPE=tandem_duplication;MAPQ=60;PHASESETID=0|0;HP=2	DUP	*	-1	53176846
chr19	53167794	A_severus_DEL3550	<DEL>	PASS	PRECISE;SVTYPE=DEL;SVLEN=1390;END=53169184;STRANDS=+-;MAPQ=60;PHASESETID=0|0;HP=2	DEL	*	-1	A_Severus_v1.6_234	1390	chr19	53169184	A_severus_DEL3550	<DEL>	PASS	PRECISE;SVTYPE=DEL;SVLEN=1390;END=53169184;STRANDS=+-;MAPQ=60;PHASESETID=0|0;HP=2	DEL	*	-1	53169184
chr20	21980693	A_severus_DEL4314	<DEL>	PASS	PRECISE;SVTYPE=DEL;SVLEN=44391;END=22025084;STRANDS=+-;MAPQ=60;PHASESETID=23470166|23470166;HP=2	DEL	*	-1	A_Severus_v1.6_239	44391	chr20	22025084	A_severus_DEL4314	<DEL>	PASS	PRECISE;SVTYPE=DEL;SVLEN=44391;END=22025084;STRANDS=+-;MAPQ=60;PHASESETID=23470166|23470166;HP=2	DEL	*	-1	22025084
chr20	38428242	A_severus_BND4408_1	[chr20:38429601[N	PASS	PRECISE;SVTYPE=BND;SVLEN=1359;MATE_ID=severus_BND4408_2;STRANDS=--;DETAILED_TYPE=inv_tra;MAPQ=60;PHASESETID=41668783|41668783;HP=2;CLUSTERID=severus_11	BND	*	246	A_Severus_v1.6_246	1359	chr20	38429601	A_severus_BND4408_2	[chr20:38428242[N	PASS	PRECISE;SVTYPE=BND;SVLEN=1359;MATE_ID=severus_BND4408_1;STRANDS=--;DETAILED_TYPE=inv_tra;MAPQ=60;PHASESETID=41668783|41668783;HP=0;CLUSTERID=severus_11	BND	*	245	
chr20	43435693	A_severus_DUP4416	<DUP>	PASS	PRECISE;SVTYPE=DUP;SVLEN=189048;END=43624741;STRANDS=-+;DETAILED_TYPE=tandem_duplication;MAPQ=60;PHASESETID=45375469|45375469;HP=2	DUP	*	-1	A_Severus_v1.6_249	189048	chr20	43624741	A_severus_DUP4416	<DUP>	PASS	PRECISE;SVTYPE=DUP;SVLEN=189048;END=43624741;STRANDS=-+;DETAILED_TYPE=tandem_duplication;MAPQ=60;PHASESETID=45375469|45375469;HP=2	DUP	*	-1	43624741
chr20	51796494	A_severus_DEL4436	<DEL>	PASS	PRECISE;SVTYPE=DEL;SVLEN=1368;END=51797862;STRANDS=+-;MAPQ=60;PHASESETID=57209249|57209249;HP=1	DEL	*	-1	A_Severus_v1.6_250	1368	chr20	51797862	A_severus_DEL4436	<DEL>	PASS	PRECISE;SVTYPE=DEL;SVLEN=1368;END=51797862;STRANDS=+-;MAPQ=60;PHASESETID=57209249|57209249;HP=1	DEL	*	-1	51797862
chr22	44252043	A_severus_DUP4837	<DUP>	PASS	PRECISE;SVTYPE=DUP;SVLEN=166299;END=44418342;STRANDS=-+;DETAILED_TYPE=tandem_duplication;MAPQ=60;PHASESETID=48540875|48540875;HP=1	DUP	*	-1	A_Severus_v1.6_254	166299	chr22	44418342	A_severus_DUP4837	<DUP>	PASS	PRECISE;SVTYPE=DUP;SVLEN=166299;END=44418342;STRANDS=-+;DETAILED_TYPE=tandem_duplication;MAPQ=60;PHASESETID=48540875|48540875;HP=1	DUP	*	-1	44418342
chr22	49059745	A_severus_DUP4882	<DUP>	PASS	PRECISE;SVTYPE=DUP;SVLEN=114712;END=49174457;STRANDS=-+;DETAILED_TYPE=tandem_duplication;MAPQ=60;PHASESETID=0|0;HP=1	DUP	*	-1	A_Severus_v1.6_255	114712	chr22	49174457	A_severus_DUP4882	<DUP>	PASS	PRECISE;SVTYPE=DUP;SVLEN=114712;END=49174457;STRANDS=-+;DETAILED_TYPE=tandem_duplication;MAPQ=60;PHASESETID=0|0;HP=1	DUP	*	-1	49174457
chrX	24130689	A_severus_DUP8451	<DUP>	PASS	PRECISE;SVTYPE=DUP;SVLEN=28596;END=24159285;STRANDS=-+;DETAILED_TYPE=tandem_duplication;MAPQ=60;PHASESETID=27506508|27506508;HP=1	DUP	*	-1	A_Severus_v1.6_263	28596	chrX	24159285	A_severus_DUP8451	<DUP>	PASS	PRECISE;SVTYPE=DUP;SVLEN=28596;END=24159285;STRANDS=-+;DETAILED_TYPE=tandem_duplication;MAPQ=60;PHASESETID=27506508|27506508;HP=1	DUP	*	-1	24159285
chrX	34245827	A_severus_DEL8469	<DEL>	PASS	PRECISE;SVTYPE=DEL;SVLEN=2403;END=34248230;STRANDS=+-;MAPQ=60;PHASESETID=35682276|35682276;HP=2	DEL	*	-1	A_Severus_v1.6_264	2403	chrX	34248230	A_severus_DEL8469	<DEL>	PASS	PRECISE;SVTYPE=DEL;SVLEN=2403;END=34248230;STRANDS=+-;MAPQ=60;PHASESETID=35682276|35682276;HP=2	DEL	*	-1	34248230
chrX	44845878	A_severus_DEL8480	<DEL>	PASS	PRECISE;SVTYPE=DEL;SVLEN=115;END=44845993;STRANDS=+-;MAPQ=60;PHASESETID=45136369|45136369;HP=1	DEL	*	-1	A_Severus_v1.6_265	115	chrX	44845993	A_severus_DEL8480	<DEL>	PASS	PRECISE;SVTYPE=DEL;SVLEN=115;END=44845993;STRANDS=+-;MAPQ=60;PHASESETID=45136369|45136369;HP=1	DEL	*	-1	44845993
chrX	69807092	A_severus_INS19666	AAAAAAAGACTTGGAACCAACCCAAATGTCCAACAATGATAGACTGGATTAAGAAAATGTGGCACATATACACCATGGAATACTATGCAGCCATAAAAAATGATGAGTTCATATCCTTTGTAGGGACATGGATGAAATTGGAAACCATCATTCTCAGTAAACTATCGCAAGAACAAAAAACCAAACACCGCATATTCTCACTCATAGGTGGGAATTGAACAATGAGATCACATGGACACAGGAAGGGGAATATCACACTCTGGGGACTGTGGTGGGGTCGGGGGAGGGGGGAGGGATAGCATTGGGAGATATACCTAATGCTAGATGACACATTAGTGGGTGCAGCGCACCAGCATGGCACATGTATACATATGTAACTAACCTGCACAATGTGCACATGTACCCTAAAACTTAGAGTATAATAAAAAAAAAAAAAAAAAAAAAAAAAAACAAAAAAAAAAAAAAAAAAAAAAAAAAAAA	PASS	PRECISE;SVTYPE=INS;SVLEN=479;MAPQ=60	INS	*	-1	A_Severus_v1.6_269	479	chrX	69807571	A_severus_INS19666	AAAAAAAGACTTGGAACCAACCCAAATGTCCAACAATGATAGACTGGATTAAGAAAATGTGGCACATATACACCATGGAATACTATGCAGCCATAAAAAATGATGAGTTCATATCCTTTGTAGGGACATGGATGAAATTGGAAACCATCATTCTCAGTAAACTATCGCAAGAACAAAAAACCAAACACCGCATATTCTCACTCATAGGTGGGAATTGAACAATGAGATCACATGGACACAGGAAGGGGAATATCACACTCTGGGGACTGTGGTGGGGTCGGGGGAGGGGGGAGGGATAGCATTGGGAGATATACCTAATGCTAGATGACACATTAGTGGGTGCAGCGCACCAGCATGGCACATGTATACATATGTAACTAACCTGCACAATGTGCACATGTACCCTAAAACTTAGAGTATAATAAAAAAAAAAAAAAAAAAAAAAAAAAACAAAAAAAAAAAAAAAAAAAAAAAAAAAAA	PASS	PRECISE;SVTYPE=INS;SVLEN=479;MAPQ=60	INS	*	-1	
chrX	79649369	A_severus_DEL8525	<DEL>	PASS	PRECISE;SVTYPE=DEL;SVLEN=1566;END=79650935;STRANDS=+-;MAPQ=60	DEL	*	-1	A_Severus_v1.6_270	1566	chrX	79650935	A_severus_DEL8525	<DEL>	PASS	PRECISE;SVTYPE=DEL;SVLEN=1566;END=79650935;STRANDS=+-;MAPQ=60	DEL	*	-1	79650935
chrX	125899652	A_severus_INS19788	TTTTTTTTTTTTTTTTTTTTTTTTTTTTCTTTGTTTTATTTTTCTTTTTTTTTTTTTTTTTTTT	PASS	PRECISE;SVTYPE=INS;SVLEN=63;MAPQ=60;PHASESETID=126321143|126321143;HP=2	INS	*	-1	A_Severus_v1.6_274	63	chrX	125899715	A_severus_INS19788	TTTTTTTTTTTTTTTTTTTTTTTTTTTTCTTTGTTTTATTTTTCTTTTTTTTTTTTTTTTTTTT	PASS	PRECISE;SVTYPE=INS;SVLEN=63;MAPQ=60;PHASESETID=126321143|126321143;HP=2	INS	*	-1	
