#CHROM_x	POS_x	ID_x	INFO_x	#CHROM_y	POS_y	ID_y	INFO_y	SVTYPE	SVLEN	VAF	Minda_ID	Minda_IDs	E_Unknown source	A_Severus_v1.6	B_Severus_v1.6	C_Severus_v1.6	D_Severus_v1.6
chr1	23272628	E_SV_1	SVTYPE=BND;SVTYPE=TRA:UNBALANCED;MATEID=SV_171;EVENT=simple_1;SVCLAIM=J;CN_HAP1=1;CN_HAP2=0;SUBCLONAL=n;COMPLEX=n	chr5	52747359	E_SV_171	SVTYPE=BND;SVTYPE=TRA:UNBALANCED;MATEID=SV_1;EVENT=simple_1;SVCLAIM=J;CN_HAP1=0;CN_HAP2=1;SUBCLONAL=n;COMPLEX=n	BND	-1	*	E_Unknown source_1	['A_Severus_v1.6_5', 'B_Severus_v1.6_6', 'C_Severus_v1.6_1', 'D_Severus_v1.6_4', 'E_Unknown source_1']	True	True	True	True	True
chr1	151220118	E_SV_3	SVTYPE=DEL;SVTYPE=DEL;SVLEN=-172;END=151220290;SVCLAIM=DJ;CN=0,1;CN_HAP1=0;CN_HAP2=1;SUBCLONAL=n;COMPLEX=n	chr1	151220290	E_SV_3	SVTYPE=DEL;SVTYPE=DEL;SVLEN=-172;END=151220290;SVCLAIM=DJ;CN=0,1;CN_HAP1=0;CN_HAP2=1;SUBCLONAL=n;COMPLEX=n	DEL	172	*	E_Unknown source_2	['A_Severus_v1.6_8', 'B_Severus_v1.6_20', 'C_Severus_v1.6_4', 'D_Severus_v1.6_12', 'E_Unknown source_2']	True	True	True	True	True
chr1	160367322	E_SV_4	SVTYPE=DUP;SVTYPE=DUP:TANDEM;SVLEN=326593;END=160693915;SVCLAIM=DJ;CIPOS=0,3;CIEND=0,3;HOMLEN=3;HOMSEQ=ACA;CN=1,2;CN_HAP1=2;CN_HAP2=1;SUBCLONAL=n;COMPLEX=n	chr1	160693915	E_SV_4	SVTYPE=DUP;SVTYPE=DUP:TANDEM;SVLEN=326593;END=160693915;SVCLAIM=DJ;CIPOS=0,3;CIEND=0,3;HOMLEN=3;HOMSEQ=ACA;CN=1,2;CN_HAP1=2;CN_HAP2=1;SUBCLONAL=n;COMPLEX=n	DUP	326593	*	E_Unknown source_3	['A_Severus_v1.6_9', 'B_Severus_v1.6_21', 'C_Severus_v1.6_5', 'D_Severus_v1.6_13', 'E_Unknown source_3']	True	True	True	True	True
chr1	224013772	E_SV_219	SVTYPE=INS;SVTYPE=CNV:TR;SVLEN=4775;CIPOS=-2082,2782;CN_HAP1=1;CN_HAP2=1;SUBCLONAL=n;COMPLEX=n	chr1	224018547	E_SV_219	SVTYPE=INS;SVTYPE=CNV:TR;SVLEN=4775;CIPOS=-2082,2782;CN_HAP1=1;CN_HAP2=1;SUBCLONAL=n;COMPLEX=n	INS	4775	*	E_Unknown source_4	['E_Unknown source_4']	True	False	False	False	False
chr2	39789308	E_SV_6	SVTYPE=DEL;SVTYPE=DEL;SVLEN=-88;END=39789396;SVCLAIM=DJ;CIPOS=0,2;HOMLEN=2;HOMSEQ=GT;CN=0,1;CN_HAP1=1;CN_HAP2=0;SUBCLONAL=n;COMPLEX=n	chr2	39789396	E_SV_6	SVTYPE=DEL;SVTYPE=DEL;SVLEN=-88;END=39789396;SVCLAIM=DJ;CIPOS=0,2;HOMLEN=2;HOMSEQ=GT;CN=0,1;CN_HAP1=1;CN_HAP2=0;SUBCLONAL=n;COMPLEX=n	DEL	88	*	E_Unknown source_5	['A_Severus_v1.6_11', 'B_Severus_v1.6_36', 'C_Severus_v1.6_8', 'D_Severus_v1.6_24', 'E_Unknown source_5']	True	True	True	True	True
chr2	49580425	E_SV_7	SVTYPE=DUP;SVTYPE=DUP:TANDEM;SVLEN=101800;END=49682225;SVCLAIM=DJ;CN=1,2;CN_HAP1=1;CN_HAP2=2;SUBCLONAL=n;COMPLEX=n	chr2	49682225	E_SV_7	SVTYPE=DUP;SVTYPE=DUP:TANDEM;SVLEN=101800;END=49682225;SVCLAIM=DJ;CN=1,2;CN_HAP1=1;CN_HAP2=2;SUBCLONAL=n;COMPLEX=n	DUP	101800	*	E_Unknown source_6	['A_Severus_v1.6_12', 'B_Severus_v1.6_37', 'C_Severus_v1.6_9', 'D_Severus_v1.6_25', 'E_Unknown source_6']	True	True	True	True	True
chr2	80401505	E_SV_8	SVTYPE=BND;SVTYPE=INV:DUP;MATEID=SV_195;EVENT=cluster_10;CN_HAP1=1;CN_HAP2=1;SUBCLONAL=n;COMPLEX=y	chr2	80401784	E_SV_195	SVTYPE=BND;SVTYPE=INV:DUP;MATEID=SV_8;EVENT=cluster_10;CN_HAP1=1;CN_HAP2=2;SUBCLONAL=n;COMPLEX=y	BND	279	*	E_Unknown source_7	['A_Severus_v1.6_13', 'B_Severus_v1.6_39', 'C_Severus_v1.6_10', 'D_Severus_v1.6_27', 'E_Unknown source_7']	True	True	True	True	True
chr2	82711539	E_SV_9	SVTYPE=BND;SVTYPE=BND;MATEID=SV_196;EVENT=cluster_10;CIPOS=0,3;HOMLEN=3;HOMSEQ=CAC;CN_HAP1=1;CN_HAP2=2;SUBCLONAL=n;COMPLEX=y	chr20	38430138	E_SV_196	SVTYPE=BND;SVTYPE=BND;MATEID=SV_9;EVENT=cluster_10;CIPOS=0,3;HOMLEN=3;HOMSEQ=CAC;CN_HAP1=1;CN_HAP2=2;SUBCLONAL=n;COMPLEX=y	BND	-1	*	E_Unknown source_9	['A_Severus_v1.6_15', 'B_Severus_v1.6_41', 'C_Severus_v1.6_12', 'D_Severus_v1.6_29', 'E_Unknown source_9']	True	True	True	True	True
chr2	123234980	E_SV_220	SVTYPE=DEL;SVTYPE=CNV:TR;SVLEN=-60;END=123235040;CIPOS=-288,129;CIEND=-288,129;CN_HAP1=1;CN_HAP2=1;SUBCLONAL=n;COMPLEX=n	chr2	123235040	E_SV_220	SVTYPE=DEL;SVTYPE=CNV:TR;SVLEN=-60;END=123235040;CIPOS=-288,129;CIEND=-288,129;CN_HAP1=1;CN_HAP2=1;SUBCLONAL=n;COMPLEX=n	DEL	60	*	E_Unknown source_10	['E_Unknown source_10']	True	False	False	False	False
chr2	128153403	E_SV_11	SVTYPE=DUP;SVTYPE=DUP:TANDEM;SVLEN=179488;END=128332891;SVCLAIM=DJ;CN=1,2;CN_HAP1=2;CN_HAP2=1;SUBCLONAL=n;COMPLEX=n	chr2	128332891	E_SV_11	SVTYPE=DUP;SVTYPE=DUP:TANDEM;SVLEN=179488;END=128332891;SVCLAIM=DJ;CN=1,2;CN_HAP1=2;CN_HAP2=1;SUBCLONAL=n;COMPLEX=n	DUP	179488	*	E_Unknown source_11	['A_Severus_v1.6_17', 'B_Severus_v1.6_51', 'C_Severus_v1.6_15', 'D_Severus_v1.6_32', 'E_Unknown source_11']	True	True	True	True	True
chr2	132394152	E_SV_221	SVTYPE=INS;SVTYPE=CNV:TR;SVLEN=69;CIPOS=-381,641;CN_HAP1=0;CN_HAP2=1;SUBCLONAL=n;COMPLEX=n	chr2	132394221	E_SV_221	SVTYPE=INS;SVTYPE=CNV:TR;SVLEN=69;CIPOS=-381,641;CN_HAP1=0;CN_HAP2=1;SUBCLONAL=n;COMPLEX=n	INS	69	*	E_Unknown source_12	['E_Unknown source_12']	True	False	False	False	False
chr2	148633969	E_SV_12	SVTYPE=DEL;SVTYPE=DEL;SVLEN=-143;END=148634112;SVCLAIM=DJ;CIPOS=0,5;HOMLEN=5;HOMSEQ=GAAAA;CN=0,1;CN_HAP1=0;CN_HAP2=1;SUBCLONAL=n;COMPLEX=n	chr2	148634112	E_SV_12	SVTYPE=DEL;SVTYPE=DEL;SVLEN=-143;END=148634112;SVCLAIM=DJ;CIPOS=0,5;HOMLEN=5;HOMSEQ=GAAAA;CN=0,1;CN_HAP1=0;CN_HAP2=1;SUBCLONAL=n;COMPLEX=n	DEL	143	*	E_Unknown source_13	['A_Severus_v1.6_18', 'B_Severus_v1.6_55', 'C_Severus_v1.6_16', 'D_Severus_v1.6_37', 'E_Unknown source_13']	True	True	True	True	True
chr2	169938668	E_SV_14	SVTYPE=DUP;SVTYPE=DUP:TANDEM;SVLEN=92089;END=170030757;SVCLAIM=DJ;CIPOS=0,4;CIEND=0,4;HOMLEN=4;HOMSEQ=TTTT;CN=1,2;CN_HAP1=1;CN_HAP2=1;SUBCLONAL=n;COMPLEX=n	chr2	170030757	E_SV_14	SVTYPE=DUP;SVTYPE=DUP:TANDEM;SVLEN=92089;END=170030757;SVCLAIM=DJ;CIPOS=0,4;CIEND=0,4;HOMLEN=4;HOMSEQ=TTTT;CN=1,2;CN_HAP1=1;CN_HAP2=1;SUBCLONAL=n;COMPLEX=n	DUP	92089	*	E_Unknown source_14	['A_Severus_v1.6_20', 'B_Severus_v1.6_59', 'C_Severus_v1.6_17', 'D_Severus_v1.6_40', 'E_Unknown source_14']	True	True	True	True	True
chr2	177267321	E_SV_15	SVTYPE=DUP;SVTYPE=DUP:TANDEM;SVLEN=110310;END=177377631;SVCLAIM=DJ;CIPOS=0,4;CIEND=0,4;HOMLEN=4;HOMSEQ=AGGC;CN=1,2;CN_HAP1=1;CN_HAP2=2;SUBCLONAL=n;COMPLEX=n	chr2	177377631	E_SV_15	SVTYPE=DUP;SVTYPE=DUP:TANDEM;SVLEN=110310;END=177377631;SVCLAIM=DJ;CIPOS=0,4;CIEND=0,4;HOMLEN=4;HOMSEQ=AGGC;CN=1,2;CN_HAP1=1;CN_HAP2=2;SUBCLONAL=n;COMPLEX=n	DUP	110310	*	E_Unknown source_15	['A_Severus_v1.6_21', 'B_Severus_v1.6_60', 'C_Severus_v1.6_18', 'D_Severus_v1.6_41', 'E_Unknown source_15']	True	True	True	True	True
chr2	219159513	E_SV_16	SVTYPE=DEL;SVTYPE=CNV:TR;SVLEN=-76;END=219159589;CIPOS=0,22;HOMLEN=22;HOMSEQ=TATATATATATGCATATATATA;CN_HAP1=1;CN_HAP2=0;SUBCLONAL=n;COMPLEX=n	chr2	219159589	E_SV_16	SVTYPE=DEL;SVTYPE=CNV:TR;SVLEN=-76;END=219159589;CIPOS=0,22;HOMLEN=22;HOMSEQ=TATATATATATGCATATATATA;CN_HAP1=1;CN_HAP2=0;SUBCLONAL=n;COMPLEX=n	DEL	76	*	E_Unknown source_16	['A_Severus_v1.6_22', 'C_Severus_v1.6_19', 'E_Unknown source_16']	True	True	False	True	False
chr3	71773144	E_SV_18	SVTYPE=DUP;SVTYPE=DUP:TANDEM;SVLEN=103722;END=71876866;SVCLAIM=DJ;CIPOS=0,2;CIEND=0,2;HOMLEN=2;HOMSEQ=AA;CN=0,2;CN_HAP1=0;CN_HAP2=2;SUBCLONAL=n;COMPLEX=n	chr3	71876866	E_SV_18	SVTYPE=DUP;SVTYPE=DUP:TANDEM;SVLEN=103722;END=71876866;SVCLAIM=DJ;CIPOS=0,2;CIEND=0,2;HOMLEN=2;HOMSEQ=AA;CN=0,2;CN_HAP1=0;CN_HAP2=2;SUBCLONAL=n;COMPLEX=n	DUP	103722	*	E_Unknown source_17	['A_Severus_v1.6_25', 'B_Severus_v1.6_78', 'C_Severus_v1.6_22', 'D_Severus_v1.6_49', 'E_Unknown source_17']	True	True	True	True	True
chr3	101703348	E_SV_19	SVTYPE=DEL;SVTYPE=DEL;SVLEN=-3190;END=101706538;SVCLAIM=DJ;CIPOS=0,5;CIEND=0,5;HOMLEN=5;HOMSEQ=GAGAT;CN=0,1;CN_HAP1=0;CN_HAP2=1;SUBCLONAL=n;COMPLEX=n	chr3	101706538	E_SV_19	SVTYPE=DEL;SVTYPE=DEL;SVLEN=-3190;END=101706538;SVCLAIM=DJ;CIPOS=0,5;CIEND=0,5;HOMLEN=5;HOMSEQ=GAGAT;CN=0,1;CN_HAP1=0;CN_HAP2=1;SUBCLONAL=n;COMPLEX=n	DEL	3190	*	E_Unknown source_18	['A_Severus_v1.6_26', 'B_Severus_v1.6_82', 'C_Severus_v1.6_23', 'D_Severus_v1.6_50', 'E_Unknown source_18']	True	True	True	True	True
chr3	111780416	E_SV_222	SVTYPE=INS;SVTYPE=CNV:TR;SVLEN=108;CIPOS=-159,1;CN_HAP1=1;CN_HAP2=1;SUBCLONAL=n;COMPLEX=n	chr3	111780524	E_SV_222	SVTYPE=INS;SVTYPE=CNV:TR;SVLEN=108;CIPOS=-159,1;CN_HAP1=1;CN_HAP2=1;SUBCLONAL=n;COMPLEX=n	INS	108	*	E_Unknown source_19	['E_Unknown source_19']	True	False	False	False	False
chr3	139976414	E_SV_20	SVTYPE=BND;SVTYPE=CHROMOPLEXY;MATEID=SV_190;EVENT=cluster_3;CIPOS=0,1;HOMLEN=1;HOMSEQ=A;CN_HAP1=1;CN_HAP2=1;SUBCLONAL=n;COMPLEX=y	chr13	114353244	E_SV_190	SVTYPE=BND;SVTYPE=CHROMOPLEXY;MATEID=SV_20;EVENT=cluster_3;CIPOS=0,1;HOMLEN=1;HOMSEQ=G;CN_HAP1=0;CN_HAP2=2;SUBCLONAL=n;COMPLEX=y	BND	-1	*	E_Unknown source_20	['A_Severus_v1.6_28', 'B_Severus_v1.6_85', 'C_Severus_v1.6_24', 'D_Severus_v1.6_53', 'E_Unknown source_20']	True	True	True	True	True
chr3	139998694	E_SV_21	SVTYPE=BND;SVTYPE=CHROMOPLEXY;MATEID=SV_174;EVENT=cluster_3;CN_HAP1=1;CN_HAP2=1;SUBCLONAL=n;COMPLEX=y	chr3	193903984	E_SV_174	SVTYPE=BND;SVTYPE=CHROMOPLEXY;MATEID=SV_21;EVENT=cluster_3;CN_HAP1=1;CN_HAP2=1;SUBCLONAL=n;COMPLEX=y	BND	53905290	*	E_Unknown source_21	['A_Severus_v1.6_29', 'B_Severus_v1.6_86', 'C_Severus_v1.6_25', 'D_Severus_v1.6_54', 'E_Unknown source_21']	True	True	True	True	True
chr3	182470122	E_SV_22	SVTYPE=DUP;SVTYPE=DUP:TANDEM;SVLEN=1425168;END=183895290;SVCLAIM=DJ;CIPOS=0,3;CIEND=0,3;HOMLEN=3;HOMSEQ=AGT;CN=1,2;CN_HAP1=1;CN_HAP2=2;SUBCLONAL=n;COMPLEX=n	chr3	183895290	E_SV_22	SVTYPE=DUP;SVTYPE=DUP:TANDEM;SVLEN=1425168;END=183895290;SVCLAIM=DJ;CIPOS=0,3;CIEND=0,3;HOMLEN=3;HOMSEQ=AGT;CN=1,2;CN_HAP1=1;CN_HAP2=2;SUBCLONAL=n;COMPLEX=n	DUP	1425168	*	E_Unknown source_22	['A_Severus_v1.6_32', 'B_Severus_v1.6_94', 'C_Severus_v1.6_26', 'D_Severus_v1.6_59', 'E_Unknown source_22']	True	True	True	True	True
chr3	184714592	E_SV_23	SVTYPE=BND;SVTYPE=INV;MATEID=SV_175;EVENT=cluster_4;CIPOS=0,1;CIEND=-1,0;HOMLEN=1;HOMSEQ=A;CN_HAP1=1;CN_HAP2=1;SUBCLONAL=n;COMPLEX=y	chr3	184716953	E_SV_175	SVTYPE=BND;SVTYPE=INV;MATEID=SV_23;EVENT=cluster_4;CIPOS=0,1;CIEND=-1,0;HOMLEN=1;HOMSEQ=A;CN_HAP1=1;CN_HAP2=0;SUBCLONAL=n;COMPLEX=y	BND	2361	*	E_Unknown source_23	['A_Severus_v1.6_34', 'B_Severus_v1.6_95', 'C_Severus_v1.6_27', 'D_Severus_v1.6_60', 'E_Unknown source_23']	True	True	True	True	True
chr3	184714601	E_SV_25	SVTYPE=BND;SVTYPE=INV;MATEID=SV_176;EVENT=cluster_4;CN_HAP1=1;CN_HAP2=1;SUBCLONAL=n;COMPLEX=y	chr3	184717315	E_SV_176	SVTYPE=BND;SVTYPE=INV;MATEID=SV_25;EVENT=cluster_4;CN_HAP1=1;CN_HAP2=1;SUBCLONAL=n;COMPLEX=y	BND	2714	*	E_Unknown source_24	['A_Severus_v1.6_35', 'B_Severus_v1.6_96', 'C_Severus_v1.6_28', 'D_Severus_v1.6_61', 'E_Unknown source_24']	True	True	True	True	True
chr3	192188390	E_SV_26	SVTYPE=BND;SVTYPE=TRA:BALANCED;MATEID=SV_93;EVENT=cluster_1;CN_HAP1=0;CN_HAP2=0;SUBCLONAL=n;COMPLEX=y	chr11	68233078	E_SV_93	SVTYPE=BND;SVTYPE=TRA:BALANCED;MATEID=SV_26;EVENT=cluster_1;CN_HAP1=1;CN_HAP2=1;SUBCLONAL=n;COMPLEX=y	BND	-1	*	E_Unknown source_27	['A_Severus_v1.6_38', 'B_Severus_v1.6_100', 'C_Severus_v1.6_31', 'D_Severus_v1.6_64', 'E_Unknown source_27']	True	True	True	True	True
chr3	192188396	E_SV_27	SVTYPE=BND;SVTYPE=TRA:BALANCED;MATEID=SV_90;EVENT=cluster_1;CIPOS=0,2;HOMLEN=2;HOMSEQ=CC;CN_HAP1=0;CN_HAP2=1;SUBCLONAL=n;COMPLEX=y	chr11	68232231	E_SV_90	SVTYPE=BND;SVTYPE=TRA:BALANCED;MATEID=SV_27;EVENT=cluster_1;CIPOS=0,3;CIEND=-3,0;HOMLEN=3;HOMSEQ=TGG;CN_HAP1=1;CN_HAP2=2;SUBCLONAL=n;COMPLEX=y	BND	-1	*	E_Unknown source_28	['C_Severus_v1.6_32', 'D_Severus_v1.6_65', 'E_Unknown source_28']	True	False	False	True	True
chr4	14331601	E_SV_28	SVTYPE=INS;SVTYPE=INS:ME;SVLEN=620;END=14331601;CN_HAP1=0;CN_HAP2=1;SUBCLONAL=n;COMPLEX=y	chr4	14332221	E_SV_28	SVTYPE=INS;SVTYPE=INS:ME;SVLEN=620;END=14331601;CN_HAP1=0;CN_HAP2=1;SUBCLONAL=n;COMPLEX=y	INS	620	*	E_Unknown source_30	['A_Severus_v1.6_41', 'B_Severus_v1.6_107', 'C_Severus_v1.6_34', 'D_Severus_v1.6_67', 'E_Unknown source_30']	True	True	True	True	True
chr4	57512446	E_SV_29	SVTYPE=DEL;SVTYPE=DEL;SVLEN=-1920;END=57514366;SVCLAIM=DJ;CIPOS=0,5;CIEND=0,5;HOMLEN=5;HOMSEQ=CTGTG;CN=0,0;CN_HAP1=0;CN_HAP2=0;SUBCLONAL=n;COMPLEX=n	chr4	57514366	E_SV_29	SVTYPE=DEL;SVTYPE=DEL;SVLEN=-1920;END=57514366;SVCLAIM=DJ;CIPOS=0,5;CIEND=0,5;HOMLEN=5;HOMSEQ=CTGTG;CN=0,0;CN_HAP1=0;CN_HAP2=0;SUBCLONAL=n;COMPLEX=n	DEL	1920	*	E_Unknown source_31	['A_Severus_v1.6_42', 'B_Severus_v1.6_109', 'C_Severus_v1.6_35', 'D_Severus_v1.6_68', 'E_Unknown source_31']	True	True	True	True	True
chr4	112897566	E_SV_30	SVTYPE=INS;SVTYPE=INS:ME;SVLEN=1259;END=112897566;CIPOS=0,18;HOMLEN=18;HOMSEQ=TAAAACAGATAATCTTTT;CN_HAP1=0;CN_HAP2=1;SUBCLONAL=n;COMPLEX=n	chr4	112898825	E_SV_30	SVTYPE=INS;SVTYPE=INS:ME;SVLEN=1259;END=112897566;CIPOS=0,18;HOMLEN=18;HOMSEQ=TAAAACAGATAATCTTTT;CN_HAP1=0;CN_HAP2=1;SUBCLONAL=n;COMPLEX=n	INS	1259	*	E_Unknown source_32	['A_Severus_v1.6_44', 'B_Severus_v1.6_115', 'C_Severus_v1.6_36', 'D_Severus_v1.6_71', 'E_Unknown source_32']	True	True	True	True	True
chr4	134389657	E_SV_31	SVTYPE=INS;SVTYPE=INS:ME;SVLEN=226;END=134389657;CIPOS=0,19;HOMLEN=19;HOMSEQ=AAAAAAATTTAAAATTTTT;CN_HAP1=0;CN_HAP2=1;SUBCLONAL=n;COMPLEX=n	chr4	134389883	E_SV_31	SVTYPE=INS;SVTYPE=INS:ME;SVLEN=226;END=134389657;CIPOS=0,19;HOMLEN=19;HOMSEQ=AAAAAAATTTAAAATTTTT;CN_HAP1=0;CN_HAP2=1;SUBCLONAL=n;COMPLEX=n	INS	226	*	E_Unknown source_33	['A_Severus_v1.6_45', 'B_Severus_v1.6_116', 'C_Severus_v1.6_37', 'D_Severus_v1.6_73', 'E_Unknown source_33']	True	True	True	True	True
chr4	149325373	E_SV_32	SVTYPE=DUP;SVTYPE=DUP;SVLEN=150046;END=149475419;SVCLAIM=DJ;CIPOS=0,1;CIEND=0,1;HOMLEN=1;HOMSEQ=T;CN=0,2;CN_HAP1=0;CN_HAP2=2;SUBCLONAL=n;COMPLEX=n	chr4	149475419	E_SV_32	SVTYPE=DUP;SVTYPE=DUP;SVLEN=150046;END=149475419;SVCLAIM=DJ;CIPOS=0,1;CIEND=0,1;HOMLEN=1;HOMSEQ=T;CN=0,2;CN_HAP1=0;CN_HAP2=2;SUBCLONAL=n;COMPLEX=n	DUP	150046	*	E_Unknown source_34	['A_Severus_v1.6_46', 'B_Severus_v1.6_118', 'C_Severus_v1.6_38', 'D_Severus_v1.6_76', 'E_Unknown source_34']	True	True	True	True	True
chr5	20023770	E_SV_35	SVTYPE=BND;SVTYPE=INV;MATEID=SV_42;EVENT=cluster_2;CIPOS=0,2;CIEND=-2,0;HOMLEN=2;HOMSEQ=CA;CN_HAP1=1;CN_HAP2=1;SUBCLONAL=n;COMPLEX=y	chr5	155777977	E_SV_42	SVTYPE=BND;SVTYPE=INV;MATEID=SV_35;EVENT=cluster_2;CIPOS=0,2;CIEND=-2,0;HOMLEN=2;HOMSEQ=TG;CN_HAP1=0;CN_HAP2=2;SUBCLONAL=n;COMPLEX=y	BND	135754207	*	E_Unknown source_35	['A_Severus_v1.6_58', 'B_Severus_v1.6_132', 'C_Severus_v1.6_40', 'D_Severus_v1.6_84', 'E_Unknown source_35']	True	True	True	True	True
chr5	20023782	E_SV_36	SVTYPE=BND;SVTYPE=INV;MATEID=SV_41;EVENT=cluster_2;CIPOS=0,1;CIEND=-1,0;HOMLEN=1;HOMSEQ=A;CN_HAP1=1;CN_HAP2=1;SUBCLONAL=n;COMPLEX=y	chr5	155777977	E_SV_41	SVTYPE=BND;SVTYPE=INV;MATEID=SV_36;EVENT=cluster_2;CIPOS=0,1;CIEND=-1,0;HOMLEN=1;HOMSEQ=T;CN_HAP1=0;CN_HAP2=2;SUBCLONAL=n;COMPLEX=y	BND	135754195	*	E_Unknown source_36	['E_Unknown source_36']	True	False	False	False	False
chr5	22078163	E_SV_37	SVTYPE=DEL;SVTYPE=DEL;SVLEN=-54;END=22078217;SVCLAIM=DJ;CIPOS=0,1;HOMLEN=1;HOMSEQ=A;CN=0,1;CN_HAP1=1;CN_HAP2=0;SUBCLONAL=n;COMPLEX=n	chr5	22078217	E_SV_37	SVTYPE=DEL;SVTYPE=DEL;SVLEN=-54;END=22078217;SVCLAIM=DJ;CIPOS=0,1;HOMLEN=1;HOMSEQ=A;CN=0,1;CN_HAP1=1;CN_HAP2=0;SUBCLONAL=n;COMPLEX=n	DEL	54	*	E_Unknown source_37	['A_Severus_v1.6_59', 'B_Severus_v1.6_133', 'C_Severus_v1.6_41', 'D_Severus_v1.6_85', 'E_Unknown source_37']	True	True	True	True	True
chr5	36023180	E_SV_38	SVTYPE=DUP;SVTYPE=DUP:TANDEM;SVLEN=3336845;END=39360025;SVCLAIM=DJ;CN=1,2;CN_HAP1=2;CN_HAP2=1;SUBCLONAL=n;COMPLEX=n	chr5	39360025	E_SV_38	SVTYPE=DUP;SVTYPE=DUP:TANDEM;SVLEN=3336845;END=39360025;SVCLAIM=DJ;CN=1,2;CN_HAP1=2;CN_HAP2=1;SUBCLONAL=n;COMPLEX=n	DUP	3336845	*	E_Unknown source_38	['A_Severus_v1.6_60', 'B_Severus_v1.6_137', 'C_Severus_v1.6_42', 'D_Severus_v1.6_88', 'E_Unknown source_38']	True	True	True	True	True
chr5	79179752	E_SV_39	SVTYPE=DEL;SVTYPE=DEL;SVLEN=-77;END=79179829;SVCLAIM=DJ;CN=0,0;CN_HAP1=0;CN_HAP2=0;SUBCLONAL=n;COMPLEX=n	chr5	79179829	E_SV_39	SVTYPE=DEL;SVTYPE=DEL;SVLEN=-77;END=79179829;SVCLAIM=DJ;CN=0,0;CN_HAP1=0;CN_HAP2=0;SUBCLONAL=n;COMPLEX=n	DEL	77	*	E_Unknown source_40	['A_Severus_v1.6_64', 'C_Severus_v1.6_45', 'E_Unknown source_40']	True	True	False	True	False
chr5	124734081	E_SV_40	SVTYPE=DUP;SVTYPE=DUP:TANDEM;SVLEN=164218;END=124898299;SVCLAIM=DJ;CIPOS=0,2;CIEND=0,2;HOMLEN=2;HOMSEQ=AT;CN=0,2;CN_HAP1=0;CN_HAP2=2;SUBCLONAL=n;COMPLEX=n	chr5	124898299	E_SV_40	SVTYPE=DUP;SVTYPE=DUP:TANDEM;SVLEN=164218;END=124898299;SVCLAIM=DJ;CIPOS=0,2;CIEND=0,2;HOMLEN=2;HOMSEQ=AT;CN=0,2;CN_HAP1=0;CN_HAP2=2;SUBCLONAL=n;COMPLEX=n	DUP	164218	*	E_Unknown source_41	['A_Severus_v1.6_65', 'B_Severus_v1.6_144', 'C_Severus_v1.6_46', 'D_Severus_v1.6_93', 'E_Unknown source_41']	True	True	True	True	True
chr5	165755113	E_SV_223	SVTYPE=DEL;SVTYPE=CNV:TR;SVLEN=70;END=165755183;CIPOS=-28,9;CIEND=-28,9;CN_HAP1=0;CN_HAP2=1;SUBCLONAL=n;COMPLEX=n	chr5	165755183	E_SV_223	SVTYPE=DEL;SVTYPE=CNV:TR;SVLEN=70;END=165755183;CIPOS=-28,9;CIEND=-28,9;CN_HAP1=0;CN_HAP2=1;SUBCLONAL=n;COMPLEX=n	DEL	70	*	E_Unknown source_44	['E_Unknown source_44']	True	False	False	False	False
chr5	172418419	E_SV_43	SVTYPE=DUP;SVTYPE=DUP:TANDEM;SVLEN=207957;END=172626376;SVCLAIM=DJ;CN=0,2;CN_HAP1=0;CN_HAP2=2;SUBCLONAL=n;COMPLEX=n	chr5	172626376	E_SV_43	SVTYPE=DUP;SVTYPE=DUP:TANDEM;SVLEN=207957;END=172626376;SVCLAIM=DJ;CN=0,2;CN_HAP1=0;CN_HAP2=2;SUBCLONAL=n;COMPLEX=n	DUP	207957	*	E_Unknown source_45	['A_Severus_v1.6_66', 'B_Severus_v1.6_148', 'C_Severus_v1.6_47', 'D_Severus_v1.6_97', 'E_Unknown source_45']	True	True	True	True	True
chr6	39137946	E_SV_44	SVTYPE=DUP;SVTYPE=DUP:TANDEM;SVLEN=117365;END=39255311;SVCLAIM=DJ;CIPOS=0,3;CIEND=0,3;HOMLEN=3;HOMSEQ=CTT;CN=2,0;CN_HAP1=2;CN_HAP2=0;SUBCLONAL=n;COMPLEX=n	chr6	39255311	E_SV_44	SVTYPE=DUP;SVTYPE=DUP:TANDEM;SVLEN=117365;END=39255311;SVCLAIM=DJ;CIPOS=0,3;CIEND=0,3;HOMLEN=3;HOMSEQ=CTT;CN=2,0;CN_HAP1=2;CN_HAP2=0;SUBCLONAL=n;COMPLEX=n	DUP	117365	*	E_Unknown source_46	['A_Severus_v1.6_74', 'B_Severus_v1.6_179', 'C_Severus_v1.6_49', 'D_Severus_v1.6_106', 'E_Unknown source_46']	True	True	True	True	True
chr6	46679539	E_SV_45	SVTYPE=DEL;SVTYPE=DEL;SVLEN=-2559;END=46682104;SVCLAIM=DJ;CN=0,0;CN_HAP1=0;CN_HAP2=0;SUBCLONAL=n;COMPLEX=n	chr6	46682098	E_SV_45	SVTYPE=DEL;SVTYPE=DEL;SVLEN=-2559;END=46682104;SVCLAIM=DJ;CN=0,0;CN_HAP1=0;CN_HAP2=0;SUBCLONAL=n;COMPLEX=n	DEL	2559	*	E_Unknown source_47	['A_Severus_v1.6_76', 'B_Severus_v1.6_181', 'C_Severus_v1.6_50', 'D_Severus_v1.6_107', 'E_Unknown source_47']	True	True	True	True	True
chr6	53132717	E_SV_46	SVTYPE=DUP;SVTYPE=DUP:TANDEM;SVLEN=112741;END=53245458;SVCLAIM=DJ;CN=2,0;CN_HAP1=2;CN_HAP2=0;SUBCLONAL=n;COMPLEX=n	chr6	53245458	E_SV_46	SVTYPE=DUP;SVTYPE=DUP:TANDEM;SVLEN=112741;END=53245458;SVCLAIM=DJ;CN=2,0;CN_HAP1=2;CN_HAP2=0;SUBCLONAL=n;COMPLEX=n	DUP	112741	*	E_Unknown source_48	['A_Severus_v1.6_77', 'B_Severus_v1.6_182', 'C_Severus_v1.6_51', 'D_Severus_v1.6_108', 'E_Unknown source_48']	True	True	True	True	True
chr6	70580536	E_SV_47	SVTYPE=DUP;SVTYPE=DUP:TANDEM;SVLEN=127649;END=70708185;SVCLAIM=DJ;CIPOS=0,3;CIEND=0,3;HOMLEN=3;HOMSEQ=TAG;CN=1,2;CN_HAP1=2;CN_HAP2=1;SUBCLONAL=n;COMPLEX=n	chr6	70708185	E_SV_47	SVTYPE=DUP;SVTYPE=DUP:TANDEM;SVLEN=127649;END=70708185;SVCLAIM=DJ;CIPOS=0,3;CIEND=0,3;HOMLEN=3;HOMSEQ=TAG;CN=1,2;CN_HAP1=2;CN_HAP2=1;SUBCLONAL=n;COMPLEX=n	DUP	127649	*	E_Unknown source_49	['A_Severus_v1.6_78', 'B_Severus_v1.6_184', 'C_Severus_v1.6_52', 'D_Severus_v1.6_109', 'E_Unknown source_49']	True	True	True	True	True
chr6	70696489	E_SV_48	SVTYPE=DEL;SVTYPE=DEL;SVLEN=-121;END=70696613;SVCLAIM=DJ;CN=1,1;CN_HAP1=1;CN_HAP2=1;SUBCLONAL=n;COMPLEX=n	chr6	70696610	E_SV_48	SVTYPE=DEL;SVTYPE=DEL;SVLEN=-121;END=70696613;SVCLAIM=DJ;CN=1,1;CN_HAP1=1;CN_HAP2=1;SUBCLONAL=n;COMPLEX=n	DEL	121	*	E_Unknown source_50	['A_Severus_v1.6_79', 'B_Severus_v1.6_185', 'C_Severus_v1.6_53', 'D_Severus_v1.6_110', 'E_Unknown source_50']	True	True	True	True	True
chr6	90423202	E_SV_51	SVTYPE=DUP;SVTYPE=DUP:TANDEM;SVLEN=291765;END=90714967;SVCLAIM=DJ;CIPOS=0,2;CIEND=0,2;HOMLEN=2;HOMSEQ=GT;CN=0,2;CN_HAP1=0;CN_HAP2=2;SUBCLONAL=n;COMPLEX=n	chr6	90714967	E_SV_51	SVTYPE=DUP;SVTYPE=DUP:TANDEM;SVLEN=291765;END=90714967;SVCLAIM=DJ;CIPOS=0,2;CIEND=0,2;HOMLEN=2;HOMSEQ=GT;CN=0,2;CN_HAP1=0;CN_HAP2=2;SUBCLONAL=n;COMPLEX=n	DUP	291765	*	E_Unknown source_51	['A_Severus_v1.6_81', 'B_Severus_v1.6_189', 'C_Severus_v1.6_55', 'D_Severus_v1.6_112', 'E_Unknown source_51']	True	True	True	True	True
chr6	99729725	E_SV_52	SVTYPE=DUP;SVTYPE=DUP:TANDEM;SVLEN=148295;END=99878020;SVCLAIM=DJ;CIPOS=0,1;CIEND=0,1;HOMLEN=1;HOMSEQ=C;CN=0,2;CN_HAP1=0;CN_HAP2=2;SUBCLONAL=n;COMPLEX=n	chr6	99878020	E_SV_52	SVTYPE=DUP;SVTYPE=DUP:TANDEM;SVLEN=148295;END=99878020;SVCLAIM=DJ;CIPOS=0,1;CIEND=0,1;HOMLEN=1;HOMSEQ=C;CN=0,2;CN_HAP1=0;CN_HAP2=2;SUBCLONAL=n;COMPLEX=n	DUP	148295	*	E_Unknown source_52	['A_Severus_v1.6_82', 'B_Severus_v1.6_190', 'C_Severus_v1.6_56', 'D_Severus_v1.6_113', 'E_Unknown source_52']	True	True	True	True	True
chr6	157576919	E_SV_53	SVTYPE=DUP;SVTYPE=DUP:TANDEM;SVLEN=175180;END=157752099;SVCLAIM=DJ;CN=0,2;CN_HAP1=0;CN_HAP2=2;SUBCLONAL=n;COMPLEX=n	chr6	157752099	E_SV_53	SVTYPE=DUP;SVTYPE=DUP:TANDEM;SVLEN=175180;END=157752099;SVCLAIM=DJ;CN=0,2;CN_HAP1=0;CN_HAP2=2;SUBCLONAL=n;COMPLEX=n	DUP	175180	*	E_Unknown source_53	['A_Severus_v1.6_86', 'B_Severus_v1.6_194', 'C_Severus_v1.6_58', 'D_Severus_v1.6_119', 'E_Unknown source_53']	True	True	True	True	True
chr6	157972793	E_SV_54	SVTYPE=BND;SVTYPE=CHROMOPLEXY;MATEID=SV_177;EVENT=cluster_5;CN_HAP1=0;CN_HAP2=0;SUBCLONAL=n;COMPLEX=y	chr11	125661474	E_SV_177	SVTYPE=BND;SVTYPE=CHROMOPLEXY;MATEID=SV_54;EVENT=cluster_5;CN_HAP1=1;CN_HAP2=1;SUBCLONAL=n;COMPLEX=y	BND	-1	*	E_Unknown source_54	['A_Severus_v1.6_87', 'B_Severus_v1.6_196', 'C_Severus_v1.6_59', 'D_Severus_v1.6_121', 'E_Unknown source_54']	True	True	True	True	True
chr6	157972805	E_SV_56	SVTYPE=BND;SVTYPE=CHROMOPLEXY;MATEID=SV_178;EVENT=cluster_5;CIPOS=0,1;HOMLEN=1;HOMSEQ=G;CN_HAP1=0;CN_HAP2=1;SUBCLONAL=n;COMPLEX=y	chr11	105902638	E_SV_178	SVTYPE=BND;SVTYPE=CHROMOPLEXY;MATEID=SV_56;EVENT=cluster_5;CIPOS=0,1;HOMLEN=1;HOMSEQ=G;CN_HAP1=1;CN_HAP2=1;SUBCLONAL=n;COMPLEX=y	BND	-1	*	E_Unknown source_55	['A_Severus_v1.6_88', 'B_Severus_v1.6_197', 'C_Severus_v1.6_60', 'D_Severus_v1.6_122', 'E_Unknown source_55']	True	True	True	True	True
chr7	361636	E_SV_57	SVTYPE=BND;SVTYPE=INV;MATEID=SV_191;EVENT=cluster_9;CIPOS=-310,301;CN_HAP1=1;CN_HAP2=1;SUBCLONAL=n;COMPLEX=y	chr7	35959031	E_SV_191	SVTYPE=BND;SVTYPE=INV;MATEID=SV_57;EVENT=cluster_9;CN_HAP1=1;CN_HAP2=0;SUBCLONAL=n;COMPLEX=y	BND	35597395	*	E_Unknown source_56	['A_Severus_v1.6_92', 'B_Severus_v1.6_200', 'C_Severus_v1.6_61', 'D_Severus_v1.6_125', 'E_Unknown source_56']	True	True	True	True	True
chr7	361636	E_SV_58	SVTYPE=BND;SVTYPE=INV;MATEID=SV_192;EVENT=cluster_9;CIPOS=-310,301;CN_HAP1=1;CN_HAP2=1;SUBCLONAL=n;COMPLEX=y	chr7	35959033	E_SV_192	SVTYPE=BND;SVTYPE=INV;MATEID=SV_58;EVENT=cluster_9;CN_HAP1=1;CN_HAP2=1;SUBCLONAL=n;COMPLEX=y	BND	35597397	*	E_Unknown source_57	['A_Severus_v1.6_93', 'B_Severus_v1.6_201', 'E_Unknown source_57']	True	True	True	False	False
chr7	4824648	E_SV_59	SVTYPE=DUP;SVTYPE=DUP:TANDEM;SVLEN=2977864;END=7802512;EVENT=cluster_13;SVCLAIM=DJ;CIPOS=0,3;CIEND=0,3;HOMLEN=3;HOMSEQ=GAG;CN=1,2;CN_HAP1=1;CN_HAP2=2;SUBCLONAL=n;COMPLEX=n	chr7	7802512	E_SV_59	SVTYPE=DUP;SVTYPE=DUP:TANDEM;SVLEN=2977864;END=7802512;EVENT=cluster_13;SVCLAIM=DJ;CIPOS=0,3;CIEND=0,3;HOMLEN=3;HOMSEQ=GAG;CN=1,2;CN_HAP1=1;CN_HAP2=2;SUBCLONAL=n;COMPLEX=n	DUP	2977864	*	E_Unknown source_58	['A_Severus_v1.6_95', 'B_Severus_v1.6_203', 'C_Severus_v1.6_62', 'D_Severus_v1.6_127', 'E_Unknown source_58']	True	True	True	True	True
chr7	6404812	E_SV_60	SVTYPE=DEL;SVTYPE=DEL;SVLEN=-1217;END=6406029;EVENT=cluster_13;SVCLAIM=DJ;CIPOS=0,3;CIEND=0,3;HOMLEN=3;HOMSEQ=GTG;CN=1,1;CN_HAP1=1;CN_HAP2=1;SUBCLONAL=n;COMPLEX=y	chr7	6406029	E_SV_60	SVTYPE=DEL;SVTYPE=DEL;SVLEN=-1217;END=6406029;EVENT=cluster_13;SVCLAIM=DJ;CIPOS=0,3;CIEND=0,3;HOMLEN=3;HOMSEQ=GTG;CN=1,1;CN_HAP1=1;CN_HAP2=1;SUBCLONAL=n;COMPLEX=y	DEL	1217	*	E_Unknown source_59	['A_Severus_v1.6_96', 'B_Severus_v1.6_204', 'C_Severus_v1.6_63', 'D_Severus_v1.6_128', 'E_Unknown source_59']	True	True	True	True	True
chr7	6408188	E_SV_61	SVTYPE=DEL;SVTYPE=DEL;SVLEN=-62;END=6408254;EVENT=cluster_13;SVCLAIM=DJ;CN=1,1;CN_HAP1=1;CN_HAP2=1;SUBCLONAL=n;COMPLEX=y	chr7	6408250	E_SV_61	SVTYPE=DEL;SVTYPE=DEL;SVLEN=-62;END=6408254;EVENT=cluster_13;SVCLAIM=DJ;CN=1,1;CN_HAP1=1;CN_HAP2=1;SUBCLONAL=n;COMPLEX=y	DEL	62	*	E_Unknown source_60	['A_Severus_v1.6_97', 'B_Severus_v1.6_205', 'C_Severus_v1.6_64', 'D_Severus_v1.6_129', 'E_Unknown source_60']	True	True	True	True	True
chr7	19196736	E_SV_62	SVTYPE=DEL;SVTYPE=DEL;SVLEN=-419;END=19197155;SVCLAIM=DJ;CIPOS=0,3;HOMLEN=3;HOMSEQ=AGA;CN=0,1;CN_HAP1=0;CN_HAP2=1;SUBCLONAL=n;COMPLEX=n	chr7	19197155	E_SV_62	SVTYPE=DEL;SVTYPE=DEL;SVLEN=-419;END=19197155;SVCLAIM=DJ;CIPOS=0,3;HOMLEN=3;HOMSEQ=AGA;CN=0,1;CN_HAP1=0;CN_HAP2=1;SUBCLONAL=n;COMPLEX=n	DEL	419	*	E_Unknown source_61	['C_Severus_v1.6_66', 'E_Unknown source_61']	True	False	False	True	False
chr7	33377466	E_SV_63	SVTYPE=DUP;SVTYPE=DUP:TANDEM;SVLEN=104525;END=33481991;SVCLAIM=DJ;CIPOS=0,1;CIEND=0,1;HOMLEN=1;HOMSEQ=T;CN=1,2;CN_HAP1=1;CN_HAP2=2;SUBCLONAL=n;COMPLEX=n	chr7	33481991	E_SV_63	SVTYPE=DUP;SVTYPE=DUP:TANDEM;SVLEN=104525;END=33481991;SVCLAIM=DJ;CIPOS=0,1;CIEND=0,1;HOMLEN=1;HOMSEQ=T;CN=1,2;CN_HAP1=1;CN_HAP2=2;SUBCLONAL=n;COMPLEX=n	DUP	104525	*	E_Unknown source_62	['A_Severus_v1.6_99', 'B_Severus_v1.6_208', 'C_Severus_v1.6_67', 'D_Severus_v1.6_134', 'E_Unknown source_62']	True	True	True	True	True
chr8	3671496	E_SV_69	SVTYPE=DEL;SVTYPE=CNV:TR;SVLEN=-78;END=3671574;CIPOS=0,16;HOMLEN=16;HOMSEQ=ATATATATATATATAT;CN_HAP1=0;CN_HAP2=0;SUBCLONAL=n;COMPLEX=n	chr8	3671574	E_SV_69	SVTYPE=DEL;SVTYPE=CNV:TR;SVLEN=-78;END=3671574;CIPOS=0,16;HOMLEN=16;HOMSEQ=ATATATATATATATAT;CN_HAP1=0;CN_HAP2=0;SUBCLONAL=n;COMPLEX=n	DEL	78	*	E_Unknown source_65	['A_Severus_v1.6_114', 'C_Severus_v1.6_73', 'E_Unknown source_65']	True	True	False	True	False
chr8	67457351	E_SV_70	SVTYPE=DEL;SVTYPE=DEL;SVLEN=-112;END=67457463;SVCLAIM=DJ;CIPOS=0,1;HOMLEN=1;HOMSEQ=A;CN=0,1;CN_HAP1=0;CN_HAP2=1;SUBCLONAL=n;COMPLEX=n	chr8	67457463	E_SV_70	SVTYPE=DEL;SVTYPE=DEL;SVLEN=-112;END=67457463;SVCLAIM=DJ;CIPOS=0,1;HOMLEN=1;HOMSEQ=A;CN=0,1;CN_HAP1=0;CN_HAP2=1;SUBCLONAL=n;COMPLEX=n	DEL	112	*	E_Unknown source_66	['A_Severus_v1.6_117', 'B_Severus_v1.6_240', 'C_Severus_v1.6_74', 'D_Severus_v1.6_139', 'E_Unknown source_66']	True	True	True	True	True
chr8	75063364	E_SV_71	SVTYPE=DEL;SVTYPE=DEL;SVLEN=-4573;END=75067937;SVCLAIM=DJ;CN=0,1;CN_HAP1=0;CN_HAP2=1;SUBCLONAL=n;COMPLEX=n	chr8	75067937	E_SV_71	SVTYPE=DEL;SVTYPE=DEL;SVLEN=-4573;END=75067937;SVCLAIM=DJ;CN=0,1;CN_HAP1=0;CN_HAP2=1;SUBCLONAL=n;COMPLEX=n	DEL	4573	*	E_Unknown source_67	['A_Severus_v1.6_118', 'B_Severus_v1.6_241', 'C_Severus_v1.6_75', 'D_Severus_v1.6_140', 'E_Unknown source_67']	True	True	True	True	True
chr8	104941340	E_SV_73	SVTYPE=INS;SVTYPE=INS:ME;SVLEN=387;CIPOS=0,14;HOMLEN=14;HOMSEQ=CATAGTTACTTTTA;CN_HAP1=1;CN_HAP2=1;SUBCLONAL=n;COMPLEX=n	chr8	104941727	E_SV_73	SVTYPE=INS;SVTYPE=INS:ME;SVLEN=387;CIPOS=0,14;HOMLEN=14;HOMSEQ=CATAGTTACTTTTA;CN_HAP1=1;CN_HAP2=1;SUBCLONAL=n;COMPLEX=n	INS	387	*	E_Unknown source_68	['A_Severus_v1.6_119', 'B_Severus_v1.6_247', 'C_Severus_v1.6_76', 'D_Severus_v1.6_145', 'E_Unknown source_68']	True	True	True	True	True
chr8	107947965	E_SV_74	SVTYPE=INS;SVTYPE=INS:ME;SVLEN=564;CIPOS=0,16;CIEND=0,16;HOMLEN=16;HOMSEQ=AATGATCTCCCTTTTT;CN_HAP1=1;CN_HAP2=1;SUBCLONAL=n;COMPLEX=n	chr8	107948529	E_SV_74	SVTYPE=INS;SVTYPE=INS:ME;SVLEN=564;CIPOS=0,16;CIEND=0,16;HOMLEN=16;HOMSEQ=AATGATCTCCCTTTTT;CN_HAP1=1;CN_HAP2=1;SUBCLONAL=n;COMPLEX=n	INS	564	*	E_Unknown source_69	['B_Severus_v1.6_248', 'C_Severus_v1.6_77', 'D_Severus_v1.6_146', 'E_Unknown source_69']	True	False	True	True	True
chr9	21952492	E_SV_75	SVTYPE=DEL;SVTYPE=DEL;SVLEN=-19851;END=21972343;SVCLAIM=DJ;CIPOS=0,5;CIEND=0,5;HOMLEN=5;HOMSEQ=AGGGA;CN=0,0;CN_HAP1=0;CN_HAP2=0;SUBCLONAL=n;COMPLEX=n	chr9	21972343	E_SV_75	SVTYPE=DEL;SVTYPE=DEL;SVLEN=-19851;END=21972343;SVCLAIM=DJ;CIPOS=0,5;CIEND=0,5;HOMLEN=5;HOMSEQ=AGGGA;CN=0,0;CN_HAP1=0;CN_HAP2=0;SUBCLONAL=n;COMPLEX=n	DEL	19851	*	E_Unknown source_70	['A_Severus_v1.6_120', 'B_Severus_v1.6_252', 'C_Severus_v1.6_78', 'D_Severus_v1.6_150', 'E_Unknown source_70']	True	True	True	True	True
chr9	22631432	E_SV_76	SVTYPE=DUP;SVTYPE=DUP:TANDEM;SVLEN=308438;END=22939870;SVCLAIM=DJ;CIPOS=0,2;CIEND=0,2;HOMLEN=2;HOMSEQ=CA;CN=0,2;CN_HAP1=0;CN_HAP2=2;SUBCLONAL=n;COMPLEX=n	chr9	22939870	E_SV_76	SVTYPE=DUP;SVTYPE=DUP:TANDEM;SVLEN=308438;END=22939870;SVCLAIM=DJ;CIPOS=0,2;CIEND=0,2;HOMLEN=2;HOMSEQ=CA;CN=0,2;CN_HAP1=0;CN_HAP2=2;SUBCLONAL=n;COMPLEX=n	DUP	308438	*	E_Unknown source_71	['A_Severus_v1.6_121', 'B_Severus_v1.6_253', 'C_Severus_v1.6_79', 'D_Severus_v1.6_151', 'E_Unknown source_71']	True	True	True	True	True
chr10	5551881	E_SV_78	SVTYPE=DUP;SVTYPE=DUP:TANDEM;SVLEN=256564;END=5808445;SVCLAIM=DJ;CIPOS=0,1;CIEND=0,1;HOMLEN=1;HOMSEQ=G;CN=1,2;CN_HAP1=1;CN_HAP2=2;SUBCLONAL=n;COMPLEX=n	chr10	5808445	E_SV_78	SVTYPE=DUP;SVTYPE=DUP:TANDEM;SVLEN=256564;END=5808445;SVCLAIM=DJ;CIPOS=0,1;CIEND=0,1;HOMLEN=1;HOMSEQ=G;CN=1,2;CN_HAP1=1;CN_HAP2=2;SUBCLONAL=n;COMPLEX=n	DUP	256564	*	E_Unknown source_72	['A_Severus_v1.6_124', 'B_Severus_v1.6_274', 'C_Severus_v1.6_80', 'D_Severus_v1.6_155', 'E_Unknown source_72']	True	True	True	True	True
chr10	20233384	E_SV_79	SVTYPE=DEL;SVTYPE=DEL;SVLEN=-5159;END=20238543;SVCLAIM=DJ;CIPOS=0,3;CIEND=0,3;HOMLEN=3;HOMSEQ=GGC;CN=0,1;CN_HAP1=1;CN_HAP2=0;SUBCLONAL=n;COMPLEX=n	chr10	20238543	E_SV_79	SVTYPE=DEL;SVTYPE=DEL;SVLEN=-5159;END=20238543;SVCLAIM=DJ;CIPOS=0,3;CIEND=0,3;HOMLEN=3;HOMSEQ=GGC;CN=0,1;CN_HAP1=1;CN_HAP2=0;SUBCLONAL=n;COMPLEX=n	DEL	5159	*	E_Unknown source_73	['A_Severus_v1.6_125', 'B_Severus_v1.6_277', 'C_Severus_v1.6_82', 'D_Severus_v1.6_157', 'E_Unknown source_73']	True	True	True	True	True
chr10	25515229	E_SV_80	SVTYPE=INS;SVTYPE=INS:ME;SVLEN=586;END=25515229;CIPOS=0,12;CIEND=0,12;HOMLEN=12;HOMSEQ=AAAAGCCTTGTC;CN_HAP1=1;CN_HAP2=1;SUBCLONAL=n;COMPLEX=n	chr10	25515815	E_SV_80	SVTYPE=INS;SVTYPE=INS:ME;SVLEN=586;END=25515229;CIPOS=0,12;CIEND=0,12;HOMLEN=12;HOMSEQ=AAAAGCCTTGTC;CN_HAP1=1;CN_HAP2=1;SUBCLONAL=n;COMPLEX=n	INS	586	*	E_Unknown source_74	['A_Severus_v1.6_126', 'B_Severus_v1.6_278', 'C_Severus_v1.6_83', 'D_Severus_v1.6_158', 'E_Unknown source_74']	True	True	True	True	True
chr10	34919811	E_SV_81	SVTYPE=DUP;SVTYPE=DUP:TANDEM;SVLEN=183925;END=35103736;SVCLAIM=DJ;CIPOS=0,7;CIEND=0,7;HOMLEN=7;HOMSEQ=GGCATGG;CN=1,2;CN_HAP1=1;CN_HAP2=2;SUBCLONAL=n;COMPLEX=n	chr10	35103736	E_SV_81	SVTYPE=DUP;SVTYPE=DUP:TANDEM;SVLEN=183925;END=35103736;SVCLAIM=DJ;CIPOS=0,7;CIEND=0,7;HOMLEN=7;HOMSEQ=GGCATGG;CN=1,2;CN_HAP1=1;CN_HAP2=2;SUBCLONAL=n;COMPLEX=n	DUP	183925	*	E_Unknown source_75	['A_Severus_v1.6_128', 'B_Severus_v1.6_281', 'C_Severus_v1.6_84', 'D_Severus_v1.6_159', 'E_Unknown source_75']	True	True	True	True	True
chr10	60797723	E_SV_82	SVTYPE=DUP;SVTYPE=DUP:TANDEM;SVLEN=106610;END=60904333;SVCLAIM=DJ;CIPOS=0,3;CIEND=0,3;HOMLEN=3;HOMSEQ=ATA;CN=1,2;CN_HAP1=2;CN_HAP2=1;SUBCLONAL=n;COMPLEX=n	chr10	60904333	E_SV_82	SVTYPE=DUP;SVTYPE=DUP:TANDEM;SVLEN=106610;END=60904333;SVCLAIM=DJ;CIPOS=0,3;CIEND=0,3;HOMLEN=3;HOMSEQ=ATA;CN=1,2;CN_HAP1=2;CN_HAP2=1;SUBCLONAL=n;COMPLEX=n	DUP	106610	*	E_Unknown source_76	['A_Severus_v1.6_129', 'B_Severus_v1.6_291', 'C_Severus_v1.6_85', 'D_Severus_v1.6_161', 'E_Unknown source_76']	True	True	True	True	True
chr10	67470511	E_SV_83	SVTYPE=DUP;SVTYPE=DUP:TANDEM;SVLEN=740988;END=68211499;SVCLAIM=DJ;CIPOS=0,2;CIEND=0,2;HOMLEN=2;HOMSEQ=GT;CN=1,2;CN_HAP1=1;CN_HAP2=2;SUBCLONAL=n;COMPLEX=n	chr10	68211499	E_SV_83	SVTYPE=DUP;SVTYPE=DUP:TANDEM;SVLEN=740988;END=68211499;SVCLAIM=DJ;CIPOS=0,2;CIEND=0,2;HOMLEN=2;HOMSEQ=GT;CN=1,2;CN_HAP1=1;CN_HAP2=2;SUBCLONAL=n;COMPLEX=n	DUP	740988	*	E_Unknown source_77	['A_Severus_v1.6_130', 'B_Severus_v1.6_292', 'C_Severus_v1.6_86', 'D_Severus_v1.6_162', 'E_Unknown source_77']	True	True	True	True	True
chr10	93279155	E_SV_84	SVTYPE=DUP;SVTYPE=DUP:TANDEM;SVLEN=1443432;END=94722587;SVCLAIM=DJ;CN=1,2;CN_HAP1=2;CN_HAP2=1;SUBCLONAL=n;COMPLEX=n	chr10	94722587	E_SV_84	SVTYPE=DUP;SVTYPE=DUP:TANDEM;SVLEN=1443432;END=94722587;SVCLAIM=DJ;CN=1,2;CN_HAP1=2;CN_HAP2=1;SUBCLONAL=n;COMPLEX=n	DUP	1443432	*	E_Unknown source_78	['A_Severus_v1.6_131', 'B_Severus_v1.6_296', 'C_Severus_v1.6_88', 'E_Unknown source_78']	True	True	True	True	False
chr10	122835344	E_SV_85	SVTYPE=DEL;SVTYPE=DEL;SVLEN=-1798;END=122837142;SVCLAIM=DJ;CIPOS=0,1;CIEND=0,1;HOMLEN=1;HOMSEQ=T;CN=0,1;CN_HAP1=1;CN_HAP2=0;SUBCLONAL=n;COMPLEX=n	chr10	122837142	E_SV_85	SVTYPE=DEL;SVTYPE=DEL;SVLEN=-1798;END=122837142;SVCLAIM=DJ;CIPOS=0,1;CIEND=0,1;HOMLEN=1;HOMSEQ=T;CN=0,1;CN_HAP1=1;CN_HAP2=0;SUBCLONAL=n;COMPLEX=n	DEL	1798	*	E_Unknown source_79	['A_Severus_v1.6_132', 'B_Severus_v1.6_298', 'C_Severus_v1.6_89', 'D_Severus_v1.6_166', 'E_Unknown source_79']	True	True	True	True	True
chr10	123543388	E_SV_86	SVTYPE=DEL;SVTYPE=DEL;SVLEN=-215;END=123543603;SVCLAIM=DJ;CIPOS=0,1;HOMLEN=1;HOMSEQ=A;CN=0,1;CN_HAP1=1;CN_HAP2=0;SUBCLONAL=n;COMPLEX=n	chr10	123543603	E_SV_86	SVTYPE=DEL;SVTYPE=DEL;SVLEN=-215;END=123543603;SVCLAIM=DJ;CIPOS=0,1;HOMLEN=1;HOMSEQ=A;CN=0,1;CN_HAP1=1;CN_HAP2=0;SUBCLONAL=n;COMPLEX=n	DEL	215	*	E_Unknown source_80	['A_Severus_v1.6_133', 'B_Severus_v1.6_299', 'C_Severus_v1.6_90', 'D_Severus_v1.6_167', 'E_Unknown source_80']	True	True	True	True	True
chr10	132505618	E_SV_227	SVTYPE=DEL;SVTYPE=CNV:TR;SVLEN=-132;END=132505750;CIPOS=-359,956;CIEND=-359,956;CN_HAP1=1;CN_HAP2=0;SUBCLONAL=n;COMPLEX=n	chr10	132505750	E_SV_227	SVTYPE=DEL;SVTYPE=CNV:TR;SVLEN=-132;END=132505750;CIPOS=-359,956;CIEND=-359,956;CN_HAP1=1;CN_HAP2=0;SUBCLONAL=n;COMPLEX=n	DEL	132	*	E_Unknown source_81	['E_Unknown source_81']	True	False	False	False	False
chr10	132826517	E_SV_236	SVTYPE=DEL;SVTYPE=CNV:TR;SVLEN=-76;END=132826593;CIPOS=-174,144;CIEND=-174,144;CN_HAP1=0;CN_HAP2=1;SUBCLONAL=n;COMPLEX=n	chr10	132826593	E_SV_236	SVTYPE=DEL;SVTYPE=CNV:TR;SVLEN=-76;END=132826593;CIPOS=-174,144;CIEND=-174,144;CN_HAP1=0;CN_HAP2=1;SUBCLONAL=n;COMPLEX=n	DEL	76	*	E_Unknown source_82	['E_Unknown source_82']	True	False	False	False	False
chr11	33692823	E_SV_87	SVTYPE=DUP;SVTYPE=DUP:TANDEM;SVLEN=1490866;END=35183689;SVCLAIM=DJ;CN=1,2;CN_HAP1=2;CN_HAP2=1;SUBCLONAL=n;COMPLEX=n	chr11	35183689	E_SV_87	SVTYPE=DUP;SVTYPE=DUP:TANDEM;SVLEN=1490866;END=35183689;SVCLAIM=DJ;CN=1,2;CN_HAP1=2;CN_HAP2=1;SUBCLONAL=n;COMPLEX=n	DUP	1490866	*	E_Unknown source_83	['A_Severus_v1.6_136', 'B_Severus_v1.6_308', 'C_Severus_v1.6_91', 'D_Severus_v1.6_176', 'E_Unknown source_83']	True	True	True	True	True
chr11	42923973	E_SV_88	SVTYPE=INS;SVTYPE=INS:ME;SVLEN=1333;END=42923973;CIPOS=0,6;CIEND=0,6;HOMLEN=6;HOMSEQ=ATTCTT;CN_HAP1=1;CN_HAP2=1;SUBCLONAL=n;COMPLEX=n	chr11	42925306	E_SV_88	SVTYPE=INS;SVTYPE=INS:ME;SVLEN=1333;END=42923973;CIPOS=0,6;CIEND=0,6;HOMLEN=6;HOMSEQ=ATTCTT;CN_HAP1=1;CN_HAP2=1;SUBCLONAL=n;COMPLEX=n	INS	1333	*	E_Unknown source_84	['A_Severus_v1.6_137', 'B_Severus_v1.6_309', 'C_Severus_v1.6_92', 'D_Severus_v1.6_177', 'E_Unknown source_84']	True	True	True	True	True
chr11	58991970	E_SV_89	SVTYPE=DEL;SVTYPE=DEL;SVLEN=-64429;END=59056399;SVCLAIM=DJ;CIPOS=0,1;CIEND=0,1;HOMLEN=1;HOMSEQ=C;CN=0,1;CN_HAP1=1;CN_HAP2=0;SUBCLONAL=n;COMPLEX=n	chr11	59056399	E_SV_89	SVTYPE=DEL;SVTYPE=DEL;SVLEN=-64429;END=59056399;SVCLAIM=DJ;CIPOS=0,1;CIEND=0,1;HOMLEN=1;HOMSEQ=C;CN=0,1;CN_HAP1=1;CN_HAP2=0;SUBCLONAL=n;COMPLEX=n	DEL	64429	*	E_Unknown source_85	['A_Severus_v1.6_138', 'B_Severus_v1.6_321', 'C_Severus_v1.6_93', 'D_Severus_v1.6_178', 'E_Unknown source_85']	True	True	True	True	True
chr11	68232232	E_SV_91	SVTYPE=BND;SVTYPE=INV;MATEID=SV_92;EVENT=cluster_1;CN_HAP1=1;CN_HAP2=2;SUBCLONAL=n;COMPLEX=y	chr11	68233057	E_SV_92	SVTYPE=BND;SVTYPE=INV;MATEID=SV_91;EVENT=cluster_1;CN_HAP1=1;CN_HAP2=1;SUBCLONAL=n;COMPLEX=y	BND	825	*	E_Unknown source_87	['C_Severus_v1.6_96', 'D_Severus_v1.6_183', 'E_Unknown source_87']	True	False	False	True	True
chr11	69212123	E_SV_94	SVTYPE=DUP;SVTYPE=DUP:TANDEM;SVLEN=364954;END=69577077;SVCLAIM=DJ;CIPOS=0,3;CIEND=0,3;HOMLEN=3;HOMSEQ=AAC;CN=1,2;CN_HAP1=1;CN_HAP2=2;SUBCLONAL=n;COMPLEX=n	chr11	69577077	E_SV_94	SVTYPE=DUP;SVTYPE=DUP:TANDEM;SVLEN=364954;END=69577077;SVCLAIM=DJ;CIPOS=0,3;CIEND=0,3;HOMLEN=3;HOMSEQ=AAC;CN=1,2;CN_HAP1=1;CN_HAP2=2;SUBCLONAL=n;COMPLEX=n	DUP	364954	*	E_Unknown source_90	['A_Severus_v1.6_143', 'B_Severus_v1.6_327', 'C_Severus_v1.6_99', 'D_Severus_v1.6_186', 'E_Unknown source_90']	True	True	True	True	True
chr11	95796274	E_SV_95	SVTYPE=DEL;SVTYPE=DEL;SVLEN=-5834;END=95802108;SVCLAIM=DJ;CIPOS=0,2;CIEND=0,2;HOMLEN=2;HOMSEQ=TG;CN=0,1;CN_HAP1=0;CN_HAP2=1;SUBCLONAL=n;COMPLEX=n	chr11	95802108	E_SV_95	SVTYPE=DEL;SVTYPE=DEL;SVLEN=-5834;END=95802108;SVCLAIM=DJ;CIPOS=0,2;CIEND=0,2;HOMLEN=2;HOMSEQ=TG;CN=0,1;CN_HAP1=0;CN_HAP2=1;SUBCLONAL=n;COMPLEX=n	DEL	5834	*	E_Unknown source_91	['A_Severus_v1.6_144', 'B_Severus_v1.6_331', 'C_Severus_v1.6_100', 'D_Severus_v1.6_188', 'E_Unknown source_91']	True	True	True	True	True
chr11	105902632	E_SV_96	SVTYPE=BND;SVTYPE=INV;MATEID=SV_179;EVENT=cluster_5;CIPOS=-1,1;CIEND=-1,1;HOMLEN=2;HOMSEQ=GC;CN_HAP1=1;CN_HAP2=1;SUBCLONAL=n;COMPLEX=y	chr11	105903169	E_SV_179	SVTYPE=BND;SVTYPE=INV;MATEID=SV_96;EVENT=cluster_5;CIPOS=-1,1;CIEND=-1,1;HOMLEN=2;HOMSEQ=GC;CN_HAP1=1;CN_HAP2=1;SUBCLONAL=n;COMPLEX=y	BND	537	*	E_Unknown source_92	['A_Severus_v1.6_145', 'B_Severus_v1.6_333', 'C_Severus_v1.6_101', 'D_Severus_v1.6_190', 'E_Unknown source_92']	True	True	True	True	True
chr11	130986347	E_SV_97	SVTYPE=DEL;SVTYPE=DEL;SVLEN=-177;END=130986524;SVCLAIM=DJ;CIPOS=0,4;HOMLEN=4;HOMSEQ=AAGA;CN=0,1;CN_HAP1=0;CN_HAP2=1;SUBCLONAL=n;COMPLEX=n	chr11	130986524	E_SV_97	SVTYPE=DEL;SVTYPE=DEL;SVLEN=-177;END=130986524;SVCLAIM=DJ;CIPOS=0,4;HOMLEN=4;HOMSEQ=AAGA;CN=0,1;CN_HAP1=0;CN_HAP2=1;SUBCLONAL=n;COMPLEX=n	DEL	177	*	E_Unknown source_96	['A_Severus_v1.6_152', 'B_Severus_v1.6_338', 'C_Severus_v1.6_107', 'D_Severus_v1.6_194', 'E_Unknown source_96']	True	True	True	True	True
chr12	7380776	E_SV_99	SVTYPE=INS;SVTYPE=INS:ME;SVLEN=216;END=7380776;CN_HAP1=1;CN_HAP2=1;SUBCLONAL=n;COMPLEX=n	chr12	7380992	E_SV_99	SVTYPE=INS;SVTYPE=INS:ME;SVLEN=216;END=7380776;CN_HAP1=1;CN_HAP2=1;SUBCLONAL=n;COMPLEX=n	INS	216	*	E_Unknown source_97	['A_Severus_v1.6_154', 'B_Severus_v1.6_341', 'C_Severus_v1.6_108', 'D_Severus_v1.6_197', 'E_Unknown source_97']	True	True	True	True	True
chr12	16630818	E_SV_100	SVTYPE=INS;SVTYPE=INS:ME;SVLEN=267;END=16630818;CIPOS=0,9;CIEND=0,9;HOMLEN=9;HOMSEQ=AAAGATCAT;CN_HAP1=1;CN_HAP2=1;SUBCLONAL=n;COMPLEX=n	chr12	16631085	E_SV_100	SVTYPE=INS;SVTYPE=INS:ME;SVLEN=267;END=16630818;CIPOS=0,9;CIEND=0,9;HOMLEN=9;HOMSEQ=AAAGATCAT;CN_HAP1=1;CN_HAP2=1;SUBCLONAL=n;COMPLEX=n	INS	267	*	E_Unknown source_98	['A_Severus_v1.6_156', 'B_Severus_v1.6_361', 'C_Severus_v1.6_109', 'D_Severus_v1.6_201', 'E_Unknown source_98']	True	True	True	True	True
chr12	24759758	E_SV_101	SVTYPE=DUP;SVTYPE=DUP:TANDEM;SVLEN=1946362;END=26706120;SVCLAIM=DJ;CIPOS=0,1;CIEND=0,1;HOMLEN=1;HOMSEQ=C;CN=1,2;CN_HAP1=2;CN_HAP2=1;SUBCLONAL=n;COMPLEX=n	chr12	26706120	E_SV_101	SVTYPE=DUP;SVTYPE=DUP:TANDEM;SVLEN=1946362;END=26706120;SVCLAIM=DJ;CIPOS=0,1;CIEND=0,1;HOMLEN=1;HOMSEQ=C;CN=1,2;CN_HAP1=2;CN_HAP2=1;SUBCLONAL=n;COMPLEX=n	DUP	1946362	*	E_Unknown source_99	['A_Severus_v1.6_157', 'B_Severus_v1.6_366', 'C_Severus_v1.6_110', 'D_Severus_v1.6_202', 'E_Unknown source_99']	True	True	True	True	True
chr12	40668214	E_SV_102	SVTYPE=DEL;SVTYPE=DEL;SVLEN=-75;END=40668289;SVCLAIM=DJ;CIPOS=0,2;HOMLEN=2;HOMSEQ=TT;CN=0,0;CN_HAP1=0;CN_HAP2=0;SUBCLONAL=n;COMPLEX=n	chr12	40668289	E_SV_102	SVTYPE=DEL;SVTYPE=DEL;SVLEN=-75;END=40668289;SVCLAIM=DJ;CIPOS=0,2;HOMLEN=2;HOMSEQ=TT;CN=0,0;CN_HAP1=0;CN_HAP2=0;SUBCLONAL=n;COMPLEX=n	DEL	75	*	E_Unknown source_100	['A_Severus_v1.6_159', 'B_Severus_v1.6_368', 'C_Severus_v1.6_112', 'D_Severus_v1.6_203', 'E_Unknown source_100']	True	True	True	True	True
chr12	44015149	E_SV_103	SVTYPE=DUP;SVTYPE=DUP:TANDEM;SVLEN=316633;END=44331782;SVCLAIM=DJ;CN=0,2;CN_HAP1=0;CN_HAP2=2;SUBCLONAL=n;COMPLEX=n	chr12	44331782	E_SV_103	SVTYPE=DUP;SVTYPE=DUP:TANDEM;SVLEN=316633;END=44331782;SVCLAIM=DJ;CN=0,2;CN_HAP1=0;CN_HAP2=2;SUBCLONAL=n;COMPLEX=n	DUP	316633	*	E_Unknown source_101	['A_Severus_v1.6_160', 'B_Severus_v1.6_369', 'C_Severus_v1.6_113', 'D_Severus_v1.6_204', 'E_Unknown source_101']	True	True	True	True	True
chr12	53592499	E_SV_104	SVTYPE=DUP;SVTYPE=DUP:TANDEM;SVLEN=128100;END=53720599;SVCLAIM=DJ;CIPOS=0,3;CIEND=0,3;HOMLEN=3;HOMSEQ=CAT;CN=0,2;CN_HAP1=0;CN_HAP2=2;SUBCLONAL=n;COMPLEX=n	chr12	53720599	E_SV_104	SVTYPE=DUP;SVTYPE=DUP:TANDEM;SVLEN=128100;END=53720599;SVCLAIM=DJ;CIPOS=0,3;CIEND=0,3;HOMLEN=3;HOMSEQ=CAT;CN=0,2;CN_HAP1=0;CN_HAP2=2;SUBCLONAL=n;COMPLEX=n	DUP	128100	*	E_Unknown source_102	['A_Severus_v1.6_161', 'B_Severus_v1.6_370', 'C_Severus_v1.6_114', 'D_Severus_v1.6_205', 'E_Unknown source_102']	True	True	True	True	True
chr12	83211411	E_SV_105	SVTYPE=INS;SVTYPE=INS:ME;SVLEN=512;END=83211413;CN_HAP1=0;CN_HAP2=1;SUBCLONAL=n;COMPLEX=n	chr12	83211923	E_SV_105	SVTYPE=INS;SVTYPE=INS:ME;SVLEN=512;END=83211413;CN_HAP1=0;CN_HAP2=1;SUBCLONAL=n;COMPLEX=n	INS	512	*	E_Unknown source_103	['A_Severus_v1.6_162', 'B_Severus_v1.6_373', 'C_Severus_v1.6_116', 'D_Severus_v1.6_206', 'E_Unknown source_103']	True	True	True	True	True
chr12	106703367	E_SV_106	SVTYPE=DUP;SVTYPE=DUP:TANDEM;SVLEN=15060;END=106718427;SVCLAIM=DJ;CIPOS=0,2;CIEND=0,2;HOMLEN=2;HOMSEQ=TG;CN=0,2;CN_HAP1=0;CN_HAP2=1;SUBCLONAL=n;COMPLEX=n	chr12	106718427	E_SV_106	SVTYPE=DUP;SVTYPE=DUP:TANDEM;SVLEN=15060;END=106718427;SVCLAIM=DJ;CIPOS=0,2;CIEND=0,2;HOMLEN=2;HOMSEQ=TG;CN=0,2;CN_HAP1=0;CN_HAP2=1;SUBCLONAL=n;COMPLEX=n	DUP	15060	*	E_Unknown source_104	['A_Severus_v1.6_163', 'B_Severus_v1.6_380', 'C_Severus_v1.6_117', 'D_Severus_v1.6_208', 'E_Unknown source_104']	True	True	True	True	True
chr12	121442781	E_SV_107	SVTYPE=BND;SVTYPE=TRA:BALANCED;MATEID=SV_198;EVENT=cluster_11;CN_HAP1=0;CN_HAP2=2;SUBCLONAL=n;COMPLEX=n	chr15	40450789	E_SV_198	SVTYPE=BND;SVTYPE=TRA:BALANCED;MATEID=SV_107;EVENT=cluster_11;CN_HAP1=1;CN_HAP2=0;SUBCLONAL=n;COMPLEX=n	BND	-1	*	E_Unknown source_105	['A_Severus_v1.6_164', 'B_Severus_v1.6_381', 'C_Severus_v1.6_118', 'D_Severus_v1.6_209', 'E_Unknown source_105']	True	True	True	True	True
chr12	121442783	E_SV_108	SVTYPE=BND;SVTYPE=TRA:BALANCED;MATEID=SV_199;EVENT=cluster_11;CIPOS=-2,2;HOMLEN=4;HOMSEQ=GGAG;CN_HAP1=0;CN_HAP2=2;SUBCLONAL=n;COMPLEX=n	chr15	40450793	E_SV_199	SVTYPE=BND;SVTYPE=TRA:BALANCED;MATEID=SV_108;EVENT=cluster_11;CIPOS=-2,2;HOMLEN=4;HOMSEQ=GGAG;CN_HAP1=1;CN_HAP2=1;SUBCLONAL=n;COMPLEX=n	BND	-1	*	E_Unknown source_106	['A_Severus_v1.6_165', 'B_Severus_v1.6_382', 'C_Severus_v1.6_119', 'D_Severus_v1.6_210', 'E_Unknown source_106']	True	True	True	True	True
chr12	128155614	E_SV_109	SVTYPE=DUP;SVTYPE=DUP:TANDEM;SVLEN=135881;END=128291495;SVCLAIM=DJ;CIPOS=0,3;CIEND=0,3;HOMLEN=3;HOMSEQ=ATG;CN=0,2;CN_HAP1=0;CN_HAP2=2;SUBCLONAL=n;COMPLEX=n	chr12	128291495	E_SV_109	SVTYPE=DUP;SVTYPE=DUP:TANDEM;SVLEN=135881;END=128291495;SVCLAIM=DJ;CIPOS=0,3;CIEND=0,3;HOMLEN=3;HOMSEQ=ATG;CN=0,2;CN_HAP1=0;CN_HAP2=2;SUBCLONAL=n;COMPLEX=n	DUP	135881	*	E_Unknown source_107	['A_Severus_v1.6_166', 'B_Severus_v1.6_384', 'C_Severus_v1.6_120', 'D_Severus_v1.6_212', 'E_Unknown source_107']	True	True	True	True	True
chr13	39536625	E_SV_110	SVTYPE=DEL;SVTYPE=DEL;SVLEN=-1587;END=39538212;SVCLAIM=DJ;CIPOS=0,3;CIEND=0,3;HOMLEN=3;HOMSEQ=CTC;CN=0,1;CN_HAP1=1;CN_HAP2=0;SUBCLONAL=n;COMPLEX=n	chr13	39538212	E_SV_110	SVTYPE=DEL;SVTYPE=DEL;SVLEN=-1587;END=39538212;SVCLAIM=DJ;CIPOS=0,3;CIEND=0,3;HOMLEN=3;HOMSEQ=CTC;CN=0,1;CN_HAP1=1;CN_HAP2=0;SUBCLONAL=n;COMPLEX=n	DEL	1587	*	E_Unknown source_108	['A_Severus_v1.6_169', 'B_Severus_v1.6_389', 'C_Severus_v1.6_122', 'D_Severus_v1.6_216', 'E_Unknown source_108']	True	True	True	True	True
chr13	50263171	E_SV_233	SVTYPE=INS;SVTYPE=CNV:TR;SVLEN=71;END=50263176;CIPOS=-2,69;CIEND=-2,69;CN_HAP1=1;CN_HAP2=1;SUBCLONAL=n;COMPLEX=n	chr13	50263242	E_SV_233	SVTYPE=INS;SVTYPE=CNV:TR;SVLEN=71;END=50263176;CIPOS=-2,69;CIEND=-2,69;CN_HAP1=1;CN_HAP2=1;SUBCLONAL=n;COMPLEX=n	INS	71	*	E_Unknown source_109	['E_Unknown source_109']	True	False	False	False	False
chr13	66842467	E_SV_112	SVTYPE=DEL;SVTYPE=DEL;SVLEN=-6293605;END=73136072;SVCLAIM=DJ;CN=0,1;CN_HAP1=1;CN_HAP2=0;SUBCLONAL=n;COMPLEX=n	chr13	73136072	E_SV_112	SVTYPE=DEL;SVTYPE=DEL;SVLEN=-6293605;END=73136072;SVCLAIM=DJ;CN=0,1;CN_HAP1=1;CN_HAP2=0;SUBCLONAL=n;COMPLEX=n	DEL	6293605	*	E_Unknown source_110	['A_Severus_v1.6_171', 'B_Severus_v1.6_394', 'C_Severus_v1.6_123', 'D_Severus_v1.6_218', 'E_Unknown source_110']	True	True	True	True	True
chr14	30938120	E_SV_114	SVTYPE=DUP;SVTYPE=DUP:TANDEM;SVLEN=309668;END=31247788;SVCLAIM=DJ;CIPOS=0,3;CIEND=0,3;HOMLEN=3;HOMSEQ=TTT;CN=1,2;CN_HAP1=1;CN_HAP2=2;SUBCLONAL=n;COMPLEX=y	chr14	31247788	E_SV_114	SVTYPE=DUP;SVTYPE=DUP:TANDEM;SVLEN=309668;END=31247788;SVCLAIM=DJ;CIPOS=0,3;CIEND=0,3;HOMLEN=3;HOMSEQ=TTT;CN=1,2;CN_HAP1=1;CN_HAP2=2;SUBCLONAL=n;COMPLEX=y	DUP	309668	*	E_Unknown source_112	['A_Severus_v1.6_174', 'B_Severus_v1.6_402', 'C_Severus_v1.6_127', 'D_Severus_v1.6_225', 'E_Unknown source_112']	True	True	True	True	True
chr14	60918508	E_SV_115	SVTYPE=DEL;SVTYPE=DEL;SVLEN=-63;END=60918571;SVCLAIM=DJ;CIPOS=0,3;HOMLEN=3;HOMSEQ=ATT;CN=0,1;CN_HAP1=0;CN_HAP2=1;SUBCLONAL=n;COMPLEX=n	chr14	60918571	E_SV_115	SVTYPE=DEL;SVTYPE=DEL;SVLEN=-63;END=60918571;SVCLAIM=DJ;CIPOS=0,3;HOMLEN=3;HOMSEQ=ATT;CN=0,1;CN_HAP1=0;CN_HAP2=1;SUBCLONAL=n;COMPLEX=n	DEL	63	*	E_Unknown source_113	['A_Severus_v1.6_175', 'C_Severus_v1.6_128', 'E_Unknown source_113']	True	True	False	True	False
chr14	60923413	E_SV_116	SVTYPE=DEL;SVTYPE=DEL;SVLEN=-534;END=60923947;SVCLAIM=DJ;CIPOS=0,2;HOMLEN=2;HOMSEQ=AT;CN=0,1;CN_HAP1=1;CN_HAP2=0;SUBCLONAL=n;COMPLEX=n	chr14	60923947	E_SV_116	SVTYPE=DEL;SVTYPE=DEL;SVLEN=-534;END=60923947;SVCLAIM=DJ;CIPOS=0,2;HOMLEN=2;HOMSEQ=AT;CN=0,1;CN_HAP1=1;CN_HAP2=0;SUBCLONAL=n;COMPLEX=n	DEL	534	*	E_Unknown source_114	['A_Severus_v1.6_176', 'B_Severus_v1.6_408', 'C_Severus_v1.6_129', 'D_Severus_v1.6_226', 'E_Unknown source_114']	True	True	True	True	True
chr14	102499943	E_SV_117	SVTYPE=DUP;SVTYPE=DUP:TANDEM;SVLEN=262850;END=102762793;SVCLAIM=DJ;CIPOS=0,2;CIEND=0,2;HOMLEN=2;HOMSEQ=GT;CN=1,2;CN_HAP1=1;CN_HAP2=2;SUBCLONAL=n;COMPLEX=n	chr14	102762793	E_SV_117	SVTYPE=DUP;SVTYPE=DUP:TANDEM;SVLEN=262850;END=102762793;SVCLAIM=DJ;CIPOS=0,2;CIEND=0,2;HOMLEN=2;HOMSEQ=GT;CN=1,2;CN_HAP1=1;CN_HAP2=2;SUBCLONAL=n;COMPLEX=n	DUP	262850	*	E_Unknown source_115	['A_Severus_v1.6_181', 'B_Severus_v1.6_412', 'C_Severus_v1.6_130', 'D_Severus_v1.6_228', 'E_Unknown source_115']	True	True	True	True	True
chr15	24931141	E_SV_118	SVTYPE=DUP;SVTYPE=DUP:TANDEM;SVLEN=73025;END=25004166;SVCLAIM=DJ;CIPOS=0,1;CIEND=0,1;HOMLEN=1;HOMSEQ=T;CN=1,2;CN_HAP1=1;CN_HAP2=1;SUBCLONAL=n;COMPLEX=n	chr15	25004166	E_SV_118	SVTYPE=DUP;SVTYPE=DUP:TANDEM;SVLEN=73025;END=25004166;SVCLAIM=DJ;CIPOS=0,1;CIEND=0,1;HOMLEN=1;HOMSEQ=T;CN=1,2;CN_HAP1=1;CN_HAP2=1;SUBCLONAL=n;COMPLEX=n	DUP	73025	*	E_Unknown source_116	['A_Severus_v1.6_182', 'B_Severus_v1.6_427', 'C_Severus_v1.6_131', 'D_Severus_v1.6_232', 'E_Unknown source_116']	True	True	True	True	True
chr15	31496985	E_SV_119	SVTYPE=DUP;SVTYPE=DUP:TANDEM;SVLEN=140329;END=31637314;SVCLAIM=DJ;CN=1,2;CN_HAP1=2;CN_HAP2=1;SUBCLONAL=n;COMPLEX=n	chr15	31637314	E_SV_119	SVTYPE=DUP;SVTYPE=DUP:TANDEM;SVLEN=140329;END=31637314;SVCLAIM=DJ;CN=1,2;CN_HAP1=2;CN_HAP2=1;SUBCLONAL=n;COMPLEX=n	DUP	140329	*	E_Unknown source_117	['A_Severus_v1.6_183', 'B_Severus_v1.6_429', 'C_Severus_v1.6_132', 'D_Severus_v1.6_233', 'E_Unknown source_117']	True	True	True	True	True
chr15	98348348	E_SV_123	SVTYPE=DUP;SVTYPE=DUP:TANDEM;SVLEN=460879;END=98809227;SVCLAIM=DJ;CIPOS=0,1;CIEND=0,1;HOMLEN=1;HOMSEQ=C;CN=1,2;CN_HAP1=2;CN_HAP2=1;SUBCLONAL=n;COMPLEX=n	chr15	98809227	E_SV_123	SVTYPE=DUP;SVTYPE=DUP:TANDEM;SVLEN=460879;END=98809227;SVCLAIM=DJ;CIPOS=0,1;CIEND=0,1;HOMLEN=1;HOMSEQ=C;CN=1,2;CN_HAP1=2;CN_HAP2=1;SUBCLONAL=n;COMPLEX=n	DUP	460879	*	E_Unknown source_120	['A_Severus_v1.6_188', 'B_Severus_v1.6_435', 'E_Unknown source_120']	True	True	True	False	False
chr16	4484204	E_SV_124	SVTYPE=DUP;SVTYPE=DUP:TANDEM;SVLEN=320029;END=4804233;SVCLAIM=DJ;CIPOS=0,1;CIEND=0,1;HOMLEN=1;HOMSEQ=A;CN=0,2;CN_HAP1=0;CN_HAP2=2;SUBCLONAL=n;COMPLEX=n	chr16	4804233	E_SV_124	SVTYPE=DUP;SVTYPE=DUP:TANDEM;SVLEN=320029;END=4804233;SVCLAIM=DJ;CIPOS=0,1;CIEND=0,1;HOMLEN=1;HOMSEQ=A;CN=0,2;CN_HAP1=0;CN_HAP2=2;SUBCLONAL=n;COMPLEX=n	DUP	320029	*	E_Unknown source_121	['A_Severus_v1.6_191', 'B_Severus_v1.6_436', 'C_Severus_v1.6_137', 'D_Severus_v1.6_240', 'E_Unknown source_121']	True	True	True	True	True
chr16	50928456	E_SV_125	SVTYPE=DEL;SVTYPE=CNV:TR;SVLEN=168;END=50928624;CILEN=0,42;CN_HAP1=0;CN_HAP2=1;SUBCLONAL=n;COMPLEX=y	chr16	50928624	E_SV_125	SVTYPE=DEL;SVTYPE=CNV:TR;SVLEN=168;END=50928624;CILEN=0,42;CN_HAP1=0;CN_HAP2=1;SUBCLONAL=n;COMPLEX=y	DEL	168	*	E_Unknown source_122	['A_Severus_v1.6_195', 'C_Severus_v1.6_139', 'E_Unknown source_122']	True	True	False	True	False
chr16	72462758	E_SV_126	SVTYPE=DUP;SVTYPE=DUP:TANDEM;SVLEN=91031;END=72553789;SVCLAIM=DJ;CIPOS=0,1;CIEND=0,1;HOMLEN=1;HOMSEQ=C;CN=1,2;CN_HAP1=1;CN_HAP2=1;SUBCLONAL=n;COMPLEX=n	chr16	72553789	E_SV_126	SVTYPE=DUP;SVTYPE=DUP:TANDEM;SVLEN=91031;END=72553789;SVCLAIM=DJ;CIPOS=0,1;CIEND=0,1;HOMLEN=1;HOMSEQ=C;CN=1,2;CN_HAP1=1;CN_HAP2=1;SUBCLONAL=n;COMPLEX=n	DUP	91031	*	E_Unknown source_123	['A_Severus_v1.6_196', 'B_Severus_v1.6_446', 'C_Severus_v1.6_140', 'D_Severus_v1.6_245', 'E_Unknown source_123']	True	True	True	True	True
chr16	89166442	E_SV_127	SVTYPE=DEL;SVTYPE=DEL;SVLEN=-78;END=89166520;SVCLAIM=DJ;CIPOS=0,64;HOMLEN=64;HOMSEQ=GATCTGCTGGGGACACAGACCCACGCAGCAGGGGAGAGGACAGACGTCCGGAACTGGGTAGAGA;CN=0,1;CN_HAP1=1;CN_HAP2=0;SUBCLONAL=n;COMPLEX=n	chr16	89166520	E_SV_127	SVTYPE=DEL;SVTYPE=DEL;SVLEN=-78;END=89166520;SVCLAIM=DJ;CIPOS=0,64;HOMLEN=64;HOMSEQ=GATCTGCTGGGGACACAGACCCACGCAGCAGGGGAGAGGACAGACGTCCGGAACTGGGTAGAGA;CN=0,1;CN_HAP1=1;CN_HAP2=0;SUBCLONAL=n;COMPLEX=n	DEL	78	*	E_Unknown source_124	['A_Severus_v1.6_197', 'C_Severus_v1.6_141', 'E_Unknown source_124']	True	True	False	True	False
chr17	32305445	E_SV_130	SVTYPE=BND;SVTYPE=DUP:TANDEM;MATEID=SV_200;EVENT=cluster_12;CN_HAP1=2;CN_HAP2=0;SUBCLONAL=n;COMPLEX=y	chr17	32673231	E_SV_200	SVTYPE=BND;SVTYPE=INV:DUP;MATEID=SV_130;EVENT=cluster_12;CN_HAP1=2;CN_HAP2=0;SUBCLONAL=n;COMPLEX=y	BND	367786	*	E_Unknown source_125	['A_Severus_v1.6_202', 'B_Severus_v1.6_469', 'C_Severus_v1.6_144', 'D_Severus_v1.6_258', 'E_Unknown source_125']	True	True	True	True	True
chr17	32670397	E_SV_131	SVTYPE=BND;SVTYPE=INV;MATEID=SV_201;EVENT=cluster_12;CN_HAP1=1;CN_HAP2=0;SUBCLONAL=n;COMPLEX=y	chr17	32677808	E_SV_201	SVTYPE=BND;SVTYPE=INV;MATEID=SV_131;EVENT=cluster_12;CN_HAP1=1;CN_HAP2=0;SUBCLONAL=n;COMPLEX=y	BND	7411	*	E_Unknown source_126	['A_Severus_v1.6_203', 'B_Severus_v1.6_470', 'C_Severus_v1.6_145', 'D_Severus_v1.6_259', 'E_Unknown source_126']	True	True	True	True	True
chr17	53933117	E_SV_133	SVTYPE=DEL;SVTYPE=DEL;SVLEN=-12028;END=53945145;SVCLAIM=DJ;CIPOS=0,4;CIEND=0,4;HOMLEN=4;HOMSEQ=TCTA;CN=0,0;CN_HAP1=0;CN_HAP2=0;SUBCLONAL=n;COMPLEX=n	chr17	53945145	E_SV_133	SVTYPE=DEL;SVTYPE=DEL;SVLEN=-12028;END=53945145;SVCLAIM=DJ;CIPOS=0,4;CIEND=0,4;HOMLEN=4;HOMSEQ=TCTA;CN=0,0;CN_HAP1=0;CN_HAP2=0;SUBCLONAL=n;COMPLEX=n	DEL	12028	*	E_Unknown source_129	['A_Severus_v1.6_206', 'B_Severus_v1.6_476', 'C_Severus_v1.6_148', 'D_Severus_v1.6_263', 'E_Unknown source_129']	True	True	True	True	True
chr18	12027688	E_SV_134	SVTYPE=DUP;SVTYPE=DUP:TANDEM;SVLEN=80274;END=12107962;SVCLAIM=DJ;CIPOS=0,1;CIEND=0,1;HOMLEN=1;HOMSEQ=C;CN=1,2;CN_HAP1=1;CN_HAP2=1;SUBCLONAL=n;COMPLEX=n	chr18	12107962	E_SV_134	SVTYPE=DUP;SVTYPE=DUP:TANDEM;SVLEN=80274;END=12107962;SVCLAIM=DJ;CIPOS=0,1;CIEND=0,1;HOMLEN=1;HOMSEQ=C;CN=1,2;CN_HAP1=1;CN_HAP2=1;SUBCLONAL=n;COMPLEX=n	DUP	80274	*	E_Unknown source_130	['A_Severus_v1.6_208', 'B_Severus_v1.6_482', 'C_Severus_v1.6_149', 'D_Severus_v1.6_266', 'E_Unknown source_130']	True	True	True	True	True
chr18	21493610	E_SV_136	SVTYPE=BND;SVTYPE=BND;MATEID=SV_208;EVENT=cluster_15;CIPOS=0,1;HOMLEN=1;HOMSEQ=T;CN_HAP1=1;CN_HAP2=1;SUBCLONAL=n;COMPLEX=y	chr20	25499120	E_SV_208	SVTYPE=BND;SVTYPE=BND;MATEID=SV_136;EVENT=cluster_15;CIPOS=0,1;HOMLEN=1;HOMSEQ=A;CN_HAP1=1;CN_HAP2=1;SUBCLONAL=n;COMPLEX=y	BND	-1	*	E_Unknown source_131	['A_Severus_v1.6_209', 'B_Severus_v1.6_485', 'C_Severus_v1.6_150', 'D_Severus_v1.6_269', 'E_Unknown source_131']	True	True	True	True	True
chr18	22492810	E_SV_137	SVTYPE=DUP;SVTYPE=DUP:TANDEM;SVLEN=730112;END=23222922;SVCLAIM=DJ;CN=1,2;CN_HAP1=2;CN_HAP2=1;SUBCLONAL=n;COMPLEX=n	chr18	23222922	E_SV_137	SVTYPE=DUP;SVTYPE=DUP:TANDEM;SVLEN=730112;END=23222922;SVCLAIM=DJ;CN=1,2;CN_HAP1=2;CN_HAP2=1;SUBCLONAL=n;COMPLEX=n	DUP	730112	*	E_Unknown source_132	['A_Severus_v1.6_210', 'B_Severus_v1.6_486', 'C_Severus_v1.6_151', 'D_Severus_v1.6_270', 'E_Unknown source_132']	True	True	True	True	True
chr18	28481423	E_SV_138	SVTYPE=BND;SVTYPE=TRA:BALANCED;MATEID=SV_204;EVENT=cluster_14;CIPOS=0,1;HOMLEN=1;HOMSEQ=A;CN_HAP1=0;CN_HAP2=1;SUBCLONAL=n;COMPLEX=u	chrX	95812869	E_SV_204	SVTYPE=BND;SVTYPE=TRA:BALANCED;MATEID=SV_138;EVENT=cluster_14;CIPOS=0,1;HOMLEN=1;HOMSEQ=A;CN_HAP1=1;CN_HAP2=1;SUBCLONAL=n;COMPLEX=u	BND	-1	*	E_Unknown source_133	['A_Severus_v1.6_211', 'B_Severus_v1.6_487', 'C_Severus_v1.6_152', 'D_Severus_v1.6_271', 'E_Unknown source_133']	True	True	True	True	True
chr18	28482566	E_SV_203	SVTYPE=BND;SVTYPE=TRA:BALANCED;MATEID=SV_205;EVENT=cluster_14;CIPOS=0,5;HOMLEN=5;HOMSEQ=GCCTG;CN_HAP1=0;CN_HAP2=1;SUBCLONAL=n;COMPLEX=u	chrX	95810797	E_SV_205	SVTYPE=BND;SVTYPE=TRA:BALANCED;MATEID=SV_203;EVENT=cluster_14;CIPOS=0,5;HOMLEN=5;HOMSEQ=GCCTG;CN_HAP1=1;CN_HAP2=0;SUBCLONAL=n;COMPLEX=u	BND	-1	*	E_Unknown source_134	['A_Severus_v1.6_212', 'B_Severus_v1.6_488', 'C_Severus_v1.6_153', 'D_Severus_v1.6_272', 'E_Unknown source_134']	True	True	True	True	True
chr19	38981214	E_SV_144	SVTYPE=BND;SVTYPE=INV:DUP;MATEID=SV_183;EVENT=cluster_6;CIPOS=-1,2;HOMLEN=3;HOMSEQ=TCA;CN_HAP1=1;CN_HAP2=2;SUBCLONAL=n;COMPLEX=y	chr19	38983526	E_SV_183	SVTYPE=BND;SVTYPE=INV:DUP;MATEID=SV_144;EVENT=cluster_6;CIPOS=-2,1;HOMLEN=3;HOMSEQ=TGA;CN_HAP1=1;CN_HAP2=3;SUBCLONAL=n;COMPLEX=y	BND	2312	*	E_Unknown source_135	['A_Severus_v1.6_226', 'B_Severus_v1.6_520', 'C_Severus_v1.6_159', 'E_Unknown source_135']	True	True	True	True	False
chr19	39706584	E_SV_145	SVTYPE=BND;SVTYPE=DEL;MATEID=SV_184;EVENT=cluster_6;CN_HAP1=1;CN_HAP2=2;SUBCLONAL=n;COMPLEX=y	chr19	50554251	E_SV_184	SVTYPE=BND;SVTYPE=DEL;MATEID=SV_145;EVENT=cluster_6;CN_HAP1=1;CN_HAP2=1;SUBCLONAL=n;COMPLEX=y	BND	10847667	*	E_Unknown source_137	['A_Severus_v1.6_228', 'B_Severus_v1.6_522', 'C_Severus_v1.6_161', 'D_Severus_v1.6_282', 'E_Unknown source_137']	True	True	True	True	True
chr19	40470024	E_SV_146	SVTYPE=BND;SVTYPE=DEL;MATEID=SV_180;EVENT=cluster_6;CIPOS=0,2;CIEND=0,2;HOMLEN=2;HOMSEQ=GG;CN_HAP1=1;CN_HAP2=0;SUBCLONAL=n;COMPLEX=y	chr19	44908989	E_SV_180	SVTYPE=BND;SVTYPE=DEL;MATEID=SV_146;EVENT=cluster_6;CIPOS=-1,1;HOMLEN=2;HOMSEQ=GG;CN_HAP1=1;CN_HAP2=4;SUBCLONAL=n;COMPLEX=y	BND	4438965	*	E_Unknown source_138	['A_Severus_v1.6_229', 'B_Severus_v1.6_524', 'C_Severus_v1.6_162', 'D_Severus_v1.6_283', 'E_Unknown source_138']	True	True	True	True	True
chr19	44719441	E_SV_147	SVTYPE=BND;SVTYPE=INV:DUP;MATEID=SV_181;EVENT=cluster_6;CIPOS=-1,1;HOMLEN=2;HOMSEQ=AT;CN_HAP1=1;CN_HAP2=2;SUBCLONAL=n;COMPLEX=y	chr19	44916907	E_SV_181	SVTYPE=BND;SVTYPE=INV:DUP;MATEID=SV_147;EVENT=cluster_6;CIPOS=-1,1;HOMLEN=2;HOMSEQ=AT;CN_HAP1=1;CN_HAP2=2;SUBCLONAL=n;COMPLEX=y	BND	197466	*	E_Unknown source_139	['A_Severus_v1.6_230', 'B_Severus_v1.6_526', 'C_Severus_v1.6_163', 'D_Severus_v1.6_285', 'E_Unknown source_139']	True	True	True	True	True
chr19	44991107	E_SV_182	SVTYPE=BND;SVTYPE=INV:DUP;MATEID=SV_148;EVENT=cluster_6;CIPOS=-1,1;HOMLEN=2;HOMSEQ=GA;CN_HAP1=1;CN_HAP2=1;SUBCLONAL=n;COMPLEX=y	chr19	44992623	E_SV_148	SVTYPE=BND;SVTYPE=INV:DUP;MATEID=SV_182;EVENT=cluster_6;CIPOS=-1,1;HOMLEN=2;HOMSEQ=TC;CN_HAP1=1;CN_HAP2=0;SUBCLONAL=n;COMPLEX=y	BND	1516	*	E_Unknown source_142	['A_Severus_v1.6_231', 'B_Severus_v1.6_528', 'C_Severus_v1.6_165', 'D_Severus_v1.6_287', 'E_Unknown source_142']	True	True	True	True	True
chr19	53132028	E_SV_149	SVTYPE=DUP;SVTYPE=DUP;SVLEN=44818;END=53176846;SVCLAIM=DJ;CN=3,0;CN_HAP1=3;CN_HAP2=0;SUBCLONAL=n;COMPLEX=y	chr19	53176846	E_SV_149	SVTYPE=DUP;SVTYPE=DUP;SVLEN=44818;END=53176846;SVCLAIM=DJ;CN=3,0;CN_HAP1=3;CN_HAP2=0;SUBCLONAL=n;COMPLEX=y	DUP	44818	*	E_Unknown source_145	['A_Severus_v1.6_233', 'B_Severus_v1.6_532', 'C_Severus_v1.6_167', 'D_Severus_v1.6_289', 'E_Unknown source_145']	True	True	True	True	True
chr19	53167789	E_SV_150	SVTYPE=DEL;SVTYPE=DEL;SVLEN=-1401;END=53169190;SVCLAIM=DJ;CN=2,0;CN_HAP1=2;CN_HAP2=0;SUBCLONAL=n;COMPLEX=y	chr19	53169190	E_SV_150	SVTYPE=DEL;SVTYPE=DEL;SVLEN=-1401;END=53169190;SVCLAIM=DJ;CN=2,0;CN_HAP1=2;CN_HAP2=0;SUBCLONAL=n;COMPLEX=y	DEL	1401	*	E_Unknown source_146	['A_Severus_v1.6_234', 'B_Severus_v1.6_533', 'C_Severus_v1.6_168', 'D_Severus_v1.6_290', 'E_Unknown source_146']	True	True	True	True	True
chr20	21980692	E_SV_151	SVTYPE=DEL;SVTYPE=DEL;SVLEN=-44392;END=22025084;SVCLAIM=DJ;CIPOS=0,1;CIEND=0,1;HOMLEN=1;HOMSEQ=T;CN=0,0;CN_HAP1=0;CN_HAP2=0;SUBCLONAL=n;COMPLEX=n	chr20	22025084	E_SV_151	SVTYPE=DEL;SVTYPE=DEL;SVLEN=-44392;END=22025084;SVCLAIM=DJ;CIPOS=0,1;CIEND=0,1;HOMLEN=1;HOMSEQ=T;CN=0,0;CN_HAP1=0;CN_HAP2=0;SUBCLONAL=n;COMPLEX=n	DEL	44392	*	E_Unknown source_147	['A_Severus_v1.6_239', 'B_Severus_v1.6_540', 'C_Severus_v1.6_170', 'D_Severus_v1.6_295', 'E_Unknown source_147']	True	True	True	True	True
chr20	38428244	E_SV_152	SVTYPE=BND;SVTYPE=INV:DUP;MATEID=SV_197;EVENT=cluster_10;CIPOS=0,3;CIEND=-3,0;HOMLEN=3;HOMSEQ=CTC;CN_HAP1=1;CN_HAP2=2;SUBCLONAL=n;COMPLEX=y	chr20	38429604	E_SV_197	SVTYPE=BND;SVTYPE=INV:DUP;MATEID=SV_152;EVENT=cluster_10;CIPOS=0,3;CIEND=-3,0;HOMLEN=3;HOMSEQ=CTC;CN_HAP1=1;CN_HAP2=3;SUBCLONAL=n;COMPLEX=y	BND	1360	*	E_Unknown source_149	['A_Severus_v1.6_246', 'B_Severus_v1.6_564', 'C_Severus_v1.6_172', 'D_Severus_v1.6_298', 'E_Unknown source_149']	True	True	True	True	True
chr20	40907684	E_SV_153	SVTYPE=DEL;SVTYPE=DEL;SVLEN=-94;END=40907778;SVCLAIM=DJ;CN=1,1;CN_HAP1=1;CN_HAP2=1;SUBCLONAL=n;COMPLEX=n	chr20	40907778	E_SV_153	SVTYPE=DEL;SVTYPE=DEL;SVLEN=-94;END=40907778;SVCLAIM=DJ;CN=1,1;CN_HAP1=1;CN_HAP2=1;SUBCLONAL=n;COMPLEX=n	DEL	94	*	E_Unknown source_152	['B_Severus_v1.6_567', 'C_Severus_v1.6_175', 'D_Severus_v1.6_301', 'E_Unknown source_152']	True	False	True	True	True
chr20	43435693	E_SV_154	SVTYPE=DUP;SVTYPE=DUP:TANDEM;SVLEN=189047;END=43624740;SVCLAIM=DJ;CIPOS=0,1;CIEND=0,1;HOMLEN=1;HOMSEQ=A;CN=1,3;CN_HAP1=2;CN_HAP2=2;SUBCLONAL=n;COMPLEX=n	chr20	43624740	E_SV_154	SVTYPE=DUP;SVTYPE=DUP:TANDEM;SVLEN=189047;END=43624740;SVCLAIM=DJ;CIPOS=0,1;CIEND=0,1;HOMLEN=1;HOMSEQ=A;CN=1,3;CN_HAP1=2;CN_HAP2=2;SUBCLONAL=n;COMPLEX=n	DUP	189047	*	E_Unknown source_153	['A_Severus_v1.6_249', 'B_Severus_v1.6_568', 'C_Severus_v1.6_176', 'D_Severus_v1.6_302', 'E_Unknown source_153']	True	True	True	True	True
chr20	51796494	E_SV_155	SVTYPE=DEL;SVTYPE=DEL;SVLEN=-1368;END=51797862;SVCLAIM=DJ;CIPOS=0,2;CIEND=0,2;HOMLEN=2;HOMSEQ=GT;CN=1,1;CN_HAP1=1;CN_HAP2=1;SUBCLONAL=n;COMPLEX=n	chr20	51797862	E_SV_155	SVTYPE=DEL;SVTYPE=DEL;SVLEN=-1368;END=51797862;SVCLAIM=DJ;CIPOS=0,2;CIEND=0,2;HOMLEN=2;HOMSEQ=GT;CN=1,1;CN_HAP1=1;CN_HAP2=1;SUBCLONAL=n;COMPLEX=n	DEL	1368	*	E_Unknown source_154	['A_Severus_v1.6_250', 'B_Severus_v1.6_570', 'C_Severus_v1.6_177', 'D_Severus_v1.6_303', 'E_Unknown source_154']	True	True	True	True	True
chr22	44252043	E_SV_158	SVTYPE=DUP;SVTYPE=DUP:TANDEM;SVLEN=166299;END=44418342;SVCLAIM=DJ;CN=0,2;CN_HAP1=0;CN_HAP2=2;SUBCLONAL=n;COMPLEX=n	chr22	44418342	E_SV_158	SVTYPE=DUP;SVTYPE=DUP:TANDEM;SVLEN=166299;END=44418342;SVCLAIM=DJ;CN=0,2;CN_HAP1=0;CN_HAP2=2;SUBCLONAL=n;COMPLEX=n	DUP	166299	*	E_Unknown source_155	['A_Severus_v1.6_254', 'B_Severus_v1.6_596', 'C_Severus_v1.6_182', 'D_Severus_v1.6_311', 'E_Unknown source_155']	True	True	True	True	True
chr22	49059745	E_SV_159	SVTYPE=DUP;SVTYPE=DUP:TANDEM;SVLEN=114709;END=49174454;SVCLAIM=DJ;CIPOS=0,3;CIEND=0,3;HOMLEN=3;HOMSEQ=ATC;CN=0,2;CN_HAP1=0;CN_HAP2=2;SUBCLONAL=n;COMPLEX=n	chr22	49174454	E_SV_159	SVTYPE=DUP;SVTYPE=DUP:TANDEM;SVLEN=114709;END=49174454;SVCLAIM=DJ;CIPOS=0,3;CIEND=0,3;HOMLEN=3;HOMSEQ=ATC;CN=0,2;CN_HAP1=0;CN_HAP2=2;SUBCLONAL=n;COMPLEX=n	DUP	114709	*	E_Unknown source_156	['A_Severus_v1.6_255', 'B_Severus_v1.6_599', 'C_Severus_v1.6_183', 'E_Unknown source_156']	True	True	True	True	False
chrX	24130816	E_SV_162	SVTYPE=DUP;SVTYPE=DUP:TANDEM;SVLEN=28295;END=24159111;SVCLAIM=DJ;CIPOS=0,17;CIEND=0,17;HOMLEN=17;HOMSEQ=TCCCAAGTAGCTGGGAC;CN=1,2;CN_HAP1=1;CN_HAP2=1;SUBCLONAL=n;COMPLEX=n	chrX	24159111	E_SV_162	SVTYPE=DUP;SVTYPE=DUP:TANDEM;SVLEN=28295;END=24159111;SVCLAIM=DJ;CIPOS=0,17;CIEND=0,17;HOMLEN=17;HOMSEQ=TCCCAAGTAGCTGGGAC;CN=1,2;CN_HAP1=1;CN_HAP2=1;SUBCLONAL=n;COMPLEX=n	DUP	28295	*	E_Unknown source_157	['A_Severus_v1.6_263', 'B_Severus_v1.6_610', 'C_Severus_v1.6_187', 'D_Severus_v1.6_317', 'E_Unknown source_157']	True	True	True	True	True
chrX	34245830	E_SV_163	SVTYPE=DEL;SVTYPE=DEL;SVLEN=-2406;END=34248236;SVCLAIM=DJ;CN=0,1;CN_HAP1=0;CN_HAP2=1;SUBCLONAL=n;COMPLEX=n	chrX	34248236	E_SV_163	SVTYPE=DEL;SVTYPE=DEL;SVLEN=-2406;END=34248236;SVCLAIM=DJ;CN=0,1;CN_HAP1=0;CN_HAP2=1;SUBCLONAL=n;COMPLEX=n	DEL	2406	*	E_Unknown source_158	['A_Severus_v1.6_264', 'B_Severus_v1.6_613', 'C_Severus_v1.6_188', 'D_Severus_v1.6_318', 'E_Unknown source_158']	True	True	True	True	True
chrX	44845879	E_SV_164	SVTYPE=DEL;SVTYPE=DEL;SVLEN=-117;END=44845996;SVCLAIM=DJ;CN=0,1;CN_HAP1=1;CN_HAP2=0;SUBCLONAL=n;COMPLEX=n	chrX	44845996	E_SV_164	SVTYPE=DEL;SVTYPE=DEL;SVLEN=-117;END=44845996;SVCLAIM=DJ;CN=0,1;CN_HAP1=1;CN_HAP2=0;SUBCLONAL=n;COMPLEX=n	DEL	117	*	E_Unknown source_159	['A_Severus_v1.6_265', 'B_Severus_v1.6_617', 'C_Severus_v1.6_189', 'D_Severus_v1.6_319', 'E_Unknown source_159']	True	True	True	True	True
chrX	69807092	E_SV_165	SVTYPE=INS;SVTYPE=INS:ME;SVLEN=513;END=69807092;CIPOS=0,5;CIEND=0,5;HOMLEN=5;HOMSEQ=AAAAA;CN_HAP1=1;CN_HAP2=1;SUBCLONAL=n;COMPLEX=n	chrX	69807605	E_SV_165	SVTYPE=INS;SVTYPE=INS:ME;SVLEN=513;END=69807092;CIPOS=0,5;CIEND=0,5;HOMLEN=5;HOMSEQ=AAAAA;CN_HAP1=1;CN_HAP2=1;SUBCLONAL=n;COMPLEX=n	INS	513	*	E_Unknown source_160	['A_Severus_v1.6_269', 'B_Severus_v1.6_628', 'C_Severus_v1.6_190', 'D_Severus_v1.6_322', 'E_Unknown source_160']	True	True	True	True	True
chrX	79649369	E_SV_166	SVTYPE=DEL;SVTYPE=DEL;SVLEN=-1566;END=79650935;SVCLAIM=DJ;CIPOS=0,2;CIEND=0,2;HOMLEN=2;HOMSEQ=CT;CN=0,1;CN_HAP1=0;CN_HAP2=1;SUBCLONAL=n;COMPLEX=n	chrX	79650935	E_SV_166	SVTYPE=DEL;SVTYPE=DEL;SVLEN=-1566;END=79650935;SVCLAIM=DJ;CIPOS=0,2;CIEND=0,2;HOMLEN=2;HOMSEQ=CT;CN=0,1;CN_HAP1=0;CN_HAP2=1;SUBCLONAL=n;COMPLEX=n	DEL	1566	*	E_Unknown source_161	['A_Severus_v1.6_270', 'B_Severus_v1.6_629', 'C_Severus_v1.6_191', 'D_Severus_v1.6_323', 'E_Unknown source_161']	True	True	True	True	True
chrX	125899652	E_SV_169	SVTYPE=INS;SVTYPE=INS:ME;SVLEN=129;END=125899656;CILEN=-79,12;CN_HAP1=0;CN_HAP2=1;SUBCLONAL=n;COMPLEX=n	chrX	125899781	E_SV_169	SVTYPE=INS;SVTYPE=INS:ME;SVLEN=129;END=125899656;CILEN=-79,12;CN_HAP1=0;CN_HAP2=1;SUBCLONAL=n;COMPLEX=n	INS	129	*	E_Unknown source_164	['A_Severus_v1.6_274', 'B_Severus_v1.6_638', 'C_Severus_v1.6_196', 'E_Unknown source_164']	True	True	True	True	False
