#CHROM_x	POS_x	ID_x	INFO_x	#CHROM_y	POS_y	ID_y	INFO_y	SVTYPE	SVLEN	VAF	Minda_ID	Minda_IDs	F_Unknown source	A_Severus_v1.2	B_Severus_v1.6	C_Severus_v1.6	D_Severus_v1.6	E_Severus_v1.6
chr1	86871328	F_truthset_1_1	MATEID=truthset_1_2;SVTYPE=BND;SUPP_SEQ=ILL;SUPP_VAL=PCR,CAPTURE;GENE=.;CLUSTER=truthset_41;VAF=1.0	chr10	35830199	F_truthset_1_2	MATEID=truthset_1_1;SVTYPE=BND;SUPP_SEQ=ILL;SUPP_VAL=PCR,CAPTURE;GENE=.;CLUSTER=truthset_41;VAF=1.0	BND	-1	1.0	F_Unknown source_1	['A_Severus_v1.2_2', 'F_Unknown source_1']	True	True	False	False	False	False
chr1	207807886	F_truthset_3_1	MATEID=truthset_3_2;SVLEN=33591;SVTYPE=DEL;SUPP_SEQ=ILL,ONT,10X;SUPP_VAL=PCR,CAPTURE;GENE=.;CLUSTER=.;VAF=1.0	chr1	207841477	F_truthset_3_2	MATEID=truthset_3_1;SVLEN=33591;SVTYPE=DEL;SUPP_SEQ=ILL,ONT,10X;SUPP_VAL=PCR,CAPTURE;GENE=.;CLUSTER=.;VAF=1.0	DEL	33591	1.0	F_Unknown source_4	['A_Severus_v1.2_4', 'B_Severus_v1.6_2', 'C_Severus_v1.6_32', 'D_Severus_v1.6_4', 'E_Severus_v1.6_19', 'F_Unknown source_4']	True	True	True	True	True	True
chr1	224458901	F_truthset_4_1	MATEID=truthset_4_2;SVLEN=153517;SVTYPE=DUP;SUPP_SEQ=ILL,ONT,PB;SUPP_VAL=PCR,CAPTURE,BIONANO;GENE=.;CLUSTER=truthset_5;VAF=1.0	chr1	224612418	F_truthset_4_2	MATEID=truthset_4_1;SVLEN=153517;SVTYPE=DUP;SUPP_SEQ=ILL,ONT,PB;SUPP_VAL=PCR,CAPTURE,BIONANO;GENE=.;CLUSTER=truthset_5;VAF=1.0	DUP	153517	1.0	F_Unknown source_6	['A_Severus_v1.2_6', 'B_Severus_v1.6_3', 'C_Severus_v1.6_36', 'D_Severus_v1.6_5', 'E_Severus_v1.6_22', 'F_Unknown source_6']	True	True	True	True	True	True
chr1	224595093	F_truthset_5_1	MATEID=truthset_5_2;SVLEN=3239;SVTYPE=DEL;SUPP_SEQ=ILL,ONT;SUPP_VAL=BIONANO;GENE=.;CLUSTER=truthset_4;VAF=1.0	chr1	224598332	F_truthset_5_2	MATEID=truthset_5_1;SVLEN=3239;SVTYPE=DEL;SUPP_SEQ=ILL,ONT;SUPP_VAL=BIONANO;GENE=.;CLUSTER=truthset_4;VAF=1.0	DEL	3239	1.0	F_Unknown source_7	['A_Severus_v1.2_7', 'B_Severus_v1.6_4', 'C_Severus_v1.6_37', 'D_Severus_v1.6_6', 'E_Severus_v1.6_23', 'F_Unknown source_7']	True	True	True	True	True	True
chr3	24523617	F_truthset_6_1	MATEID=truthset_6_2;SVLEN=1074;SVTYPE=INV;SUPP_SEQ=ILL,ONT;SUPP_VAL=PCR,CAPTURE;GENE=.;CLUSTER=truthset_7,truthset_8,_truthset_9,truthset_10,truthset_18,truthset_43;VAF=1.0	chr3	24524691	F_truthset_6_2	MATEID=truthset_6_1;SVLEN=1074;SVTYPE=INV;SUPP_SEQ=ILL,ONT;SUPP_VAL=PCR,CAPTURE;GENE=.;CLUSTER=truthset_7,truthset_8,_truthset_9,truthset_10,truthset_18,truthset_43;VAF=1.0	INV	1074	1.0	F_Unknown source_10	['A_Severus_v1.2_14', 'B_Severus_v1.6_12', 'C_Severus_v1.6_70', 'D_Severus_v1.6_12', 'E_Severus_v1.6_45', 'F_Unknown source_10']	True	True	True	True	True	True
chr3	25359111	F_truthset_7_1	MATEID=truthset_7_2;SVTYPE=BND;SUPP_SEQ=ILL;SUPP_VAL=CAPTURE;GENE=TRHDE;CLUSTER=truthset_6,truthset_8,truthset_9,truthset_10,truthset_18,truthset_43;VAF=1.0	chr12	72273112	F_truthset_7_2	MATEID=truthset_7_1;SVTYPE=BND;SUPP_SEQ=ILL;SUPP_VAL=CAPTURE;GENE=TRHDE;CLUSTER=truthset_6,truthset_8,truthset_9,truthset_10,truthset_18,truthset_43;VAF=1.0	BND	-1	1.0	F_Unknown source_12	['A_Severus_v1.2_16', 'B_Severus_v1.6_14', 'C_Severus_v1.6_72', 'F_Unknown source_12']	True	True	True	True	False	False
chr3	25359568	F_truthset_8_1	MATEID=truthset_8_2;SVTYPE=BND;SUPP_SEQ=ILL,ONT;SUPP_VAL=CAPTURE;GENE=BICC1;CLUSTER=truthset_6,truthset_7,truthset_9,truthset_10,truthset_18,truthset_43;VAF=1.0	chr10	58717464	F_truthset_8_2	MATEID=truthset_8_1;SVTYPE=BND;SUPP_SEQ=ILL,ONT;SUPP_VAL=CAPTURE;GENE=BICC1;CLUSTER=truthset_6,truthset_7,truthset_9,truthset_10,truthset_18,truthset_43;VAF=1.0	BND	-1	1.0	F_Unknown source_13	['A_Severus_v1.2_17', 'B_Severus_v1.6_15', 'C_Severus_v1.6_73', 'F_Unknown source_13']	True	True	True	True	False	False
chr3	26390427	F_truthset_9_1	MATEID=truthset_9_2;SVTYPE=BND;SUPP_SEQ=ILL,ONT;SUPP_VAL=PCR;GENE=.;CLUSTER=truthset_6,truthset_7,truthset_8,truthset_10,truthset_18,truthset_43;VAF=1.0	chr6	26193813	F_truthset_9_2	MATEID=truthset_9_1;SVTYPE=BND;SUPP_SEQ=ILL,ONT;SUPP_VAL=PCR;GENE=.;CLUSTER=truthset_6,truthset_7,truthset_8,truthset_10,truthset_18,truthset_43;VAF=1.0	BND	-1	1.0	F_Unknown source_14	['A_Severus_v1.2_18', 'B_Severus_v1.6_16', 'C_Severus_v1.6_74', 'D_Severus_v1.6_16', 'E_Severus_v1.6_49', 'F_Unknown source_14']	True	True	True	True	True	True
chr3	26622431	F_truthset_10_1	MATEID=truthset_10_2;SVLEN=577;SVTYPE=INV;SUPP_SEQ=ILL,ONT;SUPP_VAL=CAPTURE;GENE=LRRC3B;CLUSTER=truthset_6,truthset_7,truthset_8,truthset_9,truthset_18,truthset_43;VAF=1.0	chr3	26623008	F_truthset_10_2	MATEID=truthset_10_1;SVLEN=577;SVTYPE=INV;SUPP_SEQ=ILL,ONT;SUPP_VAL=CAPTURE;GENE=LRRC3B;CLUSTER=truthset_6,truthset_7,truthset_8,truthset_9,truthset_18,truthset_43;VAF=1.0	INV	577	1.0	F_Unknown source_15	['A_Severus_v1.2_19', 'B_Severus_v1.6_17', 'C_Severus_v1.6_75', 'D_Severus_v1.6_18', 'E_Severus_v1.6_51', 'F_Unknown source_15']	True	True	True	True	True	True
chr3	60147026	F_truthset_11_1	MATEID=truthset_11_2;SVLEN=71789;SVTYPE=DEL;SUPP_SEQ=ILL,ONT,PB;SUPP_VAL=PCR,BIONANO;GENE=FHIT;CLUSTER=.;VAF=1.0	chr3	60218815	F_truthset_11_2	MATEID=truthset_11_1;SVLEN=71789;SVTYPE=DEL;SUPP_SEQ=ILL,ONT,PB;SUPP_VAL=PCR,BIONANO;GENE=FHIT;CLUSTER=.;VAF=1.0	DEL	71789	1.0	F_Unknown source_17	['A_Severus_v1.2_21', 'B_Severus_v1.6_19', 'C_Severus_v1.6_82', 'D_Severus_v1.6_20', 'E_Severus_v1.6_56', 'F_Unknown source_17']	True	True	True	True	True	True
chr3	60886452	F_truthset_12_1	MATEID=truthset_12_2;SVLEN=141091;SVTYPE=DEL;SUPP_SEQ=ILL,PB,10X;SUPP_VAL=PCR,CAPTURE;GENE=FHIT;CLUSTER=.;VAF=1.0	chr3	61027543	F_truthset_12_2	MATEID=truthset_12_1;SVLEN=141091;SVTYPE=DEL;SUPP_SEQ=ILL,PB,10X;SUPP_VAL=PCR,CAPTURE;GENE=FHIT;CLUSTER=.;VAF=1.0	DEL	141091	1.0	F_Unknown source_19	['A_Severus_v1.2_23', 'B_Severus_v1.6_20', 'C_Severus_v1.6_83', 'D_Severus_v1.6_21', 'E_Severus_v1.6_57', 'F_Unknown source_19']	True	True	True	True	True	True
chr3	186724386	F_truthset_13_1	MATEID=truthset_13_2;SVLEN=71459;SVTYPE=DEL;SUPP_SEQ=ILL;SUPP_VAL=PCR,CAPTURE;GENE=KNG1,RFC4;CLUSTER=.;VAF=1.0	chr3	186795845	F_truthset_13_2	MATEID=truthset_13_1;SVLEN=71459;SVTYPE=DEL;SUPP_SEQ=ILL;SUPP_VAL=PCR,CAPTURE;GENE=KNG1,RFC4;CLUSTER=.;VAF=1.0	DEL	71459	1.0	F_Unknown source_21	['F_Unknown source_21']	True	False	False	False	False	False
chr4	65346239	F_truthset_14_1	MATEID=truthset_14_2;SVLEN=80;SVTYPE=DUP;SUPP_SEQ=ILL,ONT,PB;SUPP_VAL=PCR,CAPTURE;GENE=EPHA5;CLUSTER=.;VAF=1.0	chr4	65346319	F_truthset_14_2	MATEID=truthset_14_1;SVLEN=80;SVTYPE=DUP;SUPP_SEQ=ILL,ONT,PB;SUPP_VAL=PCR,CAPTURE;GENE=EPHA5;CLUSTER=.;VAF=1.0	DUP	80	1.0	F_Unknown source_23	['A_Severus_v1.2_26', 'B_Severus_v1.6_26', 'C_Severus_v1.6_108', 'D_Severus_v1.6_26', 'E_Severus_v1.6_71', 'F_Unknown source_23']	True	True	True	True	True	True
chr4	187075168	F_truthset_15_1	MATEID=truthset_15_2;SVLEN=60;SVTYPE=DUP;SUPP_SEQ=ILL,ONT,PB;SUPP_VAL=CAPTURE;GENE=.;CLUSTER=.;VAF=1.0	chr4	187075228	F_truthset_15_2	MATEID=truthset_15_1;SVLEN=60;SVTYPE=DUP;SUPP_SEQ=ILL,ONT,PB;SUPP_VAL=CAPTURE;GENE=.;CLUSTER=.;VAF=1.0	DUP	60	1.0	F_Unknown source_25	['A_Severus_v1.2_28', 'B_Severus_v1.6_28', 'C_Severus_v1.6_122', 'D_Severus_v1.6_28', 'E_Severus_v1.6_82', 'F_Unknown source_25']	True	True	True	True	True	True
chr5	28787889	F_truthset_16_1	MATEID=truthset_16_2;SVLEN=175100;SVTYPE=DEL;SUPP_SEQ=ILL,ONT,PB,10X;SUPP_VAL=PCR,CAPTURE,BIONANO;GENE=.;CLUSTER=.;VAF=1.0	chr5	28962989	F_truthset_16_2	MATEID=truthset_16_1;SVLEN=175100;SVTYPE=DEL;SUPP_SEQ=ILL,ONT,PB,10X;SUPP_VAL=PCR,CAPTURE,BIONANO;GENE=.;CLUSTER=.;VAF=1.0	DEL	175100	1.0	F_Unknown source_27	['A_Severus_v1.2_29', 'B_Severus_v1.6_29', 'C_Severus_v1.6_133', 'D_Severus_v1.6_29', 'E_Severus_v1.6_90', 'F_Unknown source_27']	True	True	True	True	True	True
chr6	26193889	F_truthset_18_1	MATEID=truthset_18_2;SVLEN=289;SVTYPE=INV;SUPP_SEQ=ILL;SUPP_VAL=CAPTURE;GENE=.;CLUSTER=truthset_6,truthset_7,truthset_8,truthset_9,truthset_10,truthset_43;VAF=1.0	chr6	26194178	F_truthset_18_2	MATEID=truthset_18_1;SVLEN=289;SVTYPE=INV;SUPP_SEQ=ILL;SUPP_VAL=CAPTURE;GENE=.;CLUSTER=truthset_6,truthset_7,truthset_8,truthset_9,truthset_10,truthset_43;VAF=1.0	INV	289	1.0	F_Unknown source_32	['A_Severus_v1.2_34', 'B_Severus_v1.6_32', 'C_Severus_v1.6_154', 'F_Unknown source_32']	True	True	True	True	False	False
chr6	138452922	F_truthset_19_1	MATEID=truthset_19_2;SVTYPE=BND;SUPP_SEQ=ILL;SUPP_VAL=PCR,CAPTURE;GENE=NSHL1;CLUSTER=truthset_20,truthset_52,truthset_53,truthset_54;VAF=1.0	chr15	23472019	F_truthset_19_2	MATEID=truthset_19_1;SVTYPE=BND;SUPP_SEQ=ILL;SUPP_VAL=PCR,CAPTURE;GENE=NSHL1;CLUSTER=truthset_20,truthset_52,truthset_53,truthset_54;VAF=1.0	BND	-1	1.0	F_Unknown source_34	['F_Unknown source_34']	True	False	False	False	False	False
chr6	138453044	F_truthset_20_1	MATEID=truthset_20_2;SVTYPE=BND;SUPP_SEQ=ILL;SUPP_VAL=PCR,CAPTURE;GENE=NSHL1;CLUSTER=truthset_19,truthset_52,truthset_53,truthset_54;VAF=1.0	chr15	23467470	F_truthset_20_2	MATEID=truthset_20_1;SVTYPE=BND;SUPP_SEQ=ILL;SUPP_VAL=PCR,CAPTURE;GENE=NSHL1;CLUSTER=truthset_19,truthset_52,truthset_53,truthset_54;VAF=1.0	BND	-1	1.0	F_Unknown source_35	['F_Unknown source_35']	True	False	False	False	False	False
chr7	57403873	F_truthset_22_1	MATEID=truthset_22_2;SVLEN=24534;SVTYPE=DEL;SUPP_SEQ=ILL,ONT,PB,10X;SUPP_VAL=PCR,CAPTURE,BIONANO;GENE=.;CLUSTER=.;VAF=1.0	chr7	57436405	F_truthset_22_2	MATEID=truthset_22_1;SVLEN=24534;SVTYPE=DEL;SUPP_SEQ=ILL,ONT,PB,10X;SUPP_VAL=PCR,CAPTURE,BIONANO;GENE=.;CLUSTER=.;VAF=1.0	DEL	32532	1.0	F_Unknown source_38	['A_Severus_v1.2_39', 'B_Severus_v1.6_39', 'C_Severus_v1.6_208', 'D_Severus_v1.6_38', 'E_Severus_v1.6_131', 'F_Unknown source_38']	True	True	True	True	True	True
chr7	78352522	F_truthset_23_1	MATEID=truthset_23_2;SVLEN=100409;SVTYPE=DEL;SUPP_SEQ=ILL,ONT,PB,10X;SUPP_VAL=PCR,CAPTURE,BIONANO;GENE=MAGI2;CLUSTER=.;VAF=1.0	chr7	78452931	F_truthset_23_2	MATEID=truthset_23_1;SVLEN=100409;SVTYPE=DEL;SUPP_SEQ=ILL,ONT,PB,10X;SUPP_VAL=PCR,CAPTURE,BIONANO;GENE=MAGI2;CLUSTER=.;VAF=1.0	DEL	100409	1.0	F_Unknown source_40	['A_Severus_v1.2_41', 'B_Severus_v1.6_40', 'C_Severus_v1.6_212', 'D_Severus_v1.6_41', 'E_Severus_v1.6_134', 'F_Unknown source_40']	True	True	True	True	True	True
chr7	78560889	F_truthset_24_1	MATEID=truthset_24_2;SVLEN=67479;SVTYPE=DEL;SUPP_SEQ=ILL,PB,10X;SUPP_VAL=PCR,CAPTURE,BIONANO;GENE=MAGI2;CLUSTER=.;VAF=1.0	chr7	78628369	F_truthset_24_2	MATEID=truthset_24_1;SVLEN=67479;SVTYPE=DEL;SUPP_SEQ=ILL,PB,10X;SUPP_VAL=PCR,CAPTURE,BIONANO;GENE=MAGI2;CLUSTER=.;VAF=1.0	DEL	67480	1.0	F_Unknown source_42	['A_Severus_v1.2_43', 'B_Severus_v1.6_41', 'C_Severus_v1.6_213', 'D_Severus_v1.6_42', 'E_Severus_v1.6_135', 'F_Unknown source_42']	True	True	True	True	True	True
chr7	86215352	F_truthset_25_1	MATEID=truthset_25_2;SVLEN=9032;SVTYPE=DUP;SUPP_SEQ=ILL,ONT;SUPP_VAL=PCR,CAPTURE,BIONANO;GENE=.;CLUSTER=.;VAF=1.0	chr7	86224384	F_truthset_25_2	MATEID=truthset_25_1;SVLEN=9032;SVTYPE=DUP;SUPP_SEQ=ILL,ONT;SUPP_VAL=PCR,CAPTURE,BIONANO;GENE=.;CLUSTER=.;VAF=1.0	DUP	9032	1.0	F_Unknown source_44	['A_Severus_v1.2_45', 'D_Severus_v1.6_43', 'E_Severus_v1.6_138', 'F_Unknown source_44']	True	True	False	False	True	True
chr7	104844621	F_truthset_26_1	MATEID=truthset_26_2;SVLEN=127234;SVTYPE=DUP;SUPP_SEQ=ILL,ONT,PB,10X;SUPP_VAL=PCR,CAPTURE,BIONANO;GENE=LHFPL3;CLUSTER=.;VAF=1.0	chr7	104971855	F_truthset_26_2	MATEID=truthset_26_1;SVLEN=127234;SVTYPE=DUP;SUPP_SEQ=ILL,ONT,PB,10X;SUPP_VAL=PCR,CAPTURE,BIONANO;GENE=LHFPL3;CLUSTER=.;VAF=1.0	DUP	127234	1.0	F_Unknown source_46	['A_Severus_v1.2_46', 'B_Severus_v1.6_43', 'C_Severus_v1.6_223', 'D_Severus_v1.6_44', 'E_Severus_v1.6_141', 'F_Unknown source_46']	True	True	True	True	True	True
chr7	110753276	F_truthset_27_1	MATEID=truthset_27_2;SVLEN=1129;SVTYPE=DEL;SUPP_SEQ=ILL,ONT,PB;SUPP_VAL=PCR,CAPTURE;GENE=IMMP2L;CLUSTER=.;VAF=1.0	chr7	110754405	F_truthset_27_2	MATEID=truthset_27_1;SVLEN=1129;SVTYPE=DEL;SUPP_SEQ=ILL,ONT,PB;SUPP_VAL=PCR,CAPTURE;GENE=IMMP2L;CLUSTER=.;VAF=1.0	DEL	1129	1.0	F_Unknown source_48	['A_Severus_v1.2_47', 'B_Severus_v1.6_44', 'C_Severus_v1.6_225', 'D_Severus_v1.6_46', 'E_Severus_v1.6_145', 'F_Unknown source_48']	True	True	True	True	True	True
chr7	126106071	F_truthset_28_1	MATEID=truthset_28_2;SVLEN=420776;SVTYPE=DEL;SUPP_SEQ=ILL,ONT;SUPP_VAL=PCR,CAPTURE;GENE=GRM8;CLUSTER=.;VAF=1.0	chr7	126526847	F_truthset_28_2	MATEID=truthset_28_1;SVLEN=420776;SVTYPE=DEL;SUPP_SEQ=ILL,ONT;SUPP_VAL=PCR,CAPTURE;GENE=GRM8;CLUSTER=.;VAF=1.0	DEL	420776	1.0	F_Unknown source_50	['A_Severus_v1.2_48', 'B_Severus_v1.6_45', 'C_Severus_v1.6_227', 'D_Severus_v1.6_47', 'E_Severus_v1.6_146', 'F_Unknown source_50']	True	True	True	True	True	True
chr7	126458436	F_truthset_29_1	MATEID=truthset_29_2;SVLEN=68951;SVTYPE=INV;SUPP_SEQ=ILL,ONT;SUPP_VAL=PCR,CAPTURE;GENE=GRM8;CLUSTER=.;VAF=1.0	chr7	126527387	F_truthset_29_2	MATEID=truthset_29_1;SVLEN=68951;SVTYPE=INV;SUPP_SEQ=ILL,ONT;SUPP_VAL=PCR,CAPTURE;GENE=GRM8;CLUSTER=.;VAF=1.0	INV	68951	1.0	F_Unknown source_51	['A_Severus_v1.2_49', 'B_Severus_v1.6_46', 'C_Severus_v1.6_228', 'D_Severus_v1.6_48', 'E_Severus_v1.6_147', 'F_Unknown source_51']	True	True	True	True	True	True
chr7	144262133	F_truthset_30_1	MATEID=truthset_30_2;SVLEN=129568;SVTYPE=DEL;SUPP_SEQ=ILL,PB;SUPP_VAL=PCR;GENE=ARHGEF34P;CLUSTER=.;VAF=1.0	chr7	144391701	F_truthset_30_2	MATEID=truthset_30_1;SVLEN=129568;SVTYPE=DEL;SUPP_SEQ=ILL,PB;SUPP_VAL=PCR;GENE=ARHGEF34P;CLUSTER=.;VAF=1.0	DEL	129568	1.0	F_Unknown source_54	['A_Severus_v1.2_54', 'B_Severus_v1.6_54', 'C_Severus_v1.6_236', 'D_Severus_v1.6_53', 'E_Severus_v1.6_152', 'F_Unknown source_54']	True	True	True	True	True	True
chr7	151049570	F_truthset_31_1	MATEID=truthset_31_2;SVTYPE=BND;SUPP_SEQ=ILL,ONT,PB,10X;SUPP_VAL=PCR,CAPTURE;GENE=ASIC3;CLUSTER=.;VAF=1.0	chr15	84141973	F_truthset_31_2	MATEID=truthset_31_1;SVTYPE=BND;SUPP_SEQ=ILL,ONT,PB,10X;SUPP_VAL=PCR,CAPTURE;GENE=ASIC3;CLUSTER=.;VAF=1.0	BND	-1	1.0	F_Unknown source_56	['A_Severus_v1.2_56', 'B_Severus_v1.6_56', 'C_Severus_v1.6_240', 'D_Severus_v1.6_55', 'E_Severus_v1.6_155', 'F_Unknown source_56']	True	True	True	True	True	True
chr8	111050191	F_truthset_32_1	MATEID=truthset_32_2;SVLEN=1163;SVTYPE=DEL;SUPP_SEQ=ILL;SUPP_VAL=PCR,CAPTURE;GENE=.;CLUSTER=.;VAF=1.0	chr8	111051354	F_truthset_32_2	MATEID=truthset_32_1;SVLEN=1163;SVTYPE=DEL;SUPP_SEQ=ILL;SUPP_VAL=PCR,CAPTURE;GENE=.;CLUSTER=.;VAF=1.0	DEL	1163	1.0	F_Unknown source_57	['F_Unknown source_57']	True	False	False	False	False	False
chr8	130235870	F_truthset_33_1	MATEID=truthset_33_2;SVLEN=26531;SVTYPE=DUP;SUPP_SEQ=ILL;SUPP_VAL=PCR,BIONANO;GENE=ASAP1;CLUSTER=.;VAF=1.0	chr8	130262401	F_truthset_33_2	MATEID=truthset_33_1;SVLEN=26531;SVTYPE=DUP;SUPP_SEQ=ILL;SUPP_VAL=PCR,BIONANO;GENE=ASAP1;CLUSTER=.;VAF=1.0	DUP	26531	1.0	F_Unknown source_59	['D_Severus_v1.6_56', 'E_Severus_v1.6_164', 'F_Unknown source_59']	True	False	False	False	True	True
chr9	28031837	F_truthset_34_1	MATEID=truthset_34_2;SVLEN=27305;SVTYPE=INV;SUPP_SEQ=ILL,ONT;SUPP_VAL=PCR,CAPTURE;GENE=LINGO2;CLUSTER=truthset_35,truthset_36;VAF=1.0	chr9	28059142	F_truthset_34_2	MATEID=truthset_34_1;SVLEN=27305;SVTYPE=INV;SUPP_SEQ=ILL,ONT;SUPP_VAL=PCR,CAPTURE;GENE=LINGO2;CLUSTER=truthset_35,truthset_36;VAF=1.0	INV	27305	1.0	F_Unknown source_61	['A_Severus_v1.2_57', 'B_Severus_v1.6_61', 'C_Severus_v1.6_262', 'D_Severus_v1.6_57', 'E_Severus_v1.6_168', 'F_Unknown source_61']	True	True	True	True	True	True
chr9	28031865	F_truthset_35_1	MATEID=truthset_35_2;SVLEN=2604;SVTYPE=INV;SUPP_SEQ=ILL,ONT;SUPP_VAL=PCR,CAPTURE;GENE=LINGO2;CLUSTER=truthset_34,truthset_36;VAF=1.0	chr9	28034469	F_truthset_35_2	MATEID=truthset_35_1;SVLEN=2604;SVTYPE=INV;SUPP_SEQ=ILL,ONT;SUPP_VAL=PCR,CAPTURE;GENE=LINGO2;CLUSTER=truthset_34,truthset_36;VAF=1.0	INV	2604	1.0	F_Unknown source_62	['A_Severus_v1.2_58', 'B_Severus_v1.6_62', 'C_Severus_v1.6_263', 'D_Severus_v1.6_58', 'E_Severus_v1.6_169', 'F_Unknown source_62']	True	True	True	True	True	True
chr9	28034301	F_truthset_36_1	MATEID=truthset_36_2;SVLEN=123393;SVTYPE=DEL;SUPP_SEQ=ILL,ONT;SUPP_VAL=PCR,CAPTURE;GENE=LINGO2;CLUSTER=truthset_34,truthset_35;VAF=1.0	chr9	28157694	F_truthset_36_2	MATEID=truthset_36_1;SVLEN=123393;SVTYPE=DEL;SUPP_SEQ=ILL,ONT;SUPP_VAL=PCR,CAPTURE;GENE=LINGO2;CLUSTER=truthset_34,truthset_35;VAF=1.0	DEL	123393	1.0	F_Unknown source_63	['A_Severus_v1.2_59', 'B_Severus_v1.6_63', 'C_Severus_v1.6_264', 'D_Severus_v1.6_59', 'E_Severus_v1.6_170', 'F_Unknown source_63']	True	True	True	True	True	True
chr10	7017550	F_truthset_38_1	MATEID=truthset_38_2;SVTYPE=BND;SUPP_SEQ=ILL,ONT,PB;SUPP_VAL=PCR,CAPTURE;GENE=ANKLE1;CLUSTER=truthset_39,truthset_40;VAF=1.0	chr19	17286001	F_truthset_38_2	MATEID=truthset_38_1;SVTYPE=BND;SUPP_SEQ=ILL,ONT,PB;SUPP_VAL=PCR,CAPTURE;GENE=ANKLE1;CLUSTER=truthset_39,truthset_40;VAF=1.0	BND	-1	1.0	F_Unknown source_69	['A_Severus_v1.2_64', 'B_Severus_v1.6_70', 'C_Severus_v1.6_289', 'D_Severus_v1.6_63', 'E_Severus_v1.6_187', 'F_Unknown source_69']	True	True	True	True	True	True
chr10	7090912	F_truthset_39_1	MATEID=truthset_39_2;SVTYPE=BND;SUPP_SEQ=ILL,ONT,PB,10X;SUPP_VAL=PCR,CAPTURE;GENE=ANKLE1;CLUSTER=truthset_38,truthset_40;VAF=1.0	chr19	17286835	F_truthset_39_2	MATEID=truthset_39_1;SVTYPE=BND;SUPP_SEQ=ILL,ONT,PB,10X;SUPP_VAL=PCR,CAPTURE;GENE=ANKLE1;CLUSTER=truthset_38,truthset_40;VAF=1.0	BND	-1	1.0	F_Unknown source_70	['A_Severus_v1.2_65', 'B_Severus_v1.6_71', 'C_Severus_v1.6_290', 'D_Severus_v1.6_64', 'E_Severus_v1.6_188', 'F_Unknown source_70']	True	True	True	True	True	True
chr10	7592410	F_truthset_40_1	MATEID=truthset_40_2;SVTYPE=BND;SUPP_SEQ=ILL,ONT,PB,10X;SUPP_VAL=PCR,CAPTURE;GENE=ITIH5;CLUSTER=truthset_38,truthset_39;VAF=1.0	chr18	9868620	F_truthset_40_2	MATEID=truthset_40_1;SVTYPE=BND;SUPP_SEQ=ILL,ONT,PB,10X;SUPP_VAL=PCR,CAPTURE;GENE=ITIH5;CLUSTER=truthset_38,truthset_39;VAF=1.0	BND	-1	1.0	F_Unknown source_71	['A_Severus_v1.2_66', 'B_Severus_v1.6_72', 'C_Severus_v1.6_291', 'D_Severus_v1.6_65', 'E_Severus_v1.6_189', 'F_Unknown source_71']	True	True	True	True	True	True
chr10	33097525	F_truthset_41_1	MATEID=truthset_41_2;SVLEN=2732608;SVTYPE=DEL;SUPP_SEQ=ILL;SUPP_VAL=PCR,CAPTURE;GENE=.;CLUSTER=truthset_1;VAF=1.0	chr10	35830133	F_truthset_41_2	MATEID=truthset_41_1;SVLEN=2732608;SVTYPE=DEL;SUPP_SEQ=ILL;SUPP_VAL=PCR,CAPTURE;GENE=.;CLUSTER=truthset_1;VAF=1.0	DEL	2732608	1.0	F_Unknown source_72	['A_Severus_v1.2_67', 'F_Unknown source_72']	True	True	False	False	False	False
chr10	53716587	F_truthset_42_1	MATEID=truthset_42_2;SVLEN=549;SVTYPE=DEL;SUPP_SEQ=ILL,ONT;SUPP_VAL=CAPTURE;GENE=.;CLUSTER=.;VAF=1.0	chr10	53717136	F_truthset_42_2	MATEID=truthset_42_1;SVLEN=549;SVTYPE=DEL;SUPP_SEQ=ILL,ONT;SUPP_VAL=CAPTURE;GENE=.;CLUSTER=.;VAF=1.0	DEL	549	1.0	F_Unknown source_75	['F_Unknown source_75']	True	False	False	False	False	False
chr10	58717662	F_truthset_43_1	MATEID=truthset_43_2;SVTYPE=BND;SUPP_SEQ=ILL;SUPP_VAL=CAPTURE;GENE=BICC1,TRHDE;CLUSTER=truthset_6,truthset_7,truthset_8,truthset_9,truthset_10,truthset_18;VAF=1.0	chr12	72273295	F_truthset_43_2	MATEID=truthset_43_1;SVTYPE=BND;SUPP_SEQ=ILL;SUPP_VAL=CAPTURE;GENE=BICC1,TRHDE;CLUSTER=truthset_6,truthset_7,truthset_8,truthset_9,truthset_10,truthset_18;VAF=1.0	BND	-1	1.0	F_Unknown source_78	['A_Severus_v1.2_71', 'B_Severus_v1.6_78', 'C_Severus_v1.6_303', 'F_Unknown source_78']	True	True	True	True	False	False
chr10	81882050	F_truthset_44_1	MATEID=truthset_44_2;SVLEN=185860;SVTYPE=DEL;SUPP_SEQ=ILL;SUPP_VAL=PCR,CAPTURE;GENE=NRG3;CLUSTER=.;VAF=1.0	chr10	82067910	F_truthset_44_2	MATEID=truthset_44_1;SVLEN=185860;SVTYPE=DEL;SUPP_SEQ=ILL;SUPP_VAL=PCR,CAPTURE;GENE=NRG3;CLUSTER=.;VAF=1.0	DEL	185860	1.0	F_Unknown source_79	['D_Severus_v1.6_67', 'E_Severus_v1.6_196', 'F_Unknown source_79']	True	False	False	False	True	True
chr10	87940542	F_truthset_45_1	MATEID=truthset_45_2;SVLEN=12042;SVTYPE=DEL;SUPP_SEQ=ILL,ONT,PB,10X;SUPP_VAL=PCR,CAPTURE,BIONANO;GENE=PTEN;CLUSTER=.;VAF=1.0	chr10	87952584	F_truthset_45_2	MATEID=truthset_45_1;SVLEN=12042;SVTYPE=DEL;SUPP_SEQ=ILL,ONT,PB,10X;SUPP_VAL=PCR,CAPTURE,BIONANO;GENE=PTEN;CLUSTER=.;VAF=1.0	DEL	12042	1.0	F_Unknown source_81	['A_Severus_v1.2_72', 'B_Severus_v1.6_79', 'C_Severus_v1.6_308', 'D_Severus_v1.6_68', 'E_Severus_v1.6_197', 'F_Unknown source_81']	True	True	True	True	True	True
chr11	81074557	F_truthset_46_1	MATEID=truthset_46_2;SVLEN=308180;SVTYPE=DEL;SUPP_SEQ=ILL,ONT,PB;SUPP_VAL=PCR,CAPTURE,BIONANO;GENE=.;CLUSTER=.;VAF=1.0	chr11	81382737	F_truthset_46_2	MATEID=truthset_46_1;SVLEN=308180;SVTYPE=DEL;SUPP_SEQ=ILL,ONT,PB;SUPP_VAL=PCR,CAPTURE,BIONANO;GENE=.;CLUSTER=.;VAF=1.0	DEL	308180	1.0	F_Unknown source_83	['A_Severus_v1.2_74', 'B_Severus_v1.6_83', 'C_Severus_v1.6_335', 'D_Severus_v1.6_69', 'E_Severus_v1.6_205', 'F_Unknown source_83']	True	True	True	True	True	True
chr12	129287232	F_truthset_48_1	MATEID=truthset_48_1;SVLEN=255;SVTYPE=INS;SUPP_SEQ=ILL,ONT,PB;SUPP_VAL=PCR;GENE=TMEM132D;CLUSTER=.;VAF=1.0	chr12	129287487	F_truthset_48_1	MATEID=truthset_48_1;SVLEN=255;SVTYPE=INS;SUPP_SEQ=ILL,ONT,PB;SUPP_VAL=PCR;GENE=TMEM132D;CLUSTER=.;VAF=1.0	INS	255	1.0	F_Unknown source_89	['A_Severus_v1.2_81', 'B_Severus_v1.6_86', 'C_Severus_v1.6_363', 'D_Severus_v1.6_71', 'E_Severus_v1.6_220', 'F_Unknown source_89']	True	True	True	True	True	True
chr14	72547941	F_truthset_49_1	MATEID=truthset_49_2;SVLEN=96;SVTYPE=INS;SUPP_SEQ=ILL,ONT,PB;SUPP_VAL=PCR,CAPTURE;GENE=RGS6;CLUSTER=.;VAF=1.0	chr14	72548038	F_truthset_49_2	MATEID=truthset_49_1;SVLEN=96;SVTYPE=INS;SUPP_SEQ=ILL,ONT,PB;SUPP_VAL=PCR,CAPTURE;GENE=RGS6;CLUSTER=.;VAF=1.0	INS	97	1.0	F_Unknown source_90	['A_Severus_v1.2_84', 'B_Severus_v1.6_89', 'C_Severus_v1.6_383', 'D_Severus_v1.6_74', 'E_Severus_v1.6_236', 'F_Unknown source_90']	True	True	True	True	True	True
chr14	104093751	F_truthset_50_1	MATEID=truthset_50_2;SVLEN=55;SVTYPE=DEL;SUPP_SEQ=ILL,ONT,PB;SUPP_VAL=NOT_VALIDATED;GENE=ASPG;CLUSTER=.;VAF=1.0	chr14	104093806	F_truthset_50_2	MATEID=truthset_50_1;SVLEN=55;SVTYPE=DEL;SUPP_SEQ=ILL,ONT,PB;SUPP_VAL=NOT_VALIDATED;GENE=ASPG;CLUSTER=.;VAF=1.0	DEL	55	1.0	F_Unknown source_92	['A_Severus_v1.2_86', 'B_Severus_v1.6_90', 'D_Severus_v1.6_75', 'F_Unknown source_92']	True	True	True	False	True	False
chr14	105867667	F_truthset_51_1	MATEID=truthset_51_1;SVLEN=100;SVTYPE=INS;SUPP_SEQ=ONT,PB;SUPP_VAL=PCR;GENE=.;CLUSTER=.;VAF=1.0	chr14	105867767	F_truthset_51_1	MATEID=truthset_51_1;SVLEN=100;SVTYPE=INS;SUPP_SEQ=ONT,PB;SUPP_VAL=PCR;GENE=.;CLUSTER=.;VAF=1.0	INS	100	1.0	F_Unknown source_94	['B_Severus_v1.6_91', 'F_Unknown source_94']	True	False	True	False	False	False
chr15	23440461	F_truthset_52_1	MATEID=truthset_52_2;SVTYPE=BND;SUPP_SEQ=ILL;SUPP_VAL=PCR,CAPTURE;GENE=.;CLUSTER=truthset_19,truthset_20,truthset_53,truthset_54;VAF=1.0	chr20	38645825	F_truthset_52_2	MATEID=truthset_52_1;SVTYPE=BND;SUPP_SEQ=ILL;SUPP_VAL=PCR,CAPTURE;GENE=.;CLUSTER=truthset_19,truthset_20,truthset_53,truthset_54;VAF=1.0	BND	-1	1.0	F_Unknown source_95	['F_Unknown source_95']	True	False	False	False	False	False
chr15	23461732	F_truthset_53_1	MATEID=truthset_53_2;SVTYPE=BND;SUPP_SEQ=ILL;SUPP_VAL=PCR,CAPTURE;GENE=.;CLUSTER=truthset_19,truthset_20,truthset_52,truthset_54;VAF=1.0	chr20	38646024	F_truthset_53_2	MATEID=truthset_53_1;SVTYPE=BND;SUPP_SEQ=ILL;SUPP_VAL=PCR,CAPTURE;GENE=.;CLUSTER=truthset_19,truthset_20,truthset_52,truthset_54;VAF=1.0	BND	-1	1.0	F_Unknown source_96	['A_Severus_v1.2_88', 'B_Severus_v1.6_94', 'C_Severus_v1.6_392', 'F_Unknown source_96']	True	True	True	True	False	False
chr15	23586513	F_truthset_54_1	MATEID=truthset_54_2;SVLEN=161040;SVTYPE=INV;SUPP_SEQ=ILL,ONT,PB;SUPP_VAL=PCR,CAPTURE;GENE=.;CLUSTER=truthset_19,truthset_20,truthset_52,truthset_53;VAF=1.0	chr15	23747553	F_truthset_54_2	MATEID=truthset_54_1;SVLEN=161040;SVTYPE=INV;SUPP_SEQ=ILL,ONT,PB;SUPP_VAL=PCR,CAPTURE;GENE=.;CLUSTER=truthset_19,truthset_20,truthset_52,truthset_53;VAF=1.0	INV	161040	1.0	F_Unknown source_99	['A_Severus_v1.2_90', 'B_Severus_v1.6_96', 'C_Severus_v1.6_394', 'D_Severus_v1.6_80', 'E_Severus_v1.6_241', 'F_Unknown source_99']	True	True	True	True	True	True
chr15	41329096	F_truthset_55_1	MATEID=truthset_55_2;SVLEN=7212;SVTYPE=DUP;SUPP_SEQ=ILL,ONT;SUPP_VAL=PCR,CAPTURE,BIONANO;GENE=OIP5,NUSAP1;CLUSTER=.;VAF=1.0	chr15	41336308	F_truthset_55_2	MATEID=truthset_55_1;SVLEN=7212;SVTYPE=DUP;SUPP_SEQ=ILL,ONT;SUPP_VAL=PCR,CAPTURE,BIONANO;GENE=OIP5,NUSAP1;CLUSTER=.;VAF=1.0	DUP	7212	1.0	F_Unknown source_101	['A_Severus_v1.2_92', 'B_Severus_v1.6_98', 'C_Severus_v1.6_398', 'D_Severus_v1.6_82', 'E_Severus_v1.6_245', 'F_Unknown source_101']	True	True	True	True	True	True
chr16	58590641	F_truthset_56_1	MATEID=truthset_56_2;SVLEN=38786;SVTYPE=DEL;SUPP_SEQ=ILL,ONT,PB,10X;SUPP_VAL=PCR,CAPTURE,BIONANO;GENE=CNOT1;CLUSTER=.;VAF=1.0	chr16	58629427	F_truthset_56_2	MATEID=truthset_56_1;SVLEN=38786;SVTYPE=DEL;SUPP_SEQ=ILL,ONT,PB,10X;SUPP_VAL=PCR,CAPTURE,BIONANO;GENE=CNOT1;CLUSTER=.;VAF=1.0	DEL	38786	1.0	F_Unknown source_104	['A_Severus_v1.2_96', 'B_Severus_v1.6_101', 'C_Severus_v1.6_408', 'D_Severus_v1.6_85', 'E_Severus_v1.6_253', 'F_Unknown source_104']	True	True	True	True	True	True
chr16	78894739	F_truthset_57_1	MATEID=truthset_57_2;SVLEN=166371;SVTYPE=DEL;SUPP_SEQ=ILL,ONT,PB,10X;SUPP_VAL=PCR,CAPTURE,BIONANO;GENE=WWOX;CLUSTER=.;VAF=1.0	chr16	79061110	F_truthset_57_2	MATEID=truthset_57_1;SVLEN=166371;SVTYPE=DEL;SUPP_SEQ=ILL,ONT,PB,10X;SUPP_VAL=PCR,CAPTURE,BIONANO;GENE=WWOX;CLUSTER=.;VAF=1.0	DEL	166371	1.0	F_Unknown source_106	['A_Severus_v1.2_99', 'B_Severus_v1.6_102', 'C_Severus_v1.6_415', 'D_Severus_v1.6_86', 'E_Severus_v1.6_259', 'F_Unknown source_106']	True	True	True	True	True	True
chr18	68712224	F_truthset_58_1	MATEID=truthset_58_2;SVLEN=3365;SVTYPE=DEL;SUPP_SEQ=ILL,ONT,10X;SUPP_VAL=PCR,CAPTURE,BIONANO;GENE=TMX3,CCDC102B;CLUSTER=.;VAF=1.0	chr18	68715589	F_truthset_58_2	MATEID=truthset_58_1;SVLEN=3365;SVTYPE=DEL;SUPP_SEQ=ILL,ONT,10X;SUPP_VAL=PCR,CAPTURE,BIONANO;GENE=TMX3,CCDC102B;CLUSTER=.;VAF=1.0	DEL	3365	1.0	F_Unknown source_109	['A_Severus_v1.2_103', 'B_Severus_v1.6_107', 'C_Severus_v1.6_444', 'D_Severus_v1.6_89', 'E_Severus_v1.6_281', 'F_Unknown source_109']	True	True	True	True	True	True
chr20	13180082	F_truthset_59_1	MATEID=truthset_59_2;SVLEN=3374;SVTYPE=DEL;SUPP_SEQ=ILL,ONT,PB,10X;SUPP_VAL=PCR,CAPTURE,BIONANO;GENE=.;CLUSTER=.;VAF=1.0	chr20	13183456	F_truthset_59_2	MATEID=truthset_59_1;SVLEN=3374;SVTYPE=DEL;SUPP_SEQ=ILL,ONT,PB,10X;SUPP_VAL=PCR,CAPTURE,BIONANO;GENE=.;CLUSTER=.;VAF=1.0	DEL	3374	1.0	F_Unknown source_113	['A_Severus_v1.2_108', 'B_Severus_v1.6_117', 'C_Severus_v1.6_476', 'D_Severus_v1.6_95', 'E_Severus_v1.6_297', 'F_Unknown source_113']	True	True	True	True	True	True
chr20	14982311	F_truthset_60_1	MATEID=truthset_60_2;SVLEN=50991;SVTYPE=DEL;SUPP_SEQ=ILL,ONT,PB,10X;SUPP_VAL=PCR,CAPTURE,BIONANO;GENE=MACROD2;CLUSTER=truthset_61;VAF=1.0	chr20	15033302	F_truthset_60_2	MATEID=truthset_60_1;SVLEN=50991;SVTYPE=DEL;SUPP_SEQ=ILL,ONT,PB,10X;SUPP_VAL=PCR,CAPTURE,BIONANO;GENE=MACROD2;CLUSTER=truthset_61;VAF=1.0	DEL	50991	1.0	F_Unknown source_115	['A_Severus_v1.2_109', 'B_Severus_v1.6_118', 'C_Severus_v1.6_477', 'D_Severus_v1.6_96', 'E_Severus_v1.6_298', 'F_Unknown source_115']	True	True	True	True	True	True
chr20	15019977	F_truthset_61_1	MATEID=truthset_61_2;SVLEN=13219;SVTYPE=DEL;SUPP_SEQ=ILL,ONT,PB;SUPP_VAL=PCR,CAPTURE;GENE=MACROD2;CLUSTER=truthset_60;VAF=1.0	chr20	15033196	F_truthset_61_2	MATEID=truthset_61_1;SVLEN=13219;SVTYPE=DEL;SUPP_SEQ=ILL,ONT,PB;SUPP_VAL=PCR,CAPTURE;GENE=MACROD2;CLUSTER=truthset_60;VAF=1.0	DEL	13219	1.0	F_Unknown source_116	['A_Severus_v1.2_110', 'B_Severus_v1.6_119', 'C_Severus_v1.6_478', 'D_Severus_v1.6_98', 'E_Severus_v1.6_300', 'F_Unknown source_116']	True	True	True	True	True	True
chr22	33363263	F_truthset_63_1	MATEID=truthset_63_2;SVLEN=79150;SVTYPE=DEL;SUPP_SEQ=ILL,ONT,PB,10X;SUPP_VAL=PCR,CAPTURE,BIONANO;GENE=LARGE;CLUSTER=.;VAF=1.0	chr22	33442413	F_truthset_63_2	MATEID=truthset_63_1;SVLEN=79150;SVTYPE=DEL;SUPP_SEQ=ILL,ONT,PB,10X;SUPP_VAL=PCR,CAPTURE,BIONANO;GENE=LARGE;CLUSTER=.;VAF=1.0	DEL	79150	1.0	F_Unknown source_123	['A_Severus_v1.2_116', 'B_Severus_v1.6_123', 'C_Severus_v1.6_505', 'D_Severus_v1.6_102', 'E_Severus_v1.6_312', 'F_Unknown source_123']	True	True	True	True	True	True
chrX	31178826	F_truthset_64_1	MATEID=truthset_64_2;SVLEN=19268;SVTYPE=DEL;SUPP_SEQ=ILL,ONT,PB,10X;SUPP_VAL=PCR,CAPTURE,BIONANO;GENE=DMD;CLUSTER=.;VAF=1.0	chrX	31198094	F_truthset_64_2	MATEID=truthset_64_1;SVLEN=19268;SVTYPE=DEL;SUPP_SEQ=ILL,ONT,PB,10X;SUPP_VAL=PCR,CAPTURE,BIONANO;GENE=DMD;CLUSTER=.;VAF=1.0	DEL	19268	1.0	F_Unknown source_125	['A_Severus_v1.2_118', 'B_Severus_v1.6_124', 'C_Severus_v1.6_515', 'D_Severus_v1.6_106', 'E_Severus_v1.6_320', 'F_Unknown source_125']	True	True	True	True	True	True
chrX	31283086	F_truthset_65_1	MATEID=truthset_65_2;SVLEN=737547;SVTYPE=DEL;SUPP_SEQ=ILL,ONT,PB,10X;SUPP_VAL=PCR,CAPTURE;GENE=DMD;CLUSTER=.;VAF=1.0	chrX	32020633	F_truthset_65_2	MATEID=truthset_65_1;SVLEN=737547;SVTYPE=DEL;SUPP_SEQ=ILL,ONT,PB,10X;SUPP_VAL=PCR,CAPTURE;GENE=DMD;CLUSTER=.;VAF=1.0	DEL	737547	1.0	F_Unknown source_127	['A_Severus_v1.2_120', 'B_Severus_v1.6_125', 'C_Severus_v1.6_516', 'D_Severus_v1.6_107', 'E_Severus_v1.6_321', 'F_Unknown source_127']	True	True	True	True	True	True
chrX	32059738	F_truthset_66_1	MATEID=truthset_66_2;SVLEN=215242;SVTYPE=DEL;SUPP_SEQ=ILL,ONT,PB,10X;SUPP_VAL=PCR,CAPTURE,BIONANO;GENE=DMD;CLUSTER=.;VAF=1.0	chrX	32274980	F_truthset_66_2	MATEID=truthset_66_1;SVLEN=215242;SVTYPE=DEL;SUPP_SEQ=ILL,ONT,PB,10X;SUPP_VAL=PCR,CAPTURE,BIONANO;GENE=DMD;CLUSTER=.;VAF=1.0	DEL	215242	1.0	F_Unknown source_129	['A_Severus_v1.2_122', 'B_Severus_v1.6_126', 'C_Severus_v1.6_517', 'D_Severus_v1.6_108', 'E_Severus_v1.6_322', 'F_Unknown source_129']	True	True	True	True	True	True
chrX	32080415	F_truthset_67_1	MATEID=truthset_67_2;SVLEN=102719;SVTYPE=DEL;SUPP_SEQ=ILL,ONT,PB,10X;SUPP_VAL=PCR,CAPTURE,BIONANO;GENE=DMD;CLUSTER=.;VAF=1.0	chrX	32183134	F_truthset_67_2	MATEID=truthset_67_1;SVLEN=102719;SVTYPE=DEL;SUPP_SEQ=ILL,ONT,PB,10X;SUPP_VAL=PCR,CAPTURE,BIONANO;GENE=DMD;CLUSTER=.;VAF=1.0	DEL	102719	1.0	F_Unknown source_130	['A_Severus_v1.2_123', 'B_Severus_v1.6_127', 'C_Severus_v1.6_518', 'D_Severus_v1.6_109', 'E_Severus_v1.6_323', 'F_Unknown source_130']	True	True	True	True	True	True
chrX	34041661	F_truthset_68_1	MATEID=truthset_68_2;SVLEN=2927;SVTYPE=DEL;SUPP_SEQ=ILL,ONT,PB,10X;SUPP_VAL=PCR,CAPTURE,BIONANO;GENE=.;CLUSTER=.;VAF=1.0	chrX	34044588	F_truthset_68_2	MATEID=truthset_68_1;SVLEN=2927;SVTYPE=DEL;SUPP_SEQ=ILL,ONT,PB,10X;SUPP_VAL=PCR,CAPTURE,BIONANO;GENE=.;CLUSTER=.;VAF=1.0	DEL	2927	1.0	F_Unknown source_133	['A_Severus_v1.2_126', 'B_Severus_v1.6_128', 'C_Severus_v1.6_520', 'D_Severus_v1.6_110', 'E_Severus_v1.6_324', 'F_Unknown source_133']	True	True	True	True	True	True
